,2020-03-01,2020-03-08,2020-03-15,2020-03-22,2020-03-29,2020-04-05,2020-04-12,2020-04-19,2020-04-26,2020-05-03,2020-05-10,2020-05-17,2020-05-24,2020-05-31,2020-06-07,2020-06-14,2020-06-21,2020-06-28,2020-07-05,2020-07-12,2020-07-19,2020-07-26,2020-08-02,2020-08-09,2020-08-16,2020-08-23,2020-08-30,2020-09-06,2020-09-13,2020-09-20,2020-09-27,2020-10-04,2020-10-11,2020-10-18,2020-10-25,2020-11-01,2020-11-08,2020-11-15,2020-11-22,2020-11-29,2020-12-06,2020-12-13,2020-12-20,2020-12-27,2021-01-03,2021-01-10,2021-01-17,2021-01-24,2021-01-31,2021-02-07,2021-02-14,2021-02-21,2021-02-28,2021-03-07,2021-03-14,2021-03-21,2021-03-28,2021-04-04,2021-04-11,2021-04-18,2021-04-25,2021-05-02,2021-05-09,2021-05-16,2021-05-23,2021-05-30,2021-06-06,2021-06-13,2021-06-20,2021-06-27,2021-07-04,2021-07-11
0,0.0,0.0,0.0,0.0,4.75,4.25,18.75,21.0,9.5,9.0,9.0,16.5,8.75,4.25,35.5,28.25,44.75,34.25,39.0,20.25,39.25,50.5,100.0,36.5,26.5,36.75,20.75,0.0,4.0,11.25,4.0,0.0,16.75,11.25,3.75,28.0,8.25,0.0,8.25,0.0,0.0,9.5,0.0,4.25,12.75,22.75,32.75,27.75,20.5,25.75,0.0,,,,,,,,,,,,,,,,,,,,,
1,0.0,7.25,0.0,0.0,0.0,10.5,27.75,8.0,19.0,7.5,0.0,7.25,4.75,0.0,11.75,23.75,43.0,2.5,20.0,45.25,51.75,37.75,97.25,83.75,31.0,29.25,22.75,6.75,8.25,13.25,13.25,0.0,13.5,0.0,7.75,18.5,11.5,0.0,0.0,9.25,0.0,17.75,20.0,16.25,3.0,17.5,61.0,0.0,17.75,0.0,16.0,,,,,,,,,,,,,,,,,,,,,
2,0.0,0.0,0.0,0.0,13.25,0.0,18.25,24.75,15.0,9.0,4.75,9.0,8.25,8.5,41.75,21.75,24.75,74.5,35.0,32.0,59.0,64.25,79.75,46.75,43.75,28.25,25.75,0.0,7.0,12.75,4.25,0.0,11.75,0.0,4.75,24.5,0.0,0.0,8.75,0.0,0.0,13.0,4.0,5.0,4.75,17.75,34.0,28.25,17.0,28.75,0.0,,,,,,,,,,,,,,,,,,,,,
3,0.0,0.0,0.0,0.0,11.0,0.0,24.25,20.0,7.0,20.0,3.0,12.5,13.75,2.75,25.25,15.75,34.75,58.25,48.25,37.75,44.5,57.75,90.5,41.25,31.5,45.0,17.0,0.0,0.0,5.0,2.75,0.0,14.0,5.5,0.0,19.25,0.0,0.0,9.75,0.0,0.0,6.0,0.0,12.5,16.0,20.75,26.5,25.5,18.75,14.0,0.0,,,,,,,,,,,,,,,,,,,,,
4,0.0,2.75,0.0,0.0,0.0,2.75,8.0,11.25,14.25,4.0,0.0,6.25,0.0,5.75,7.75,15.0,40.75,7.25,9.0,43.75,35.25,26.5,94.75,78.75,41.75,25.75,16.5,5.0,11.5,6.25,8.25,0.0,6.0,0.0,5.75,12.5,2.25,4.0,0.0,2.75,0.0,2.5,19.0,15.75,4.0,5.25,55.25,0.0,8.5,3.25,20.75,,,,,,,,,,,,,,,,,,,,,
5,0.0,0.0,0.0,0.0,16.5,23.0,40.25,16.25,5.5,20.75,5.5,10.0,0.0,14.0,24.25,23.5,20.5,61.25,39.5,18.5,56.0,74.0,87.25,73.5,45.75,44.75,34.75,0.0,0.0,19.0,8.75,0.0,10.0,9.0,4.5,20.75,4.75,0.0,15.25,0.0,0.0,10.5,11.75,11.75,25.5,10.75,27.5,27.0,14.0,35.25,9.75,,,,,,,,,,,,,,,,,,,,,
6,0.0,0.0,0.0,0.0,16.0,5.25,27.75,26.75,22.75,20.25,9.75,17.25,5.25,17.0,26.25,16.25,38.25,75.0,38.75,31.5,59.0,45.25,75.75,46.75,37.75,44.75,28.25,6.5,4.0,14.25,13.25,0.0,9.0,0.0,8.75,25.25,0.0,3.5,5.25,3.25,0.0,4.75,5.5,8.0,24.25,30.75,22.25,32.25,38.25,26.0,9.5,,,,,,,,,,,,,,,,,,,,,
7,0.0,4.5,0.0,0.0,0.0,0.0,7.0,0.0,24.0,0.0,0.0,14.75,10.5,8.5,8.75,24.0,54.0,12.5,14.5,34.25,31.0,25.0,99.75,80.75,58.25,13.25,29.25,18.25,5.5,9.5,24.25,0.0,15.75,0.0,8.5,13.5,4.25,4.5,0.0,4.25,0.0,9.25,27.25,17.25,4.75,17.0,46.0,0.0,21.0,12.5,23.75,,,,,,,,,,,,,,,,,,,,,
8,0.0,11.75,0.0,0.0,0.0,0.0,9.0,5.0,21.75,0.0,0.0,8.0,4.5,18.25,18.5,18.0,46.0,18.0,10.5,46.0,49.5,37.0,100.0,72.5,59.5,34.0,26.5,24.75,4.0,19.25,15.0,0.0,3.25,0.0,7.5,17.75,4.25,8.0,0.0,11.0,0.0,4.75,5.0,28.0,21.5,15.0,16.75,0.0,22.0,3.75,10.5,,,,,,,,,,,,,,,,,,,,,
9,0.0,3.75,0.0,4.25,5.75,4.25,40.5,15.5,13.5,9.5,14.0,9.0,9.25,8.0,30.25,15.5,39.25,44.0,32.25,30.0,67.5,75.5,77.25,75.0,22.0,50.0,29.75,0.0,11.5,19.75,11.75,0.0,0.0,8.5,7.75,17.5,8.75,0.0,4.0,3.75,8.25,11.0,0.0,4.5,0.0,15.0,8.5,10.25,13.75,28.75,7.5,,,,,,,,,,,,,,,,,,,,,
10,0.0,0.0,0.0,0.0,29.75,0.0,0.0,37.0,6.25,22.5,17.25,5.25,27.5,14.75,21.0,5.0,81.25,75.0,52.25,39.5,55.5,66.0,91.5,82.25,40.0,63.25,38.0,0.0,10.0,0.0,4.75,0.0,11.0,10.5,0.0,5.5,11.5,0.0,0.0,0.0,0.0,0.0,0.0,13.0,10.75,40.0,25.0,23.25,47.75,32.75,11.5,,,,,,,,,,,,,,,,,,,,,
11,0.0,7.5,0.0,0.0,0.0,4.5,23.0,10.25,19.5,0.0,8.0,16.5,9.0,7.5,22.75,26.0,30.5,15.25,33.5,30.0,39.25,65.75,100.0,66.75,45.75,33.5,17.75,7.0,0.0,11.0,0.0,0.0,12.5,8.5,3.75,25.75,12.75,11.25,5.5,0.0,7.75,14.25,0.0,9.0,20.5,15.25,27.25,19.5,19.5,20.0,18.0,,,,,,,,,,,,,,,,,,,,,
12,0.0,0.0,12.75,8.5,12.75,32.0,22.75,13.0,18.0,0.0,19.5,7.75,15.25,10.75,41.5,7.25,15.5,11.5,11.25,0.0,45.25,55.75,90.25,30.5,21.75,17.25,3.5,0.0,7.0,21.25,7.0,0.0,0.0,17.75,19.25,4.25,0.0,15.0,11.5,0.0,16.0,0.0,0.0,0.0,12.25,33.25,4.5,62.75,11.5,6.5,14.75,,,,,,,,,,,,,,,,,,,,,
13,0.0,3.75,0.0,0.0,0.0,12.0,25.5,41.75,9.5,0.0,4.5,18.75,0.0,18.25,26.5,35.25,37.0,39.0,61.5,59.75,72.25,46.25,87.5,51.25,14.5,39.0,9.0,0.0,0.0,13.5,7.0,0.0,21.5,4.0,3.75,8.75,10.5,0.0,4.25,0.0,0.0,15.5,4.5,9.25,19.0,12.0,44.0,16.25,10.0,19.5,10.5,,,,,,,,,,,,,,,,,,,,,
14,0.0,0.0,0.0,0.0,0.0,12.0,21.75,42.5,5.25,4.25,8.75,19.0,8.25,22.25,22.75,32.25,33.5,47.5,69.25,42.0,56.0,71.25,78.5,46.0,15.0,46.75,12.5,0.0,0.0,10.0,3.75,0.0,18.0,4.0,0.0,13.25,10.5,0.0,8.5,0.0,0.0,11.5,0.0,5.0,19.25,9.0,40.75,16.25,22.0,19.75,14.5,,,,,,,,,,,,,,,,,,,,,
15,0.0,4.25,0.0,0.0,4.25,4.25,8.5,8.75,27.0,7.5,0.0,12.0,3.75,9.75,15.25,18.0,41.5,11.75,14.25,41.5,53.5,44.5,86.25,69.75,48.75,34.25,34.0,10.5,3.5,14.25,6.75,3.5,6.5,3.25,7.0,3.75,3.75,11.75,3.75,4.0,7.75,12.5,4.75,14.5,12.25,20.0,47.75,8.0,3.75,10.0,29.5,8.5,,,,,,,,,,,,,,,,,,,,
16,0.0,0.0,0.0,0.0,0.0,0.0,4.0,17.25,12.0,3.5,0.0,18.5,3.75,21.25,7.0,13.75,55.0,33.0,32.5,24.5,40.5,29.5,100.0,35.25,40.5,36.25,30.0,3.0,0.0,10.0,3.25,0.0,6.5,7.0,3.25,11.75,0.0,3.5,0.0,0.0,0.0,16.25,9.5,4.0,23.0,23.5,37.5,12.75,7.5,19.75,17.25,,,,,,,,,,,,,,,,,,,,,
17,0.0,0.0,0.0,0.0,5.0,5.0,17.0,11.75,12.5,11.75,0.0,4.0,8.75,16.5,14.5,8.0,41.0,23.25,20.5,32.25,46.25,47.5,86.25,50.5,59.25,22.0,34.75,3.5,6.0,0.0,0.0,0.0,10.0,0.0,4.25,11.75,11.0,4.0,6.5,4.0,0.0,11.0,4.75,7.5,13.5,11.75,28.5,21.5,21.75,14.75,10.5,10.0,,,,,,,,,,,,,,,,,,,,
18,,4.25,0.0,0.0,0.0,4.25,8.5,8.75,31.5,7.5,0.0,12.0,0.0,6.25,16.0,25.0,41.75,8.0,21.75,52.75,61.0,34.0,86.25,66.75,55.75,37.75,30.75,10.5,0.0,18.25,3.25,0.0,13.75,0.0,3.25,12.0,3.75,11.75,0.0,7.75,0.0,16.75,13.75,19.0,12.25,12.0,48.0,0.0,3.75,7.0,33.25,8.5,,,,,,,,,,,,,,,,,,,,
19,,0.0,0.0,9.75,8.75,20.5,30.25,25.0,0.0,4.0,10.5,14.25,21.75,11.0,49.0,20.5,15.75,7.5,12.5,16.25,52.0,49.75,93.5,61.75,18.25,14.75,10.75,0.0,7.75,7.25,3.5,3.5,0.0,3.25,8.75,4.0,7.5,13.25,15.75,0.0,16.0,0.0,4.5,0.0,24.25,37.75,29.0,36.25,12.0,22.0,15.0,0.0,,,,,,,,,,,,,,,,,,,,
20,,0.0,0.0,0.0,5.75,16.0,35.25,11.0,26.5,10.25,5.5,10.5,10.5,23.0,18.5,21.5,59.25,48.5,42.25,73.5,51.25,56.25,100.0,83.75,48.75,54.5,12.25,8.0,8.75,17.25,4.25,0.0,23.25,4.75,0.0,20.75,4.5,0.0,0.0,4.5,0.0,5.75,17.0,22.25,0.0,20.25,37.75,11.5,23.75,18.25,20.75,11.75,,,,,,,,,,,,,,,,,,,,
21,,0.0,0.0,0.0,10.0,4.5,15.25,10.5,16.0,14.25,4.5,17.75,0.0,11.25,46.25,17.0,30.0,55.25,54.0,24.25,77.5,72.5,76.5,38.5,20.0,49.0,11.25,0.0,4.0,17.0,0.0,0.0,21.5,12.25,8.5,26.75,12.75,0.0,12.5,0.0,0.0,19.5,21.25,15.25,32.0,18.25,10.0,38.75,0.0,33.5,0.0,18.0,,,,,,,,,,,,,,,,,,,,
22,,0.0,0.0,0.0,8.5,8.0,3.5,8.75,20.5,4.5,3.5,10.5,3.0,6.75,25.0,16.75,11.0,30.75,37.0,19.5,51.5,47.5,100.0,41.5,24.0,26.0,19.5,2.5,2.75,7.0,3.25,0.0,14.75,7.25,14.25,19.75,11.0,0.0,7.75,0.0,0.0,13.5,20.0,16.25,20.75,18.75,29.75,13.0,12.25,17.0,8.75,9.25,,,,,,,,,,,,,,,,,,,,
23,,3.0,0.0,0.0,0.0,6.5,21.0,7.25,16.0,7.5,0.0,6.5,7.75,7.0,22.0,20.25,34.75,7.5,19.0,42.5,39.0,24.0,100.0,72.5,46.0,29.0,28.0,9.75,4.0,6.5,5.5,0.0,13.0,0.0,5.75,3.75,2.75,0.0,0.0,0.0,0.0,4.75,21.75,18.5,3.5,6.25,23.75,0.0,21.5,0.0,14.0,2.75,,,,,,,,,,,,,,,,,,,,
24,,7.75,0.0,0.0,0.0,5.0,16.75,4.0,24.75,0.0,0.0,10.75,10.25,3.25,7.75,38.75,37.25,20.75,35.75,39.5,64.75,55.5,64.75,91.0,64.5,44.5,32.25,6.5,6.25,13.25,14.75,0.0,13.5,0.0,11.25,7.5,7.0,0.0,0.0,11.0,0.0,3.75,18.0,13.75,3.75,7.25,43.25,0.0,17.75,0.0,27.75,20.5,,,,,,,,,,,,,,,,,,,,
25,,0.0,0.0,0.0,15.5,11.0,20.75,13.75,4.5,9.0,9.0,10.25,14.5,9.25,22.0,13.5,29.25,46.25,39.75,38.0,40.75,65.5,96.5,42.75,20.75,46.75,45.0,0.0,3.5,11.75,3.5,0.0,11.75,4.0,8.75,11.25,4.25,0.0,0.0,0.0,0.0,15.75,5.0,9.75,21.75,30.0,32.75,20.25,30.75,27.75,4.25,15.75,,,,,,,,,,,,,,,,,,,,
26,,3.5,3.5,0.0,10.25,11.75,21.75,3.25,13.25,3.75,9.0,11.75,6.5,6.5,33.75,9.5,14.25,6.0,16.0,28.25,65.25,45.75,91.75,55.25,25.25,27.0,33.25,3.25,4.0,7.5,8.5,0.0,0.0,5.75,9.25,8.0,10.75,0.0,0.0,3.5,6.5,3.75,19.0,9.25,17.25,37.5,27.5,16.25,3.5,8.25,6.25,9.75,,,,,,,,,,,,,,,,,,,,
27,,12.25,0.0,0.0,0.0,8.5,13.5,4.0,18.5,12.5,0.0,8.0,4.25,7.75,16.75,28.0,45.25,18.25,32.25,26.25,44.5,39.25,100.0,80.25,58.0,49.0,27.75,7.0,3.0,11.25,12.25,0.0,11.75,0.0,0.0,9.0,0.0,0.0,0.0,4.25,0.0,9.25,23.5,13.5,8.5,21.5,38.5,0.0,42.75,6.5,19.5,3.0,,,,,,,,,,,,,,,,,,,,
28,,0.0,0.0,0.0,15.25,25.0,44.25,18.75,8.0,13.5,10.0,12.25,14.25,10.5,17.5,21.75,53.5,63.0,70.5,41.5,74.25,39.25,90.25,43.75,57.0,23.5,33.75,0.0,5.0,13.5,4.0,0.0,22.0,15.0,0.0,20.0,5.5,0.0,4.5,0.0,0.0,15.5,8.5,5.25,24.75,15.0,27.5,35.5,29.25,42.0,11.75,10.75,,,,,,,,,,,,,,,,,,,,
29,,0.0,0.0,0.0,23.0,11.5,17.5,28.5,0.0,6.0,10.25,5.75,16.75,8.75,20.5,17.0,41.5,49.0,39.75,18.75,72.0,69.75,50.5,76.75,37.5,30.0,29.75,3.75,3.75,13.5,8.25,0.0,7.75,5.25,4.5,4.5,11.0,0.0,5.0,0.0,0.0,10.5,13.0,12.75,26.5,20.0,35.0,24.0,43.0,12.25,8.0,15.0,,,,,,,,,,,,,,,,,,,,
30,,,0.0,0.0,15.0,0.0,20.25,19.25,6.25,4.75,3.75,20.0,14.25,21.5,27.25,4.5,38.5,60.0,24.0,45.5,56.5,58.25,96.25,33.0,67.0,36.75,19.75,0.0,4.25,21.75,3.5,0.0,12.75,12.5,3.75,21.0,10.0,0.0,13.5,0.0,0.0,21.25,0.0,6.25,26.25,24.5,30.5,57.25,29.0,38.0,9.75,33.0,0.0,,,,,,,,,,,,,,,,,,,
31,,0.0,5.0,6.5,37.25,49.25,46.5,10.25,5.25,15.5,15.0,4.5,24.5,15.5,72.5,17.25,22.5,14.0,15.5,18.75,74.75,75.0,89.0,47.25,25.25,17.0,29.75,0.0,10.0,13.75,4.25,13.75,0.0,9.5,18.0,11.5,21.0,16.25,15.25,0.0,21.25,0.0,13.0,0.0,24.75,65.25,21.5,32.0,4.5,26.0,17.25,0.0,0.0,,,,,,,,,,,,,,,,,,,
32,,6.5,0.0,0.0,0.0,0.0,14.0,5.0,16.5,0.0,0.0,13.25,3.0,6.75,15.0,15.0,45.5,7.5,10.25,28.25,47.25,28.5,86.75,70.75,51.75,27.25,29.0,2.75,5.75,10.25,5.5,0.0,12.0,0.0,6.25,4.75,7.75,5.75,0.0,5.25,0.0,5.75,27.75,17.75,7.0,18.25,15.25,0.0,21.25,0.0,9.25,2.25,8.0,,,,,,,,,,,,,,,,,,,
33,,0.0,0.0,0.0,15.0,4.5,24.5,22.25,10.75,12.75,3.75,14.5,7.75,23.5,25.75,12.0,40.75,55.5,29.75,46.25,49.0,55.75,96.25,35.75,42.5,25.25,26.75,0.0,7.75,23.75,7.25,0.0,12.75,12.5,3.75,21.0,4.75,0.0,17.25,0.0,0.0,9.5,4.75,0.0,15.0,27.0,22.25,39.5,20.75,32.25,9.75,27.75,0.0,,,,,,,,,,,,,,,,,,,
34,,,0.0,0.0,21.5,6.25,27.75,14.0,14.75,16.0,7.0,10.25,17.75,20.5,4.25,35.75,55.5,45.5,40.75,16.0,43.5,84.0,79.0,50.5,69.25,47.25,52.75,0.0,10.0,6.5,15.25,0.0,0.0,10.0,4.25,24.5,7.0,0.0,11.0,0.0,0.0,33.0,23.5,7.75,41.5,19.25,35.75,39.75,18.75,43.75,11.0,15.0,4.5,,,,,,,,,,,,,,,,,,,
35,,,0.0,0.0,21.25,12.75,21.75,12.5,17.25,11.0,14.5,19.5,14.25,10.0,27.25,15.25,33.25,71.25,43.75,28.75,73.0,51.25,77.0,54.0,53.5,31.0,39.0,0.0,3.5,13.5,9.75,0.0,24.0,5.0,9.0,11.25,5.5,0.0,9.25,0.0,0.0,19.75,6.75,4.25,16.75,21.0,36.75,25.75,14.0,16.75,10.5,28.0,7.5,,,,,,,,,,,,,,,,,,,
36,,,0.0,0.0,35.0,4.25,15.5,27.25,6.25,21.5,3.75,11.5,9.0,20.75,26.0,23.5,51.75,66.5,37.75,47.5,66.0,41.0,81.75,76.75,36.0,53.5,14.0,0.0,0.0,20.75,3.5,0.0,26.0,0.0,10.25,12.25,11.5,0.0,0.0,0.0,0.0,18.5,12.75,10.0,20.75,25.75,47.25,47.25,37.75,29.5,0.0,44.25,9.25,,,,,,,,,,,,,,,,,,,
37,,,5.0,8.75,9.25,16.0,24.25,10.25,11.5,0.0,17.5,16.25,16.25,11.5,26.25,26.25,20.5,30.25,8.75,10.75,61.5,93.75,73.0,49.5,10.75,19.25,4.5,0.0,11.0,12.25,8.25,8.0,0.0,9.0,11.75,3.25,7.5,12.5,7.75,0.0,10.25,0.0,3.5,0.0,9.5,37.0,13.25,39.5,0.0,21.5,20.75,0.0,0.0,,,,,,,,,,,,,,,,,,,
38,,,4.25,0.0,4.5,8.25,9.0,3.25,6.25,8.5,0.0,24.0,24.75,0.0,30.5,15.25,39.0,25.25,13.25,44.5,56.0,56.25,89.5,41.75,37.0,32.5,19.25,5.25,3.75,14.5,9.0,3.75,9.5,8.0,3.0,3.25,9.25,4.0,0.0,5.25,0.0,4.75,6.5,8.75,17.25,16.25,31.0,18.0,17.0,7.5,26.25,4.5,2.25,,,,,,,,,,,,,,,,,,,
39,,,0.0,0.0,7.5,3.5,20.0,4.0,10.25,6.5,0.0,9.5,15.75,6.75,9.75,15.25,32.25,63.75,34.5,27.0,57.0,49.5,57.5,38.5,38.75,40.0,18.75,0.0,2.5,6.0,8.0,0.0,16.5,11.25,6.75,13.5,3.0,0.0,6.5,0.0,0.0,12.75,0.0,6.5,20.25,12.5,23.25,18.0,21.5,15.75,0.0,18.25,2.25,,,,,,,,,,,,,,,,,,,
40,,,0.0,0.0,11.0,0.0,0.0,36.25,16.75,10.0,0.0,9.25,4.25,17.75,23.5,23.5,39.0,40.5,66.25,27.75,49.25,70.5,93.25,60.75,35.0,34.0,24.0,0.0,8.5,8.5,4.5,0.0,4.0,17.5,4.75,20.25,14.25,0.0,9.5,0.0,0.0,11.0,5.5,11.75,9.25,11.75,37.0,21.75,13.25,38.75,8.75,12.25,0.0,,,,,,,,,,,,,,,,,,,
41,,,0.0,0.0,22.0,7.75,40.75,19.25,5.25,9.0,4.5,14.25,8.75,15.0,32.25,26.0,44.0,74.5,45.5,31.5,60.25,60.0,100.0,65.5,47.75,40.5,44.5,0.0,6.0,12.5,10.5,0.0,15.0,14.0,15.5,12.0,8.75,0.0,4.25,0.0,0.0,19.0,13.5,15.25,9.0,35.75,12.5,35.0,23.25,33.25,11.0,15.25,9.0,,,,,,,,,,,,,,,,,,,
42,,,,0.0,16.0,5.0,17.5,15.75,8.0,15.25,9.0,7.25,15.0,11.0,25.5,11.25,60.75,66.25,36.5,31.25,70.5,61.0,62.25,36.0,38.75,43.0,23.75,0.0,10.25,15.0,4.25,0.0,17.25,2.5,9.5,24.75,7.5,0.0,18.0,0.0,0.0,17.75,5.5,7.5,14.5,18.5,31.5,36.0,23.5,23.5,2.75,23.0,7.5,0.0,,,,,,,,,,,,,,,,,,
43,,,,8.5,3.75,24.5,61.0,11.75,5.75,0.0,15.75,23.75,25.5,4.5,41.75,18.25,15.75,5.25,12.75,21.25,59.75,85.5,83.5,60.75,28.5,25.5,20.25,0.0,4.25,10.75,10.25,5.0,0.0,13.75,5.25,6.0,0.0,18.25,4.5,0.0,10.75,0.0,5.5,0.0,25.75,30.25,27.25,47.0,10.5,16.0,18.0,0.0,0.0,3.75,,,,,,,,,,,,,,,,,,
44,,,,0.0,16.25,5.0,17.5,15.75,8.0,15.0,9.0,7.25,15.0,11.0,25.75,11.5,61.25,66.25,36.75,31.25,70.5,60.75,62.25,36.0,38.5,43.0,23.5,0.0,10.25,15.0,4.25,0.0,17.25,2.75,9.25,24.5,7.5,0.0,18.25,0.0,0.0,18.0,5.5,7.5,14.5,18.5,31.25,36.0,23.5,23.5,2.75,22.75,7.5,0.0,,,,,,,,,,,,,,,,,,
45,,,,0.0,16.25,5.0,17.5,16.0,7.75,15.0,9.0,7.25,15.0,11.0,25.75,11.5,61.25,66.25,37.0,30.5,70.0,61.0,62.25,36.0,38.75,42.75,23.25,0.0,10.25,15.0,4.25,0.0,17.25,2.75,9.0,24.5,7.5,0.0,18.5,0.0,0.0,17.25,5.5,7.25,14.75,18.25,31.75,36.25,23.75,23.5,2.75,22.75,7.5,0.0,,,,,,,,,,,,,,,,,,
46,,,,0.0,11.75,3.75,14.5,20.0,14.5,3.25,3.5,21.5,8.0,11.75,16.25,4.0,41.25,54.75,26.25,22.25,70.0,65.75,83.75,40.5,41.5,34.25,25.0,0.0,4.0,12.25,0.0,0.0,15.5,3.75,8.0,12.5,3.25,0.0,4.75,0.0,0.0,12.75,8.75,4.75,16.25,19.75,33.75,14.5,15.75,22.25,4.5,23.0,0.0,0.0,,,,,,,,,,,,,,,,,,
47,,,,0.0,8.75,25.25,58.25,10.5,5.25,13.0,8.25,14.0,7.75,0.0,45.25,20.5,12.25,7.75,10.75,15.5,79.5,79.0,87.75,41.75,10.0,16.25,42.0,0.0,7.25,17.25,7.5,7.5,0.0,8.5,17.25,0.0,9.0,3.25,9.25,0.0,17.25,0.0,14.75,0.0,21.5,41.75,21.75,37.25,0.0,14.75,8.5,0.0,0.0,0.0,,,,,,,,,,,,,,,,,,
48,,,,0.0,4.75,0.0,8.75,14.25,13.0,10.5,15.5,10.75,3.0,11.25,15.25,13.75,46.5,56.0,29.0,17.0,29.75,48.25,82.0,30.5,45.0,28.5,20.5,0.0,0.0,2.75,6.25,0.0,11.75,2.75,10.25,20.0,7.5,0.0,10.5,0.0,0.0,8.25,0.0,0.0,23.0,14.25,26.75,17.25,16.0,8.75,8.0,18.25,3.5,0.0,,,,,,,,,,,,,,,,,,
49,,,,0.0,0.0,14.5,5.25,8.5,14.75,4.5,0.0,12.75,4.5,12.25,15.5,38.25,59.0,12.0,15.0,39.25,30.5,43.5,99.75,64.5,45.75,40.5,20.5,11.5,11.25,24.5,12.25,0.0,12.75,0.0,0.0,8.75,0.0,4.5,0.0,3.75,0.0,9.5,21.25,4.5,12.5,29.5,52.25,0.0,35.25,4.0,19.75,13.0,9.5,3.0,,,,,,,,,,,,,,,,,,
50,,,,0.0,30.75,10.75,26.5,20.5,21.75,9.0,0.0,4.5,19.25,4.5,18.0,26.5,49.5,52.75,48.25,22.25,62.25,65.25,95.0,47.75,25.5,36.75,32.5,0.0,8.25,8.75,8.5,0.0,4.5,8.25,4.75,9.75,9.5,0.0,5.0,0.0,0.0,25.0,5.5,5.5,19.25,29.5,20.5,30.0,22.5,43.25,9.0,28.5,7.5,0.0,,,,,,,,,,,,,,,,,,
51,,,,0.0,0.0,5.25,7.5,9.25,21.5,4.5,0.0,16.5,4.5,4.25,8.25,24.75,42.0,17.25,19.0,42.75,40.25,27.25,100.0,50.5,37.75,50.0,32.25,14.0,6.5,10.5,11.25,0.0,3.75,0.0,10.75,14.25,2.5,9.0,0.0,7.0,0.0,4.75,14.0,24.5,9.25,5.5,34.0,0.0,30.25,3.75,27.0,5.25,6.5,7.0,,,,,,,,,,,,,,,,,,
52,,,,0.0,5.0,16.0,23.25,26.25,12.0,4.75,0.0,5.0,14.5,8.0,27.0,14.0,29.0,59.25,55.5,22.5,17.75,65.0,77.0,58.0,37.5,45.0,33.5,0.0,9.0,13.25,9.0,0.0,14.0,8.25,9.5,40.25,5.0,0.0,13.5,0.0,0.0,20.5,10.75,5.5,14.25,19.25,15.5,10.5,26.25,20.5,3.75,17.5,12.25,0.0,,,,,,,,,,,,,,,,,,
53,,,,,0.0,10.0,22.0,13.5,15.0,3.25,0.0,15.25,3.25,6.5,23.75,22.75,40.25,8.5,18.0,53.25,71.0,45.0,86.5,69.5,66.5,33.5,21.75,10.75,6.25,15.25,15.25,0.0,8.25,0.0,3.25,13.75,3.25,6.75,0.0,8.75,0.0,0.0,16.0,28.5,0.0,8.75,37.75,0.0,22.75,2.75,15.0,9.5,16.5,9.25,12.75,,,,,,,,,,,,,,,,,
54,,,,,0.0,4.25,21.5,7.75,4.0,3.5,0.0,11.5,3.5,11.0,10.0,17.25,32.5,9.75,10.25,34.5,53.0,29.5,88.0,84.75,35.25,41.25,8.75,3.0,3.0,25.5,10.0,0.0,7.5,0.0,7.0,11.25,6.75,3.5,0.0,8.0,0.0,3.75,19.25,22.5,7.5,23.75,31.0,0.0,14.25,5.75,19.75,9.5,9.0,9.25,2.75,,,,,,,,,,,,,,,,,
55,,,,,0.0,3.5,13.25,0.0,15.25,4.5,0.0,19.5,4.25,12.25,20.0,18.0,40.5,7.0,11.25,57.5,42.25,43.75,97.75,74.75,30.25,32.0,25.0,0.0,0.0,31.5,8.5,0.0,8.5,0.0,4.25,4.75,8.25,3.0,0.0,7.25,0.0,0.0,25.75,28.5,4.5,18.0,33.0,0.0,28.0,3.75,19.0,10.25,12.5,6.75,3.25,,,,,,,,,,,,,,,,,
56,,,,,11.25,6.25,47.75,17.75,0.0,4.25,4.25,21.75,34.75,3.75,50.25,10.25,20.0,18.0,14.0,26.0,63.25,70.5,78.75,43.5,19.5,20.25,40.0,0.0,10.75,4.25,0.0,10.0,0.0,8.0,20.5,5.75,8.75,15.25,15.0,0.0,0.0,0.0,0.0,0.0,16.5,38.75,22.5,43.25,0.0,16.5,21.75,0.0,0.0,3.25,4.0,,,,,,,,,,,,,,,,,
57,,,,,6.75,10.5,14.75,17.25,7.75,13.5,12.0,22.0,9.25,0.0,21.5,21.5,32.5,71.75,50.0,42.75,48.75,46.0,94.0,40.75,27.75,40.75,18.25,0.0,4.75,11.0,3.5,0.0,17.75,0.0,11.5,25.0,5.25,0.0,2.75,0.0,0.0,26.0,6.25,9.25,34.25,12.5,36.0,21.75,22.25,31.25,5.25,24.5,7.25,0.0,0.0,,,,,,,,,,,,,,,,,
58,,,,,0.0,3.5,14.5,9.25,24.0,0.0,0.0,19.0,0.0,6.75,25.0,16.75,34.75,14.5,20.5,38.0,48.75,41.25,86.5,74.5,51.25,40.25,19.75,2.75,2.75,13.75,7.0,0.0,8.75,0.0,7.0,15.25,3.0,7.25,0.0,6.0,0.0,17.0,24.0,13.75,11.0,8.75,40.25,0.0,23.0,10.0,20.0,5.5,12.25,2.5,2.25,,,,,,,,,,,,,,,,,
59,,,,,14.0,0.0,29.5,26.75,6.5,13.25,10.0,5.5,10.75,0.0,26.25,10.75,37.0,53.0,56.75,31.75,35.25,61.75,90.0,48.25,35.75,45.25,13.75,0.0,2.75,15.0,4.0,0.0,18.25,0.0,3.0,13.75,8.25,0.0,8.25,0.0,0.0,5.75,3.5,12.5,30.25,15.5,16.5,44.75,27.5,31.25,4.25,29.25,3.5,0.0,0.0,,,,,,,,,,,,,,,,,
60,,,,,5.0,12.0,37.25,17.25,10.75,4.5,14.0,15.25,3.75,13.25,39.0,23.5,10.25,23.25,7.75,18.25,62.5,75.75,83.5,51.0,14.25,20.0,38.5,0.0,5.25,17.75,12.25,4.5,0.0,17.25,15.0,0.0,0.0,19.75,20.0,0.0,15.75,0.0,12.25,0.0,19.5,34.5,21.25,29.5,9.25,21.5,0.0,0.0,0.0,11.75,20.25,,,,,,,,,,,,,,,,,
61,,,,,7.75,0.0,23.25,17.0,9.75,10.5,0.0,15.0,11.5,3.75,18.5,12.25,38.75,30.5,21.5,32.5,52.25,44.25,84.25,71.5,42.5,62.0,18.75,2.75,0.0,13.5,6.75,0.0,7.0,4.0,4.25,28.75,7.75,0.0,0.0,0.0,0.0,12.5,9.5,4.75,11.25,19.0,32.5,13.25,31.75,6.75,12.75,18.0,3.25,3.25,7.75,,,,,,,,,,,,,,,,,
62,,,,,0.0,5.25,18.25,12.5,31.0,7.75,0.0,20.5,8.25,4.25,3.75,32.25,46.25,17.25,10.25,52.25,52.0,24.25,96.0,58.75,64.75,45.75,20.75,7.0,3.25,22.0,15.25,0.0,6.5,0.0,8.5,16.25,6.5,3.75,0.0,7.25,0.0,7.75,14.25,21.5,15.25,23.0,47.0,0.0,33.0,7.0,16.75,6.5,6.25,3.5,5.25,,,,,,,,,,,,,,,,,
63,,,,,,10.5,20.0,18.25,9.75,13.5,0.0,8.75,13.5,3.5,33.25,15.75,34.0,83.25,29.5,28.0,48.75,65.25,57.25,57.0,41.0,41.5,35.25,0.0,3.75,13.5,8.5,0.0,8.75,4.0,8.75,18.0,4.5,0.0,3.75,0.0,0.0,8.75,5.75,0.0,17.5,13.0,23.5,44.75,24.75,17.75,8.5,20.0,7.25,0.0,0.0,10.5,,,,,,,,,,,,,,,,
64,,,,,0.0,0.0,4.5,9.75,43.25,4.75,0.0,14.0,9.75,17.75,19.0,48.75,45.75,9.0,7.25,71.25,52.75,41.5,90.25,70.25,55.75,62.75,27.25,15.25,8.5,24.0,4.0,0.0,13.25,0.0,9.0,5.75,8.25,5.25,0.0,0.0,0.0,9.25,38.25,21.75,5.75,0.0,37.75,0.0,14.0,4.0,26.75,14.5,7.25,0.0,17.25,3.25,,,,,,,,,,,,,,,,
65,,,,,,5.5,23.75,17.25,8.5,4.5,0.0,4.25,4.5,7.0,28.0,18.75,32.25,61.5,24.25,30.25,43.75,68.0,59.25,60.5,60.75,40.0,33.75,7.0,7.25,9.25,12.5,0.0,4.5,4.0,12.5,13.25,3.75,0.0,3.25,0.0,0.0,12.75,15.25,4.75,13.0,3.75,34.5,25.0,11.75,17.25,11.75,15.75,10.25,0.0,6.0,13.5,,,,,,,,,,,,,,,,
66,,,,,,10.0,7.25,25.25,4.75,14.75,3.5,9.0,12.25,12.0,22.5,12.25,33.5,63.5,44.0,25.25,61.25,46.0,86.5,35.5,42.75,44.25,22.0,0.0,5.5,15.5,0.0,0.0,14.5,0.0,7.75,14.5,11.5,0.0,0.0,0.0,0.0,5.5,10.0,18.0,18.5,13.75,15.25,24.25,19.25,35.5,3.75,21.0,3.25,0.0,0.0,22.5,,,,,,,,,,,,,,,,
67,,,,,,3.5,19.75,24.75,0.0,6.75,0.0,6.5,13.75,8.5,11.75,24.0,32.5,58.75,65.0,27.25,31.25,64.0,49.5,48.0,47.5,35.75,31.75,0.0,8.25,21.5,3.0,0.0,12.25,0.0,8.5,22.75,10.25,0.0,8.0,0.0,0.0,6.75,3.75,3.5,21.0,12.25,16.5,28.25,27.25,45.0,3.25,16.5,6.5,0.0,0.0,12.0,,,,,,,,,,,,,,,,
68,,,,,,19.75,28.0,17.75,14.0,8.75,3.25,20.75,12.0,8.25,16.25,16.75,67.75,44.5,38.75,27.5,45.75,51.5,59.5,50.5,23.0,56.5,23.0,0.0,4.75,16.5,3.0,0.0,3.0,0.0,6.75,14.0,8.25,0.0,8.25,0.0,0.0,8.0,12.0,0.0,19.25,15.0,19.5,27.25,11.75,37.75,3.5,24.0,7.0,0.0,0.0,0.0,,,,,,,,,,,,,,,,
69,,,,,,12.5,13.25,5.0,14.5,0.0,0.0,11.5,0.0,12.0,14.5,48.0,21.0,4.5,15.5,44.0,31.0,28.5,96.75,64.75,50.0,62.0,26.75,3.0,4.25,19.5,10.25,0.0,11.75,0.0,0.0,8.75,4.25,3.25,0.0,12.75,0.0,0.0,5.25,9.5,8.5,16.25,42.5,0.0,0.0,4.0,20.5,6.0,7.25,0.0,9.5,2.75,,,,,,,,,,,,,,,,
70,,,,,,6.0,5.5,24.25,12.5,5.25,11.25,5.25,15.5,5.5,41.5,26.25,65.75,38.0,35.75,41.5,54.5,84.0,65.25,58.25,45.25,54.0,20.5,0.0,5.0,6.0,10.25,0.0,11.5,5.5,0.0,18.5,6.25,0.0,11.25,0.0,0.0,5.5,0.0,7.25,22.25,24.0,30.0,54.25,31.25,28.75,4.75,22.25,12.75,0.0,0.0,22.5,,,,,,,,,,,,,,,,
71,,,,,,9.0,33.5,15.75,9.25,12.25,0.0,8.75,0.0,15.75,18.75,10.5,19.25,66.25,35.75,27.25,58.25,71.5,84.5,37.0,28.5,22.75,22.75,0.0,4.75,6.25,6.25,0.0,9.5,8.0,6.5,13.0,0.0,0.0,8.5,0.0,0.0,19.25,10.25,14.0,21.0,15.75,36.75,23.0,18.75,27.0,0.0,7.75,6.5,0.0,0.0,16.0,,,,,,,,,,,,,,,,
72,,,,,,14.25,37.5,19.75,4.5,26.0,11.25,8.0,16.25,14.5,26.5,26.5,56.0,71.75,54.0,32.5,69.0,64.5,90.25,60.5,21.0,62.25,30.0,0.0,3.5,10.0,6.25,0.0,6.5,3.5,5.5,27.75,20.75,0.0,0.0,0.0,0.0,11.75,12.75,14.5,22.25,12.0,22.0,21.5,9.5,16.5,0.0,10.0,3.0,0.0,0.0,16.0,,,,,,,,,,,,,,,,
73,,,,,,,10.75,7.75,11.5,6.25,0.0,17.0,3.75,12.0,13.0,27.75,41.5,9.75,16.25,31.75,32.5,24.25,84.75,80.25,48.5,31.5,23.5,3.5,0.0,18.75,15.5,0.0,5.75,0.0,9.75,6.5,6.75,0.0,0.0,3.25,0.0,3.25,16.0,16.25,3.25,24.5,37.25,0.0,16.5,5.25,9.5,5.0,5.5,3.25,5.5,10.75,6.25,,,,,,,,,,,,,,,
74,,,,,,,33.75,13.5,0.0,4.0,4.5,13.25,8.0,3.5,32.75,17.0,16.25,11.75,11.75,13.0,70.0,48.75,83.75,39.0,23.75,25.75,36.75,0.0,0.0,14.75,7.5,0.0,0.0,8.0,15.75,5.25,4.75,16.5,4.0,0.0,8.75,0.0,5.75,0.0,0.0,51.75,14.75,51.75,4.25,10.0,4.25,0.0,0.0,6.75,5.75,3.75,18.75,,,,,,,,,,,,,,,
75,,,,,,,8.0,3.5,16.75,7.0,0.0,13.25,10.75,13.5,10.5,25.75,37.75,6.5,24.75,42.25,30.25,33.75,100.0,67.75,34.25,47.25,28.25,10.25,3.5,14.0,10.25,0.0,3.5,0.0,2.75,10.5,3.75,0.0,0.0,7.5,0.0,7.25,0.0,21.0,0.0,15.0,28.0,0.0,17.75,0.0,11.0,4.75,11.0,9.0,3.0,6.0,0.0,,,,,,,,,,,,,,,
76,,,,,,,38.0,14.25,4.0,0.0,17.75,13.0,19.25,8.25,24.25,15.25,20.25,0.0,10.75,24.25,71.0,55.0,87.25,66.0,9.75,20.25,31.0,0.0,11.5,12.0,0.0,6.5,0.0,18.25,16.25,8.0,9.0,7.0,3.5,0.0,16.25,0.0,10.75,0.0,21.25,41.0,23.75,36.25,5.25,28.5,8.75,0.0,0.0,7.0,9.5,4.25,17.75,,,,,,,,,,,,,,,
77,,,,,,,9.5,3.5,25.5,7.0,0.0,18.75,6.75,10.0,15.5,27.25,36.5,7.75,17.5,52.75,45.5,32.75,98.75,71.0,46.25,51.25,27.0,6.75,4.75,15.25,11.5,0.0,3.5,0.0,2.75,10.5,8.75,0.0,0.0,3.75,0.0,12.75,6.0,21.0,5.75,11.0,26.75,0.0,14.0,4.25,10.0,8.75,15.25,10.25,7.0,3.0,0.0,,,,,,,,,,,,,,,
78,,,,,,,21.5,20.25,15.0,23.5,13.75,13.75,23.25,8.0,25.0,27.25,30.5,34.75,48.5,31.5,55.75,63.5,85.0,43.25,38.5,22.25,27.0,0.0,5.0,13.0,3.0,0.0,9.5,7.75,4.75,37.75,4.75,0.0,5.25,0.0,0.0,12.5,10.25,15.25,15.5,27.75,36.5,18.75,14.5,26.25,9.5,18.25,6.5,0.0,0.0,21.0,7.25,,,,,,,,,,,,,,,
79,,,,,,,19.25,14.25,5.25,15.25,4.5,8.5,14.25,12.0,20.0,25.75,48.0,73.5,35.25,16.75,66.25,52.75,77.0,42.75,45.5,50.25,35.25,0.0,3.5,13.25,7.75,0.0,8.0,16.5,8.5,8.0,0.0,0.0,8.25,0.0,0.0,4.75,0.0,6.0,19.75,15.25,29.25,33.75,20.5,27.25,4.25,31.75,0.0,0.0,0.0,19.5,12.75,,,,,,,,,,,,,,,
80,,,,,,,12.25,0.0,19.25,4.25,0.0,10.5,7.25,3.25,16.5,29.5,49.5,6.0,18.5,38.75,48.25,48.5,74.5,73.0,28.0,30.5,26.5,6.5,2.75,9.75,19.0,0.0,9.0,0.0,3.25,7.5,0.0,3.75,0.0,3.0,0.0,3.5,24.5,11.75,3.25,17.0,17.75,0.0,26.0,2.75,26.5,5.0,10.5,0.0,7.5,3.25,3.0,,,,,,,,,,,,,,,
81,,,,,,,10.5,20.75,0.0,20.25,11.0,21.25,9.75,10.25,40.0,33.75,52.75,66.25,22.5,43.0,39.5,61.25,80.0,51.0,27.25,34.75,25.25,0.0,9.0,24.5,5.0,0.0,8.5,4.75,14.25,14.5,5.5,0.0,5.25,0.0,0.0,22.25,18.5,5.5,16.0,25.5,27.75,11.0,24.0,25.0,5.25,19.25,4.25,0.0,0.0,28.5,4.0,,,,,,,,,,,,,,,
82,,,,,,,28.25,17.25,4.5,18.5,3.75,11.75,16.5,11.0,25.5,27.75,41.75,64.5,61.25,31.0,43.0,41.5,74.25,57.75,47.5,36.25,20.5,0.0,0.0,7.25,0.0,0.0,11.0,10.0,0.0,10.75,20.0,0.0,0.0,0.0,0.0,4.75,0.0,14.25,24.5,23.75,58.25,29.75,34.5,18.75,15.25,10.25,8.0,0.0,0.0,12.75,8.75,,,,,,,,,,,,,,,
83,,,,,,,38.25,31.5,16.5,13.25,0.0,12.25,19.0,4.5,34.5,10.0,41.0,63.5,48.0,39.25,64.0,58.75,84.5,32.0,24.25,52.25,31.0,0.0,0.0,3.5,5.0,0.0,0.0,3.5,13.0,26.5,5.5,0.0,8.5,0.0,0.0,11.75,22.25,11.5,13.25,29.0,14.5,25.0,40.25,32.75,4.75,7.5,10.75,0.0,0.0,19.5,8.25,,,,,,,,,,,,,,,
84,,,,,,,33.0,20.0,8.75,3.5,14.5,8.25,25.25,4.25,27.75,24.25,9.25,11.25,2.75,7.0,52.0,95.0,85.0,37.75,16.25,25.5,16.75,0.0,2.5,7.5,8.0,4.25,0.0,5.75,15.0,12.75,11.5,6.5,9.0,0.0,15.5,0.0,14.5,0.0,20.5,46.5,19.25,15.25,7.5,22.25,2.75,0.0,0.0,8.0,10.5,3.75,25.0,0.0,,,,,,,,,,,,,,
85,,,,,,,3.75,6.5,17.25,4.0,0.0,23.5,7.5,8.75,16.0,16.25,46.5,4.0,29.5,12.0,26.5,34.0,100.0,46.75,33.5,62.25,22.75,7.0,5.0,12.75,0.0,0.0,3.75,0.0,7.0,8.0,2.0,0.0,0.0,5.75,0.0,2.25,2.5,30.5,4.25,30.25,18.0,0.0,19.75,3.25,38.75,6.25,7.25,2.5,1.5,2.75,3.0,0.0,,,,,,,,,,,,,,
86,,,,,,,,9.25,9.0,9.0,18.25,8.25,21.5,4.75,41.5,7.75,30.5,6.5,12.75,22.25,80.0,64.75,96.0,35.0,21.25,18.75,26.0,0.0,7.5,19.5,0.0,11.75,0.0,20.25,11.5,3.5,8.25,8.5,6.75,0.0,21.5,0.0,11.75,0.0,14.0,49.5,33.75,45.0,5.25,29.75,16.0,0.0,0.0,4.25,2.5,3.75,23.0,0.0,,,,,,,,,,,,,,
87,,,,,,,,2.25,17.5,4.0,0.0,18.5,3.75,11.25,15.0,13.75,39.25,9.0,21.25,13.25,25.5,26.25,100.0,42.0,39.5,56.0,21.5,5.75,7.25,11.5,5.0,0.0,0.0,0.0,5.75,8.0,4.5,0.0,0.0,5.75,0.0,2.25,2.5,24.75,3.0,22.5,19.75,0.0,15.0,5.5,32.5,8.25,6.25,2.5,3.5,2.75,5.5,0.0,,,,,,,,,,,,,,
88,,,,,,,,2.25,17.5,4.0,0.0,18.75,3.75,11.25,15.0,13.5,39.5,8.75,20.5,13.25,25.0,25.5,100.0,41.5,39.0,55.25,21.25,5.5,7.0,11.25,5.0,0.0,0.0,0.0,5.75,8.0,4.5,0.0,0.0,5.75,0.0,2.25,2.5,24.75,3.0,22.5,19.75,0.0,14.5,5.5,32.25,8.25,6.0,2.5,3.5,2.75,5.5,0.0,,,,,,,,,,,,,,
89,,,,,,,,19.0,19.0,11.75,10.75,12.25,17.25,6.5,11.75,25.75,58.25,78.75,49.25,46.5,40.5,78.0,70.0,79.0,35.5,38.75,22.75,0.0,9.25,19.25,9.0,0.0,19.5,8.25,0.0,11.25,12.25,0.0,6.25,0.0,0.0,7.0,5.75,0.0,27.0,6.0,26.25,41.0,28.25,21.75,16.5,19.0,5.0,0.0,0.0,20.75,10.25,0.0,,,,,,,,,,,,,,
90,,,,,,,,13.25,10.5,17.75,0.0,12.25,0.0,8.75,26.5,8.25,64.25,73.75,58.5,28.0,46.5,52.0,93.5,38.25,46.75,43.25,25.25,0.0,7.75,3.75,3.5,0.0,13.0,4.25,5.0,13.5,4.5,0.0,5.0,0.0,0.0,19.5,4.5,11.0,8.25,33.5,5.5,28.75,30.75,24.25,7.75,23.25,10.5,0.0,0.0,15.0,11.5,3.5,,,,,,,,,,,,,,
91,,,,,,,,31.75,13.5,16.5,18.5,23.75,11.75,5.5,26.75,11.75,53.75,81.0,60.25,42.75,57.0,61.0,60.75,68.5,67.25,60.25,39.25,0.0,9.0,16.25,4.25,0.0,10.75,6.0,10.0,30.5,11.25,0.0,4.75,0.0,0.0,5.25,0.0,12.5,12.5,22.75,24.5,54.25,33.5,20.5,16.0,25.75,8.75,0.0,0.0,4.5,15.25,10.0,,,,,,,,,,,,,,
92,,,,,,,,3.25,12.75,3.75,0.0,10.25,6.5,3.25,18.0,29.0,28.5,2.75,6.25,37.25,35.25,14.25,93.0,63.75,43.0,30.25,21.5,5.5,7.0,21.75,12.75,0.0,9.0,0.0,6.25,7.25,10.25,3.25,0.0,6.5,0.0,0.0,25.75,15.25,3.5,30.25,35.75,0.0,26.0,5.5,25.75,5.25,5.25,3.0,2.0,5.0,2.5,8.25,,,,,,,,,,,,,,
93,,,,,,,,11.25,24.75,11.5,0.0,12.25,2.5,6.75,18.0,26.75,29.5,9.75,10.5,31.75,49.5,13.5,100.0,56.0,29.5,47.5,21.0,8.0,0.0,12.5,9.75,0.0,7.0,0.0,7.0,3.5,6.25,6.25,0.0,3.25,0.0,4.0,23.25,23.5,7.5,17.5,33.5,0.0,18.75,3.25,21.5,2.0,11.25,3.0,3.0,5.5,7.0,5.75,,,,,,,,,,,,,,
94,,,,,,,,10.75,0.0,14.75,10.5,4.5,24.5,5.0,4.75,23.75,52.0,67.25,37.5,41.25,31.0,55.75,72.0,51.75,44.25,71.25,34.5,0.0,8.5,0.0,0.0,0.0,9.25,4.0,14.75,11.0,5.0,0.0,14.5,0.0,0.0,31.5,18.0,11.5,20.0,30.0,21.75,30.5,13.75,28.25,19.0,11.5,7.75,0.0,0.0,8.0,9.25,8.0,,,,,,,,,,,,,,
95,,,,,,,,,18.75,7.25,0.0,10.0,3.75,11.25,16.0,19.0,51.25,4.75,29.75,32.5,41.0,28.25,98.0,82.5,61.75,39.25,15.0,18.75,3.5,12.0,18.25,0.0,15.0,0.0,3.25,13.75,7.0,8.25,0.0,0.0,0.0,8.75,10.5,23.5,0.0,15.25,42.5,0.0,20.0,6.5,18.0,15.5,3.0,3.0,14.75,9.75,6.25,7.0,12.5,,,,,,,,,,,,,
96,,,,,,,,,10.0,4.0,7.75,14.0,17.25,3.5,36.75,26.25,13.0,3.75,9.25,26.25,75.0,77.5,95.5,36.5,20.75,21.25,29.5,0.0,4.75,13.5,4.75,8.25,0.0,11.25,13.25,9.0,5.0,8.75,23.25,0.0,4.0,0.0,5.25,0.0,15.0,47.0,31.0,32.5,8.5,15.75,8.5,0.0,0.0,0.0,16.75,7.0,21.25,0.0,4.25,,,,,,,,,,,,,
97,,,,,,,,,5.25,18.5,5.5,12.0,5.25,9.0,13.5,20.0,38.75,62.0,20.25,24.75,45.25,41.25,80.75,70.25,36.25,47.25,35.0,0.0,11.25,8.0,0.0,0.0,13.25,11.25,12.0,8.0,0.0,0.0,0.0,0.0,0.0,10.0,5.5,9.25,13.75,10.0,43.25,39.5,13.25,19.0,4.0,21.25,10.0,0.0,0.0,8.0,0.0,3.75,7.0,,,,,,,,,,,,,
98,,,,,,,,,11.5,14.5,4.25,19.75,4.25,0.0,44.75,12.25,72.75,91.25,47.75,43.75,49.0,74.0,74.75,73.25,44.5,47.0,22.75,0.0,3.75,8.0,0.0,0.0,15.5,15.0,4.0,20.25,11.25,0.0,4.25,0.0,0.0,0.0,13.25,5.0,4.5,39.5,34.75,23.75,23.0,15.5,4.25,9.75,9.0,0.0,0.0,21.75,6.0,4.5,0.0,,,,,,,,,,,,,
99,,,,,,,,,6.0,15.0,4.75,0.0,9.0,9.25,18.25,22.75,60.5,44.25,39.0,16.75,72.75,81.0,73.0,60.75,61.5,50.5,48.5,0.0,0.0,17.0,3.75,0.0,22.0,16.0,19.25,5.5,9.5,0.0,0.0,0.0,0.0,26.25,22.75,6.25,4.75,20.5,31.0,26.0,27.0,44.25,9.5,10.0,11.0,0.0,0.0,28.25,4.25,7.75,3.0,,,,,,,,,,,,,
100,,,,,,,,,21.5,5.75,0.0,17.0,3.5,6.25,15.25,25.25,37.75,11.5,16.0,46.5,48.25,33.75,95.5,78.25,55.5,56.25,27.0,3.0,8.0,18.25,11.75,0.0,14.75,0.0,3.5,7.25,0.0,0.0,0.0,6.5,0.0,3.5,23.25,36.75,19.0,16.0,44.0,0.0,20.0,0.0,16.25,16.25,7.0,7.0,5.0,5.25,11.0,7.25,9.25,,,,,,,,,,,,,
101,,,,,,,,,22.5,8.0,0.0,32.75,4.5,0.0,27.75,30.5,53.75,20.0,21.75,35.5,62.5,25.0,85.25,85.0,68.75,31.0,19.5,8.75,11.0,13.75,9.5,0.0,10.25,0.0,4.5,34.75,0.0,9.25,0.0,3.0,0.0,4.75,14.25,15.25,10.5,22.0,37.5,0.0,16.25,8.25,21.25,5.75,7.25,6.25,9.5,0.0,8.75,4.25,3.75,,,,,,,,,,,,,
102,,,,,,,,,7.75,7.25,0.0,14.5,3.75,6.5,10.5,27.0,40.0,3.5,27.5,31.75,23.5,25.75,92.0,67.75,45.0,31.75,22.0,12.75,3.25,9.75,7.0,0.0,3.75,0.0,3.75,4.0,0.0,0.0,0.0,0.0,0.0,3.5,26.0,13.0,12.25,19.0,28.25,0.0,21.0,3.25,10.75,11.0,8.75,5.25,3.0,8.75,6.5,6.25,5.75,,,,,,,,,,,,,
103,,,,,,,,,5.25,13.25,7.0,15.5,20.0,0.0,24.0,30.0,28.0,55.5,40.75,32.0,41.5,50.25,92.5,60.25,30.0,68.5,35.75,0.0,10.0,8.75,7.75,0.0,29.5,10.0,3.75,17.25,4.75,0.0,6.75,0.0,0.0,9.75,5.5,5.25,16.0,20.25,33.0,52.75,14.0,34.75,11.0,34.75,12.25,0.0,0.0,10.75,18.25,12.0,5.5,,,,,,,,,,,,,
104,,,,,,,,,4.25,3.5,11.0,8.0,14.0,6.75,55.25,6.25,25.75,6.75,14.0,10.25,75.25,91.25,72.0,33.0,13.25,19.0,24.75,0.0,10.5,6.0,0.0,6.75,0.0,13.25,14.5,4.25,4.0,7.25,13.75,0.0,11.0,0.0,4.75,0.0,19.0,45.0,8.25,22.75,4.0,16.5,7.25,0.0,0.0,9.0,8.25,3.25,20.5,0.0,2.5,0.0,,,,,,,,,,,,
105,,,,,,,,,10.75,15.5,10.75,10.25,13.5,12.5,43.5,38.25,46.75,52.75,44.25,32.75,45.0,65.5,86.75,60.5,54.5,34.5,33.5,0.0,9.5,18.25,8.0,0.0,6.0,4.0,10.0,4.5,4.5,0.0,15.0,0.0,0.0,23.75,5.25,0.0,9.0,10.75,14.5,37.25,33.0,27.75,10.25,35.0,8.75,0.0,0.0,12.25,7.75,3.5,7.0,,,,,,,,,,,,,
106,,,,,,,,,12.0,21.5,5.5,20.5,15.0,0.0,24.5,24.0,68.75,42.75,47.25,19.25,59.25,59.5,98.5,56.0,40.0,47.5,27.0,0.0,4.0,14.75,4.75,0.0,14.5,8.5,5.25,5.75,5.25,0.0,9.5,0.0,0.0,21.75,6.25,0.0,15.0,21.0,28.5,22.5,30.0,26.5,5.25,19.0,7.75,0.0,0.0,24.75,12.75,0.0,4.25,0.0,,,,,,,,,,,,
107,,,,,,,,,,5.5,24.5,14.25,22.75,7.25,47.0,11.25,11.25,31.25,8.5,18.75,96.75,68.25,59.75,47.25,12.0,19.5,22.75,0.0,5.25,17.75,10.0,0.0,0.0,11.0,9.0,3.5,0.0,20.5,3.25,0.0,14.5,0.0,15.75,0.0,14.0,39.75,20.75,18.75,0.0,30.25,8.0,0.0,0.0,8.0,4.25,7.25,15.75,0.0,6.0,0.0,,,,,,,,,,,,
108,,,,,,,,,,10.0,0.0,10.75,18.25,11.25,14.5,13.75,38.5,80.25,41.75,25.25,61.0,59.0,86.25,58.0,51.0,45.25,35.25,0.0,12.75,15.5,4.25,0.0,11.0,0.0,20.25,26.25,5.25,0.0,5.25,0.0,0.0,5.0,0.0,10.5,17.5,5.0,17.5,42.25,23.25,9.5,4.5,35.25,0.0,0.0,0.0,17.75,23.5,9.5,4.25,0.0,,,,,,,,,,,,
109,,,,,,,,,,8.75,0.0,12.75,11.25,4.0,33.0,24.25,34.25,65.25,51.5,42.0,42.75,38.5,70.75,42.0,43.0,41.25,15.5,0.0,11.5,8.0,3.5,0.0,7.75,4.75,12.75,12.5,8.75,0.0,11.75,0.0,0.0,14.25,4.5,4.5,9.5,22.25,27.5,14.5,39.0,18.0,3.75,10.0,3.0,0.0,0.0,17.25,8.0,7.75,3.0,0.0,,,,,,,,,,,,
110,,,,,,,,,,25.75,10.5,17.25,23.25,16.0,8.75,36.25,36.0,66.0,52.5,35.25,71.0,85.0,93.75,66.5,69.75,67.0,20.5,0.0,12.25,6.5,5.0,0.0,12.5,5.0,8.75,34.5,9.0,0.0,5.5,0.0,0.0,11.0,20.5,6.25,3.75,31.0,11.75,36.0,27.0,35.5,9.0,30.75,8.5,0.0,0.0,37.25,8.0,3.0,5.25,0.0,,,,,,,,,,,,
111,,,,,,,,,,3.25,0.0,30.75,0.0,17.25,11.5,24.5,42.5,19.75,6.75,33.25,38.75,22.75,100.0,57.75,49.25,51.25,26.75,21.75,5.75,16.0,10.25,0.0,12.5,0.0,3.0,16.0,5.0,9.75,0.0,12.5,0.0,3.25,14.75,16.0,16.25,37.25,53.25,0.0,27.75,3.75,20.75,6.5,4.75,10.25,6.25,0.0,4.0,8.75,7.25,0.0,,,,,,,,,,,,
112,,,,,,,,,,4.75,0.0,19.0,0.0,4.5,20.0,29.5,31.75,43.25,53.75,30.75,49.0,56.75,84.25,55.5,32.75,54.75,32.5,0.0,4.25,13.5,8.0,0.0,18.5,6.0,0.0,21.25,0.0,0.0,8.5,0.0,0.0,16.25,6.0,7.75,19.75,15.0,31.25,37.75,41.25,32.5,14.75,20.5,0.0,0.0,0.0,19.0,21.0,3.75,3.75,0.0,,,,,,,,,,,,
113,,,,,,,,,,7.75,0.0,26.0,3.0,14.0,17.75,21.5,53.25,10.25,18.0,29.25,57.75,19.25,91.25,61.5,53.0,46.25,19.5,16.75,2.75,7.5,11.5,0.0,11.0,0.0,6.75,8.25,7.25,0.0,0.0,0.0,0.0,4.25,26.25,19.75,12.0,12.25,41.75,0.0,15.5,7.0,11.25,8.75,4.75,6.5,13.5,5.5,6.25,3.0,5.75,2.75,,,,,,,,,,,,
114,,,,,,,,,,9.75,0.0,14.5,9.5,8.75,22.75,24.75,51.5,79.0,58.75,27.0,46.5,64.5,80.25,56.5,49.0,27.75,19.5,0.0,0.0,11.25,0.0,0.0,13.25,8.25,4.25,18.5,0.0,0.0,14.75,0.0,0.0,18.0,6.75,10.5,11.0,20.0,27.0,20.25,33.0,24.75,4.25,23.0,0.0,0.0,0.0,21.0,17.25,3.75,8.5,0.0,,,,,,,,,,,,
115,,,,,,,,,,4.75,9.25,0.0,6.75,5.0,51.75,25.75,6.75,11.75,20.0,18.25,79.75,75.25,92.25,64.75,22.25,19.0,37.25,0.0,10.5,26.5,9.25,4.25,0.0,13.0,25.5,0.0,5.75,4.25,14.5,0.0,24.0,0.0,11.5,0.0,7.25,55.0,17.5,64.0,4.5,21.75,4.25,0.0,0.0,4.5,0.0,0.0,19.75,0.0,7.0,0.0,3.5,,,,,,,,,,,
116,,,,,,,,,,0.0,5.25,6.0,5.25,3.0,21.0,19.25,43.0,61.75,37.0,21.5,27.75,43.0,90.0,69.0,34.5,41.0,52.0,2.5,2.75,19.0,10.5,0.0,11.25,4.75,5.0,19.0,5.0,0.0,3.25,0.0,0.0,8.5,0.0,20.25,12.0,15.25,27.5,23.0,15.0,12.5,8.0,16.5,10.25,2.25,2.25,18.5,16.0,0.0,2.25,2.25,16.0,,,,,,,,,,,
117,,,,,,,,,,17.75,0.0,5.25,15.25,4.25,24.0,26.5,44.75,68.5,38.25,42.25,41.0,55.0,94.75,60.5,19.5,28.0,36.75,0.0,4.75,7.5,5.0,0.0,16.0,12.75,9.25,24.5,8.5,0.0,3.25,0.0,0.0,18.75,0.0,0.0,9.25,24.0,31.75,35.0,25.0,29.25,3.25,18.25,0.0,0.0,0.0,11.0,17.25,0.0,3.5,0.0,10.25,,,,,,,,,,,
118,,,,,,,,,,,0.0,0.0,10.0,4.25,19.0,36.5,39.25,73.5,43.0,42.25,36.0,64.75,85.0,47.25,34.0,32.5,41.5,0.0,4.75,17.75,9.75,0.0,26.0,8.0,9.5,18.75,8.5,0.0,3.25,0.0,0.0,13.0,6.5,0.0,9.0,12.75,31.5,34.75,29.75,24.75,3.25,22.5,0.0,0.0,0.0,15.25,17.75,0.0,3.5,0.0,10.25,,,,,,,,,,,
119,,,,,,,,,,,0.0,0.0,9.75,4.25,19.0,36.25,38.75,72.25,43.0,42.25,36.0,63.75,85.0,46.75,34.0,32.0,40.5,0.0,4.75,17.75,9.75,0.0,25.75,7.75,9.5,18.75,8.75,0.0,3.25,0.0,0.0,13.0,6.5,0.0,9.0,12.75,31.5,35.0,29.25,24.5,3.25,22.25,0.0,0.0,0.0,15.0,17.75,0.0,3.5,0.0,10.0,,,,,,,,,,,
120,,,,,,,,,,,9.25,4.75,25.25,12.25,40.0,12.25,35.5,17.25,4.5,21.25,88.0,74.75,76.75,28.0,23.75,28.75,22.5,0.0,0.0,8.5,0.0,3.5,0.0,0.0,12.75,0.0,4.5,4.5,16.75,0.0,18.0,0.0,11.0,0.0,20.0,38.0,25.0,14.0,9.0,15.25,13.0,0.0,0.0,7.5,3.25,10.5,12.25,0.0,0.0,0.0,9.75,,,,,,,,,,,
121,,,,,,,,,,,11.25,19.5,15.0,4.75,32.75,15.0,97.25,63.75,61.5,48.0,51.5,72.75,81.0,60.5,56.25,62.0,32.25,0.0,17.25,19.75,0.0,0.0,11.5,10.75,14.0,18.25,8.5,0.0,20.5,0.0,0.0,21.5,6.0,15.5,21.0,5.5,51.0,52.25,33.0,30.0,11.0,34.5,9.0,0.0,0.0,14.25,23.25,0.0,9.0,0.0,9.25,,,,,,,,,,,
122,,,,,,,,,,,0.0,16.75,4.0,15.75,20.25,26.0,39.25,8.0,22.75,39.25,34.0,38.5,98.5,68.75,65.25,61.75,21.5,7.5,0.0,15.25,7.5,0.0,8.0,0.0,7.75,0.0,11.25,0.0,0.0,4.0,0.0,3.5,10.0,14.5,8.0,28.25,64.5,0.0,11.25,9.5,30.0,9.25,12.5,0.0,2.5,6.0,7.25,3.25,13.0,2.5,0.0,,,,,,,,,,,
123,,,,,,,,,,,21.0,15.5,3.75,6.0,48.0,30.5,7.5,19.0,3.75,20.25,53.5,78.75,91.75,37.5,33.0,37.75,33.75,0.0,0.0,6.25,6.25,6.25,0.0,13.75,21.25,4.0,0.0,17.5,10.5,0.0,17.5,0.0,7.75,0.0,25.0,49.5,33.75,51.25,11.25,19.25,14.0,0.0,0.0,6.75,5.0,10.75,23.0,0.0,11.75,0.0,7.75,,,,,,,,,,,
124,,,,,,,,,,,9.75,10.25,13.25,0.0,18.0,9.75,70.5,42.25,35.5,39.5,56.25,70.0,88.5,52.25,37.75,60.25,23.5,0.0,4.0,7.75,7.75,0.0,7.25,3.5,0.0,15.5,5.0,0.0,4.25,0.0,0.0,26.25,4.5,5.75,9.25,33.75,25.75,9.5,37.0,26.25,5.0,27.75,11.25,0.0,0.0,19.25,7.5,6.75,11.0,0.0,13.25,,,,,,,,,,,
125,,,,,,,,,,,15.0,4.0,15.25,14.0,15.25,14.75,26.5,14.75,10.75,17.75,53.25,75.25,96.5,19.5,20.0,23.25,16.0,0.0,10.5,10.75,7.0,3.75,0.0,14.0,18.75,0.0,7.75,15.0,7.5,0.0,7.5,0.0,4.0,0.0,16.25,32.75,12.75,32.25,3.75,19.25,11.25,0.0,0.0,3.0,8.0,6.0,26.5,0.0,3.0,0.0,3.0,,,,,,,,,,,
126,,,,,,,,,,,15.0,4.5,9.0,4.25,25.75,24.0,50.5,40.5,40.0,21.75,59.75,36.25,84.25,48.25,40.0,48.25,55.0,0.0,4.0,14.0,9.75,0.0,12.75,9.5,4.25,31.0,8.5,0.0,4.5,0.0,0.0,15.5,5.25,6.75,9.5,24.5,42.75,21.0,27.0,28.0,4.25,23.5,3.5,0.0,0.0,19.25,5.25,8.25,7.0,0.0,7.0,,,,,,,,,,,
127,,,,,,,,,,,0.0,13.5,0.0,18.0,13.25,27.25,62.25,13.0,14.5,40.0,52.0,45.25,92.75,72.25,48.0,44.75,41.25,8.0,4.0,19.5,18.5,0.0,27.25,0.0,0.0,26.25,14.75,4.5,0.0,4.75,0.0,0.0,38.0,17.75,10.25,10.25,58.5,0.0,23.0,7.75,37.0,8.5,15.5,8.0,15.25,4.0,8.75,11.75,7.75,3.75,0.0,,,,,,,,,,,
128,,,,,,,,,,,11.5,15.5,17.0,15.75,15.75,19.75,33.75,61.5,59.0,27.75,82.0,61.25,79.0,36.5,54.0,41.5,39.75,0.0,10.0,9.25,0.0,0.0,9.75,15.25,17.25,32.25,0.0,0.0,18.75,0.0,0.0,0.0,27.25,14.0,41.25,16.75,32.0,12.25,42.0,30.5,0.0,22.5,3.75,0.0,0.0,32.75,14.75,4.25,4.25,0.0,0.0,,,,,,,,,,,
129,,,,,,,,,,,0.0,9.5,4.25,12.0,20.75,16.75,42.0,5.25,18.75,32.75,31.5,25.5,98.0,46.75,38.0,34.0,22.5,11.5,4.75,11.25,3.25,0.0,12.75,0.0,2.0,10.25,9.5,4.25,0.0,6.25,0.0,4.5,6.0,18.75,11.75,8.0,20.75,0.0,16.25,6.5,21.25,8.0,5.75,2.25,0.0,0.0,6.75,2.25,2.25,2.5,0.0,,,,,,,,,,,
130,,,,,,,,,,,8.75,20.75,4.5,5.5,36.75,8.0,27.0,12.25,8.5,14.0,77.75,93.25,75.25,33.5,19.5,21.5,24.5,0.0,9.0,10.75,9.0,0.0,0.0,7.75,12.75,4.75,5.5,16.75,12.75,0.0,3.25,0.0,3.75,0.0,3.25,32.0,20.0,35.5,0.0,18.25,13.0,0.0,0.0,4.25,9.0,0.0,21.5,0.0,8.0,0.0,5.75,20.25,,,,,,,,,,
131,,,,,,,,,,,5.5,14.25,5.25,13.5,13.25,22.75,64.75,85.75,64.5,31.5,62.5,79.0,57.25,42.25,47.25,20.75,20.5,0.0,0.0,4.5,9.0,0.0,5.0,0.0,9.5,25.25,0.0,0.0,4.25,0.0,0.0,25.0,5.5,5.5,9.5,9.75,20.0,32.0,40.5,16.25,4.25,11.25,0.0,0.0,0.0,19.75,8.25,7.25,0.0,0.0,18.0,8.0,,,,,,,,,,
132,,,,,,,,,,,5.25,8.25,8.5,0.0,15.75,10.25,27.5,8.5,13.5,9.5,59.75,92.25,76.25,70.75,22.0,32.0,12.25,0.0,14.0,13.25,10.0,0.0,0.0,12.25,15.5,5.75,8.5,8.75,21.25,0.0,10.25,0.0,10.5,0.0,10.25,53.75,26.0,34.75,0.0,20.75,13.0,0.0,0.0,8.75,7.0,0.0,26.75,0.0,11.25,0.0,11.5,16.0,,,,,,,,,,
133,,,,,,,,,,,12.25,17.25,25.5,11.75,34.25,35.5,35.25,84.25,70.0,42.5,69.25,58.0,82.25,49.0,66.0,77.5,19.0,0.0,6.5,17.5,17.25,0.0,28.25,22.0,0.0,5.75,12.25,0.0,5.25,0.0,0.0,24.25,7.5,14.5,23.25,17.0,39.0,40.0,32.5,56.25,10.25,27.0,11.25,0.0,0.0,19.5,18.75,5.75,5.75,0.0,10.25,9.75,,,,,,,,,,
134,,,,,,,,,,,,7.25,12.25,3.5,27.0,17.5,23.0,12.25,17.0,8.5,45.75,80.5,88.5,64.0,24.5,15.5,14.0,0.0,9.75,20.25,10.0,0.0,0.0,11.5,19.25,5.75,8.5,12.25,25.0,0.0,13.0,0.0,10.5,0.0,5.5,55.5,19.5,32.75,0.0,23.0,8.5,0.0,0.0,11.75,9.75,3.25,26.0,0.0,11.25,0.0,10.75,16.0,,,,,,,,,,
135,,,,,,,,,,,,18.0,26.5,12.25,40.75,30.75,42.0,81.5,52.0,49.0,61.0,65.25,84.75,55.5,47.75,84.75,20.5,0.0,11.75,24.0,12.5,0.0,29.75,22.5,0.0,12.0,13.0,0.0,5.25,0.0,0.0,25.25,7.5,14.5,29.75,24.25,34.75,40.75,23.75,52.5,11.0,29.0,11.25,0.0,0.0,20.25,15.0,10.5,10.25,0.0,19.25,5.75,,,,,,,,,,
136,,,,,,,,,,,,8.25,15.0,0.0,35.5,24.0,34.25,74.5,54.75,13.0,73.75,61.0,83.0,65.25,57.0,66.0,21.75,0.0,8.25,23.25,8.5,0.0,10.5,9.5,4.5,24.5,9.25,0.0,3.75,0.0,0.0,17.0,18.0,5.25,36.75,23.0,21.0,27.5,25.25,22.5,0.0,15.5,3.75,0.0,0.0,16.25,13.5,6.75,0.0,0.0,16.25,5.25,,,,,,,,,,
137,,,,,,,,,,,,26.25,17.25,3.75,30.25,16.75,29.75,3.75,16.25,14.75,57.75,82.0,92.5,30.25,15.25,26.75,32.0,0.0,4.25,4.25,16.0,3.5,0.0,12.5,13.0,5.0,9.5,16.25,16.75,0.0,13.25,0.0,4.5,0.0,17.0,32.75,19.25,31.5,4.0,25.25,16.25,0.0,0.0,3.25,13.25,3.75,25.5,0.0,3.0,0.0,3.0,7.0,,,,,,,,,,
138,,,,,,,,,,,,18.5,8.0,7.25,16.5,29.5,43.75,7.75,11.5,35.75,54.25,45.5,85.75,78.5,38.75,45.25,12.5,17.5,10.0,14.75,8.25,0.0,7.25,0.0,8.25,12.25,0.0,3.0,0.0,4.0,0.0,8.75,22.75,26.5,16.5,10.75,37.75,0.0,6.25,6.75,25.75,9.75,3.5,6.5,11.5,0.0,3.5,3.5,9.0,3.0,0.0,9.25,,,,,,,,,,
139,,,,,,,,,,,,9.5,19.0,5.0,24.75,12.75,51.5,59.5,34.0,22.5,36.5,56.5,99.5,33.25,38.0,29.25,26.5,0.0,12.0,9.25,12.0,0.0,6.25,3.25,3.25,20.5,5.25,0.0,0.0,0.0,0.0,0.0,9.0,9.0,16.25,9.0,3.75,26.75,23.5,19.0,5.0,25.0,2.75,0.0,0.0,10.5,11.0,5.75,5.5,0.0,5.5,6.0,,,,,,,,,,
140,,,,,,,,,,,,8.5,22.75,4.25,36.0,13.75,14.75,10.25,3.75,11.0,67.5,94.25,62.75,43.25,16.75,24.5,36.25,0.0,4.25,0.0,0.0,14.0,0.0,0.0,17.0,0.0,18.75,11.0,4.5,0.0,4.75,0.0,0.0,0.0,19.75,38.0,12.5,58.0,4.5,25.5,4.0,0.0,0.0,0.0,3.0,0.0,16.0,0.0,8.25,0.0,3.25,14.75,,,,,,,,,,
141,,,,,,,,,,,,16.0,16.75,3.5,36.5,17.75,65.75,82.0,43.0,38.5,72.75,68.75,74.75,43.75,66.0,36.5,26.75,0.0,6.0,14.25,6.0,0.0,18.25,3.25,14.0,26.5,7.75,0.0,0.0,0.0,0.0,11.25,8.75,6.75,7.0,52.5,42.0,54.0,44.5,22.0,3.5,17.25,11.75,0.0,0.0,7.5,13.75,19.0,6.0,0.0,10.75,0.0,,,,,,,,,,
142,,,,,,,,,,,,24.25,17.0,0.0,38.0,18.75,14.25,52.25,36.75,17.5,40.5,59.5,87.5,33.25,34.0,64.5,33.0,0.0,10.0,25.0,5.25,0.0,5.25,10.0,10.5,19.75,5.5,0.0,6.0,0.0,0.0,19.0,4.75,4.5,27.5,18.5,28.0,16.75,0.0,22.25,11.0,21.0,4.75,0.0,0.0,20.0,0.0,0.0,8.5,0.0,16.25,3.0,,,,,,,,,,
143,,,,,,,,,,,,0.0,7.75,0.0,35.0,13.5,4.5,3.75,6.75,20.75,69.75,81.25,55.0,30.5,2.5,21.75,29.5,0.0,4.25,10.5,0.0,4.25,0.0,12.75,17.5,0.0,9.75,14.5,16.0,0.0,16.5,0.0,13.5,0.0,14.25,51.5,27.75,45.0,3.75,30.25,11.75,0.0,0.0,3.75,8.25,5.75,26.5,0.0,6.75,0.0,2.0,4.25,3.5,,,,,,,,,
144,,,,,,,,,,,,10.25,24.25,20.75,32.5,47.5,49.25,75.25,47.75,36.25,52.5,77.25,99.25,64.25,19.0,60.5,29.5,0.0,4.75,24.5,9.25,0.0,6.0,10.75,0.0,33.0,8.75,0.0,10.0,0.0,0.0,13.0,0.0,0.0,16.5,17.5,32.75,28.0,47.25,45.75,5.25,9.75,5.5,0.0,0.0,27.0,11.25,8.5,5.25,0.0,19.0,14.25,5.25,,,,,,,,,
145,,,,,,,,,,,,,17.75,4.25,31.5,8.25,14.75,9.5,17.0,4.25,70.0,76.0,100.0,64.0,15.25,16.0,22.5,0.0,0.0,12.75,7.5,7.75,0.0,21.0,13.25,4.75,3.75,15.25,8.0,0.0,18.25,0.0,4.5,0.0,14.5,39.75,28.0,33.25,3.75,19.5,16.75,0.0,0.0,7.0,3.25,7.25,18.75,0.0,3.0,0.0,0.0,14.5,7.25,,,,,,,,,
146,,,,,,,,,,,,,24.25,17.25,25.0,47.5,48.75,75.75,36.5,32.75,56.5,74.25,99.25,67.75,19.0,50.5,33.0,0.0,4.75,21.0,9.25,0.0,6.0,10.75,0.0,29.25,5.0,0.0,6.25,0.0,0.0,17.0,0.0,0.0,16.75,21.5,37.25,28.0,40.0,39.25,5.25,12.75,5.5,0.0,0.0,23.75,11.25,5.5,5.25,0.0,24.75,17.25,5.25,,,,,,,,,
147,,,,,,,,,,,,,24.5,17.5,25.25,47.75,49.5,75.75,37.0,33.75,56.75,74.75,99.5,70.0,19.0,50.5,33.0,0.0,4.75,21.0,9.25,0.0,6.0,10.75,0.0,29.5,5.0,0.0,6.75,0.0,0.0,17.0,0.0,0.0,17.25,22.0,37.25,28.25,40.5,40.25,5.25,13.25,5.5,0.0,0.0,23.75,12.25,5.5,5.25,0.0,24.5,17.5,5.25,,,,,,,,,
148,,,,,,,,,,,,,14.75,7.5,65.25,16.0,8.25,11.25,15.0,11.25,60.0,46.75,95.5,45.25,25.5,21.25,17.0,0.0,3.25,15.5,7.25,4.0,0.0,6.75,18.5,3.75,0.0,8.25,10.75,0.0,4.0,0.0,4.5,0.0,18.75,40.25,13.75,23.75,3.5,22.5,11.25,0.0,0.0,3.0,5.75,0.0,20.75,0.0,5.75,0.0,0.0,21.0,12.5,,,,,,,,,
149,,,,,,,,,,,,,8.25,12.25,40.75,25.0,52.25,57.5,50.5,34.25,50.25,53.75,92.75,41.5,35.0,23.75,19.75,0.0,4.75,12.75,9.0,0.0,9.25,4.25,5.0,14.0,9.5,0.0,4.5,0.0,0.0,19.0,16.0,21.0,23.75,13.0,24.5,28.75,34.0,26.5,4.25,22.0,0.0,0.0,0.0,15.25,4.0,3.5,7.5,0.0,20.0,3.5,7.75,,,,,,,,,
150,,,,,,,,,,,,,3.5,10.75,3.75,24.75,52.0,10.75,20.75,20.5,28.0,22.75,100.0,72.0,43.25,39.75,28.5,17.0,6.5,14.75,10.75,0.0,14.5,0.0,0.0,3.75,7.5,3.75,0.0,7.5,0.0,4.0,8.75,4.5,15.5,19.25,35.75,0.0,18.0,0.0,14.25,8.75,9.0,3.0,5.75,0.0,3.25,3.0,3.25,5.5,0.0,0.0,3.0,,,,,,,,,
151,,,,,,,,,,,,,19.0,5.0,10.5,26.5,30.0,57.0,35.75,27.5,37.75,74.0,90.75,61.75,34.5,53.25,21.75,0.0,2.75,15.25,0.0,0.0,8.0,5.25,5.0,23.5,5.5,0.0,5.5,0.0,0.0,12.25,3.5,10.0,14.5,17.25,24.5,27.25,19.0,23.75,5.25,21.0,4.25,0.0,0.0,16.0,15.25,4.25,6.75,0.0,11.0,0.0,6.75,,,,,,,,,
152,,,,,,,,,,,,,11.25,5.25,25.0,26.75,30.75,73.25,39.0,21.25,52.0,74.75,70.75,71.0,49.25,47.25,25.75,0.0,9.0,22.75,10.5,0.0,4.0,14.0,10.0,33.0,10.5,0.0,4.0,0.0,0.0,19.25,12.0,0.0,21.5,23.25,37.25,25.5,39.25,34.75,4.25,30.5,7.75,0.0,0.0,3.25,14.5,8.25,4.25,0.0,16.0,7.5,6.75,,,,,,,,,
153,,,,,,,,,,,,,24.25,3.75,24.0,28.5,49.5,57.75,32.75,20.0,56.0,65.0,99.25,61.0,27.5,19.25,30.75,0.0,3.5,11.75,7.0,0.0,11.75,3.25,10.0,19.0,9.25,0.0,9.0,0.0,0.0,15.0,6.0,20.75,18.25,13.75,30.75,35.5,37.25,20.25,3.75,8.75,4.25,0.0,0.0,10.5,24.25,4.0,4.25,0.0,7.0,3.0,8.25,,,,,,,,,
154,,,,,,,,,,,,,10.0,17.25,22.5,30.25,53.25,7.25,27.5,56.75,29.75,48.25,90.75,56.25,49.25,40.25,18.5,3.0,10.5,17.0,13.75,0.0,17.25,0.0,7.0,11.75,3.75,3.5,0.0,14.5,0.0,0.0,21.75,26.0,11.0,15.25,39.75,0.0,24.0,6.0,28.5,14.0,12.0,11.75,11.5,0.0,6.25,6.5,12.25,2.75,0.0,2.75,11.0,,,,,,,,,
155,,,,,,,,,,,,,4.25,9.5,23.5,23.5,45.5,60.5,58.25,22.5,41.0,64.5,97.25,68.25,40.75,40.0,16.5,0.0,4.25,14.25,0.0,0.0,23.0,4.75,0.0,20.25,4.5,0.0,0.0,0.0,0.0,10.5,12.0,12.25,14.0,16.0,43.0,43.5,37.25,25.75,9.75,21.25,8.25,0.0,0.0,19.25,21.75,3.75,3.5,0.0,8.0,0.0,3.5,,,,,,,,,
156,,,,,,,,,,,,,8.25,5.0,39.75,12.75,24.5,9.0,22.5,19.25,68.0,83.5,86.25,45.75,14.25,24.5,30.75,0.0,7.25,12.0,7.25,0.0,0.0,15.75,16.0,0.0,13.25,13.0,0.0,0.0,8.75,0.0,11.0,0.0,8.0,70.0,29.75,25.75,8.0,14.5,5.0,0.0,0.0,4.25,9.5,3.75,15.25,0.0,0.0,0.0,3.0,14.75,0.0,11.75,,,,,,,,
157,,,,,,,,,,,,,8.0,5.0,39.75,12.75,24.0,9.0,22.25,19.0,66.5,83.5,85.25,45.0,14.0,24.0,30.75,0.0,7.25,11.75,7.25,0.0,0.0,15.0,16.0,0.0,13.25,13.0,0.0,0.0,8.75,0.0,11.0,0.0,8.0,69.5,28.75,25.75,8.0,14.5,5.0,0.0,0.0,4.25,9.25,3.75,15.25,0.0,0.0,0.0,3.0,14.75,0.0,11.5,,,,,,,,
158,,,,,,,,,,,,,19.25,7.75,33.75,5.25,19.25,7.5,14.25,2.75,35.0,90.0,65.0,51.5,23.0,24.25,27.75,0.0,12.25,19.5,7.75,13.0,0.0,6.75,16.0,9.5,12.25,11.0,6.75,0.0,2.75,0.0,15.75,0.0,19.5,51.25,18.5,28.75,4.75,25.25,11.0,0.0,0.0,11.5,8.25,4.0,20.25,0.0,5.25,0.0,7.25,19.75,0.0,18.25,,,,,,,,
159,,,,,,,,,,,,,11.0,15.0,33.5,31.5,43.25,42.5,38.0,43.5,53.5,72.75,97.75,34.75,27.0,57.0,19.25,0.0,4.0,4.25,10.25,0.0,16.75,12.0,0.0,55.25,0.0,0.0,4.25,0.0,0.0,17.0,11.0,12.75,16.75,28.25,57.5,19.25,28.25,11.5,9.0,17.25,4.0,0.0,0.0,11.5,6.0,4.0,7.25,0.0,8.25,5.25,13.75,0.0,,,,,,,,
160,,,,,,,,,,,,,,7.75,34.25,5.25,19.25,15.5,10.5,2.75,34.75,90.0,66.75,55.25,27.0,24.5,24.5,0.0,12.25,20.0,11.5,13.25,0.0,10.5,12.5,5.25,8.25,11.0,2.75,0.0,11.0,0.0,15.75,0.0,11.25,43.0,18.5,33.0,8.75,22.0,11.0,0.0,0.0,11.75,8.25,7.25,24.0,0.0,2.25,0.0,7.25,23.0,0.0,21.5,,,,,,,,
161,,,,,,,,,,,,,,0.0,43.25,13.25,10.25,4.25,13.25,22.5,72.0,91.5,61.25,36.25,18.0,20.0,35.25,0.0,9.5,17.5,7.75,3.5,0.0,15.5,8.5,10.75,4.5,22.25,4.5,0.0,14.25,0.0,10.25,0.0,25.25,43.75,19.75,43.25,0.0,16.25,9.75,0.0,0.0,3.25,13.5,8.25,28.0,0.0,8.0,0.0,10.0,19.5,14.5,19.75,,,,,,,,
162,,,,,,,,,,,,,,15.0,31.5,33.5,37.0,51.0,50.75,31.0,64.0,74.5,97.75,36.5,43.0,49.25,21.25,0.0,4.0,8.5,4.25,0.0,10.5,6.0,4.5,55.25,0.0,0.0,8.75,0.0,0.0,14.75,11.0,5.0,16.75,37.5,45.5,12.25,34.5,11.5,9.0,12.25,4.0,0.0,0.0,11.5,0.0,4.0,7.25,0.0,6.75,8.75,17.25,0.0,,,,,,,,
163,,,,,,,,,,,,,,5.0,38.0,15.25,66.0,61.0,48.0,35.75,55.75,69.75,89.75,38.0,54.25,41.5,22.0,0.0,3.5,23.0,4.75,0.0,10.5,0.0,14.5,23.5,0.0,0.0,8.0,0.0,0.0,19.75,10.0,4.75,5.25,12.5,47.25,21.0,30.75,35.25,9.0,16.5,3.25,0.0,0.0,20.75,16.0,7.5,0.0,0.0,8.25,7.0,7.5,0.0,,,,,,,,
164,,,,,,,,,,,,,,20.75,5.5,51.0,56.75,12.75,26.75,46.25,44.25,49.25,82.75,69.25,36.0,53.5,27.0,8.5,11.25,24.25,0.0,0.0,17.0,0.0,9.25,10.75,9.5,4.25,0.0,9.5,0.0,0.0,24.75,14.0,12.75,18.75,32.5,0.0,33.25,4.75,10.5,3.0,3.0,10.5,19.25,0.0,8.75,3.5,3.0,7.0,0.0,4.25,0.0,4.25,,,,,,,,
165,,,,,,,,,,,,,,5.75,24.25,29.0,38.75,9.75,13.25,38.5,45.25,26.5,93.25,60.5,45.75,39.5,25.25,5.25,0.0,13.25,14.0,0.0,9.75,0.0,3.25,11.0,3.25,3.0,0.0,0.0,0.0,0.0,16.0,16.25,7.75,10.25,49.0,0.0,15.25,2.75,9.0,5.0,10.25,4.75,14.75,0.0,11.75,0.0,2.5,7.75,0.0,2.75,15.75,0.0,,,,,,,,
166,,,,,,,,,,,,,,11.0,31.5,5.0,70.75,72.0,71.75,35.0,58.75,57.0,92.0,47.0,34.25,32.5,28.0,0.0,4.5,10.75,10.75,0.0,9.75,9.5,0.0,23.5,5.25,0.0,11.25,0.0,0.0,23.75,6.0,11.75,11.75,29.25,42.75,40.25,25.25,18.75,5.0,21.0,4.25,0.0,0.0,22.75,19.25,8.5,5.0,0.0,16.5,5.0,9.0,0.0,,,,,,,,
167,,,,,,,,,,,,,,3.5,12.0,22.25,35.25,59.25,28.25,37.75,42.0,59.0,83.0,41.0,47.75,51.0,40.25,0.0,3.5,15.0,10.25,0.0,9.75,3.5,8.0,20.75,7.5,0.0,10.5,0.0,0.0,21.25,12.5,5.0,11.0,13.0,32.25,36.25,30.75,19.5,6.5,38.25,3.0,0.0,0.0,12.25,3.5,8.25,0.0,0.0,17.5,3.0,10.0,0.0,,,,,,,,
168,,,,,,,,,,,,,,5.0,36.25,15.75,25.25,7.5,11.5,0.0,78.25,71.75,63.5,33.5,20.0,16.75,21.75,0.0,7.75,9.25,0.0,3.75,0.0,8.0,23.5,0.0,3.5,8.75,7.75,0.0,13.75,0.0,0.0,0.0,29.75,56.75,25.75,28.25,0.0,15.0,5.0,0.0,0.0,2.75,7.5,7.25,20.0,0.0,4.25,0.0,2.75,12.25,3.5,22.0,17.75,,,,,,,
169,,,,,,,,,,,,,,0.0,37.5,22.0,33.5,14.0,18.0,0.0,78.25,76.75,68.5,43.5,27.0,18.0,28.75,0.0,7.75,10.5,0.0,3.75,0.0,8.0,12.25,7.0,3.5,3.5,14.5,0.0,15.0,0.0,0.0,0.0,31.25,59.75,13.75,38.25,6.75,16.25,6.5,0.0,0.0,2.75,3.5,7.25,15.0,0.0,5.5,0.0,7.75,9.25,3.5,23.0,19.0,,,,,,,
170,,,,,,,,,,,,,,10.75,17.25,17.5,60.0,8.75,29.0,36.5,44.0,51.75,95.5,77.25,57.5,26.5,26.75,20.75,8.75,8.75,5.25,0.0,4.25,0.0,9.25,19.75,5.25,7.5,0.0,9.25,0.0,0.0,19.75,27.75,23.75,18.75,47.5,0.0,24.75,4.75,29.75,13.25,21.5,6.0,13.75,0.0,3.5,7.5,13.25,6.0,0.0,3.0,11.0,7.25,21.75,,,,,,,
171,,,,,,,,,,,,,,9.5,22.75,8.25,74.25,51.5,47.75,35.0,54.75,58.25,87.5,21.5,30.0,29.25,28.5,0.0,0.0,9.5,4.75,0.0,17.25,8.5,9.5,9.0,3.75,0.0,14.5,0.0,0.0,15.5,6.0,9.5,9.25,42.25,25.75,36.25,34.0,42.25,12.75,17.25,4.25,0.0,0.0,10.75,17.25,0.0,14.5,0.0,9.75,0.0,14.0,0.0,30.25,,,,,,,
172,,,,,,,,,,,,,,,35.25,4.75,88.0,53.0,43.25,43.75,68.75,65.0,74.75,39.0,35.0,42.5,36.75,0.0,0.0,9.5,4.75,0.0,13.75,8.5,9.5,19.25,6.5,0.0,14.5,0.0,0.0,15.5,14.0,13.0,5.25,44.0,28.75,47.0,35.25,46.0,15.25,14.25,9.5,0.0,0.0,7.75,17.25,5.5,16.5,0.0,12.0,0.0,18.25,0.0,29.25,,,,,,,
173,,,,,,,,,,,,,,,39.25,29.75,28.75,14.5,10.25,16.75,70.25,88.5,95.0,45.0,16.0,13.0,24.0,0.0,0.0,7.5,0.0,9.5,0.0,19.75,17.25,11.0,6.5,17.0,10.0,0.0,14.5,0.0,8.0,0.0,19.0,30.25,27.25,49.75,6.5,18.0,9.75,0.0,0.0,0.0,12.75,2.75,21.75,0.0,8.0,0.0,0.0,20.0,6.0,12.0,14.5,,,,,,,
174,,,,,,,,,,,,,,,35.25,5.0,88.0,54.0,43.75,44.25,68.75,65.75,75.0,39.0,35.75,42.5,36.75,0.0,0.0,9.75,4.75,0.0,14.0,8.75,9.5,19.5,6.5,0.0,14.5,0.0,0.0,16.25,14.0,13.0,5.5,44.5,28.5,47.75,35.5,46.5,15.5,14.5,9.5,0.0,0.0,8.0,18.0,5.5,16.75,0.0,12.25,0.0,18.25,0.0,29.5,,,,,,,
175,,,,,,,,,,,,,,,26.5,21.5,65.0,62.5,34.25,16.75,22.5,56.25,82.75,29.5,35.75,65.5,32.5,0.0,0.0,0.0,0.0,0.0,20.5,4.0,8.25,29.5,9.5,0.0,5.0,0.0,0.0,23.25,0.0,11.0,15.25,14.25,25.75,16.25,29.75,26.75,10.0,17.5,3.5,0.0,0.0,15.25,15.5,4.25,7.5,0.0,4.0,4.0,17.75,0.0,29.25,,,,,,,
176,,,,,,,,,,,,,,,27.5,11.5,46.25,58.5,56.5,30.5,54.25,84.0,70.0,58.75,50.5,38.75,28.5,0.0,4.25,0.0,10.75,0.0,11.0,10.0,10.25,5.25,5.25,0.0,10.25,0.0,0.0,17.75,13.5,12.5,0.0,17.25,42.5,30.0,19.75,51.5,5.75,12.5,0.0,0.0,0.0,13.25,5.25,4.25,8.5,0.0,8.5,9.0,8.0,0.0,21.25,,,,,,,
177,,,,,,,,,,,,,,,34.75,13.75,13.75,0.0,6.75,15.25,48.0,83.0,85.5,32.25,23.25,29.25,35.75,0.0,6.75,14.5,3.0,6.75,0.0,12.5,13.5,4.25,3.25,8.75,9.25,0.0,14.5,0.0,4.0,0.0,16.75,55.75,24.25,37.0,0.0,16.5,10.0,0.0,0.0,2.5,13.0,4.25,22.25,0.0,2.5,0.0,3.75,16.0,4.0,26.0,19.25,,,,,,,
178,,,,,,,,,,,,,,,29.5,31.75,40.75,11.25,21.5,67.0,49.0,32.25,95.75,59.0,62.75,41.75,35.0,5.0,4.0,22.25,23.75,0.0,12.25,0.0,4.5,9.75,4.5,8.5,0.0,4.25,0.0,0.0,6.75,16.75,16.0,0.0,56.0,0.0,8.0,14.75,26.25,7.75,10.0,0.0,11.75,0.0,11.5,0.0,13.75,7.75,0.0,6.0,7.75,11.25,7.5,,,,,,,
179,,,,,,,,,,,,,,,34.5,5.25,45.75,87.5,49.5,36.0,58.25,75.25,61.5,56.0,70.0,56.75,26.75,0.0,5.75,15.5,15.25,0.0,14.5,4.0,6.25,24.75,6.5,0.0,0.0,0.0,0.0,19.0,7.5,6.5,22.75,24.5,40.25,61.0,40.0,29.0,5.0,20.5,4.25,0.0,0.0,27.25,9.75,0.0,8.5,0.0,12.0,7.75,17.5,0.0,24.0,,,,,,,
180,,,,,,,,,,,,,,,41.75,25.5,23.75,4.25,14.5,31.75,65.0,66.0,70.0,52.75,17.0,42.5,29.25,0.0,4.0,7.75,9.25,8.25,0.0,13.0,12.75,14.5,0.0,4.25,3.75,0.0,12.5,0.0,5.5,0.0,23.5,62.5,27.0,27.0,4.25,21.75,8.75,0.0,0.0,0.0,2.75,0.0,18.0,0.0,10.25,0.0,0.0,14.75,7.25,4.5,0.0,,,,,,,
181,,,,,,,,,,,,,,,14.0,26.5,44.5,14.0,18.5,49.75,30.5,25.5,100.0,56.75,52.75,41.5,16.5,14.0,3.0,3.25,9.5,0.0,2.25,0.0,5.5,6.0,0.0,7.0,0.0,7.75,0.0,0.0,21.5,27.75,7.25,12.5,37.25,0.0,12.75,5.75,24.25,6.75,2.5,4.5,6.75,0.0,7.0,6.5,7.25,3.25,0.0,1.75,4.5,3.75,10.0,,,,,,,
182,,,,,,,,,,,,,,,25.0,16.0,59.25,60.0,54.0,43.75,66.75,58.25,65.75,65.0,43.75,28.25,27.75,0.0,9.75,5.5,4.75,0.0,16.0,0.0,0.0,22.0,0.0,0.0,5.5,0.0,0.0,12.25,0.0,19.0,14.75,11.5,41.5,29.25,42.25,25.0,5.25,33.5,8.5,0.0,0.0,4.5,5.0,4.5,3.5,0.0,8.5,7.75,3.5,0.0,16.75,,,,,,,
183,,,,,,,,,,,,,,,32.25,14.0,9.5,15.25,7.75,9.0,62.5,80.25,74.0,51.5,21.75,15.0,17.0,0.0,0.0,5.25,12.5,15.25,0.0,9.0,8.0,7.0,0.0,18.75,13.5,0.0,8.5,0.0,12.75,0.0,21.0,46.0,7.25,15.25,13.5,21.5,15.5,0.0,0.0,6.25,4.75,4.25,23.0,0.0,3.25,0.0,4.25,9.75,3.25,13.0,5.25,24.75,,,,,,
184,,,,,,,,,,,,,,,24.0,18.25,23.75,11.5,11.25,15.5,51.5,69.25,86.0,49.0,14.5,18.75,30.0,0.0,0.0,10.25,3.5,7.0,0.0,15.25,4.0,3.75,8.0,11.75,0.0,0.0,20.25,0.0,4.0,0.0,9.5,49.0,22.5,41.75,4.75,19.75,12.25,0.0,0.0,5.75,7.0,0.0,25.25,0.0,6.5,0.0,6.25,10.0,7.0,15.0,20.0,11.0,,,,,,
185,,,,,,,,,,,,,,,19.0,15.75,44.5,12.25,25.5,40.75,41.5,17.5,100.0,54.5,39.75,39.0,16.75,6.5,9.5,15.5,9.5,0.0,3.25,0.0,3.75,6.75,3.25,0.0,0.0,3.75,0.0,0.0,9.0,22.75,16.5,5.75,33.25,0.0,15.0,5.0,12.0,10.5,5.0,2.5,4.5,0.0,3.0,3.0,5.0,2.25,0.0,0.0,10.5,2.25,11.25,32.75,,,,,,
186,,,,,,,,,,,,,,,31.5,9.25,37.25,63.0,12.25,26.0,24.75,60.5,100.0,29.25,43.25,60.25,21.5,0.0,7.75,3.25,0.0,0.0,13.0,9.0,11.75,8.25,13.25,0.0,4.25,0.0,0.0,3.75,0.0,11.25,5.75,16.25,31.75,37.25,23.5,20.75,0.0,16.0,0.0,0.0,0.0,18.25,16.5,3.75,0.0,0.0,10.75,0.0,3.5,0.0,11.0,29.0,,,,,,
187,,,,,,,,,,,,,,,,18.25,24.0,15.25,11.5,12.25,55.0,76.25,87.75,53.25,8.0,19.25,27.0,0.0,0.0,10.25,3.5,3.5,0.0,12.0,4.0,7.75,8.0,4.75,0.0,0.0,16.75,0.0,4.0,0.0,10.0,41.5,23.0,38.0,4.75,16.5,12.75,0.0,0.0,2.75,7.0,3.25,18.75,0.0,6.5,0.0,3.5,7.0,10.0,21.0,17.5,11.25,,,,,,
188,,,,,,,,,,,,,,,,14.75,44.25,69.75,22.75,19.0,34.25,69.25,96.75,54.25,41.0,58.25,25.25,0.0,9.75,5.25,0.0,0.0,13.0,9.0,8.5,16.75,15.5,0.0,4.25,0.0,0.0,12.75,6.75,11.25,5.75,9.0,34.0,32.5,27.5,24.75,0.0,22.0,4.75,0.0,0.0,20.25,21.5,8.5,4.5,0.0,15.0,0.0,12.25,0.0,17.5,22.5,,,,,,
189,,,,,,,,,,,,,,,,7.75,23.0,13.25,3.75,22.0,61.25,75.5,77.75,61.5,12.25,12.5,26.5,0.0,0.0,7.0,0.0,0.0,0.0,20.75,16.5,5.0,9.25,22.0,9.25,0.0,4.75,0.0,5.5,0.0,8.5,47.0,20.25,24.75,8.25,14.25,21.25,0.0,0.0,10.5,2.75,7.75,19.5,0.0,3.75,0.0,7.25,18.25,10.25,17.25,7.5,19.5,,,,,,
190,,,,,,,,,,,,,,,,9.0,11.75,16.0,0.0,27.5,62.25,73.25,84.25,37.75,18.75,16.75,38.75,0.0,2.75,20.0,3.0,11.0,0.0,14.0,17.75,3.75,9.75,3.5,3.0,0.0,15.0,0.0,7.75,0.0,19.25,25.75,22.25,41.75,6.5,13.0,3.0,0.0,0.0,9.5,7.5,0.0,16.25,0.0,5.5,0.0,2.25,17.25,9.5,22.75,0.0,24.25,,,,,,
191,,,,,,,,,,,,,,,,14.0,67.0,59.75,38.75,57.25,59.0,61.0,92.25,62.0,54.75,57.25,35.5,0.0,0.0,20.25,4.25,0.0,17.5,5.0,6.5,24.25,13.75,0.0,5.0,0.0,0.0,20.5,7.75,5.5,26.25,12.5,34.5,13.0,27.5,21.75,3.75,25.25,3.75,0.0,0.0,26.25,12.75,3.75,5.25,0.0,13.25,8.25,12.5,0.0,3.0,27.5,,,,,,
192,,,,,,,,,,,,,,,,8.75,12.25,15.25,0.0,26.5,61.25,72.75,84.25,37.25,18.5,16.25,39.25,0.0,2.75,20.25,3.25,11.0,0.0,14.0,17.25,3.5,9.5,3.25,3.0,0.0,15.0,0.0,7.5,0.0,19.75,24.25,21.5,42.5,6.25,13.0,2.75,0.0,0.0,9.5,7.5,0.0,16.75,0.0,5.5,0.0,2.25,17.5,9.5,22.75,0.0,24.75,,,,,,
193,,,,,,,,,,,,,,,,24.75,56.25,71.5,42.75,4.0,48.75,51.75,76.75,30.75,21.0,53.25,22.5,0.0,4.5,15.75,8.0,0.0,16.25,0.0,8.25,32.0,12.75,0.0,9.5,0.0,0.0,18.0,16.25,9.25,16.75,5.25,18.25,26.75,36.5,33.5,0.0,13.0,3.25,0.0,0.0,19.25,7.75,3.5,13.5,0.0,9.75,0.0,3.5,0.0,15.75,27.25,,,,,,
194,,,,,,,,,,,,,,,,28.75,48.25,51.25,33.25,32.0,61.25,62.0,92.0,47.5,50.25,56.75,28.0,0.0,3.0,19.0,11.0,0.0,15.5,6.0,4.25,13.5,8.25,0.0,19.5,0.0,0.0,9.0,11.75,0.0,12.5,12.0,50.0,49.5,18.75,22.75,3.0,35.5,8.25,0.0,0.0,11.0,17.5,7.0,7.75,0.0,3.75,13.0,3.5,0.0,20.5,10.5,,,,,,
195,,,,,,,,,,,,,,,,22.25,55.0,67.25,39.5,15.0,52.5,39.25,98.75,32.75,24.5,46.0,46.25,0.0,0.0,6.25,9.0,0.0,10.0,12.25,0.0,28.25,6.75,0.0,10.25,0.0,0.0,10.5,8.0,12.0,0.0,28.25,41.0,51.25,6.75,13.75,3.75,22.75,2.25,0.0,0.0,19.25,17.0,3.0,0.0,0.0,14.75,8.0,19.25,0.0,22.75,21.5,,,,,,
196,,,,,,,,,,,,,,,,22.25,13.5,22.5,7.5,15.0,45.5,85.75,70.0,47.0,10.0,19.0,45.75,0.0,0.0,3.5,5.25,0.0,0.0,16.25,7.25,5.0,3.5,10.75,8.25,0.0,8.25,0.0,5.5,0.0,16.0,27.25,22.25,45.25,4.0,11.0,12.5,0.0,0.0,3.75,11.0,3.0,31.75,0.0,6.5,0.0,6.5,23.0,6.5,33.5,4.75,28.0,,,,,,
197,,,,,,,,,,,,,,,,6.5,33.75,68.75,53.25,25.75,70.5,50.75,81.25,59.75,21.75,60.5,27.5,0.0,10.0,6.5,15.75,0.0,21.5,4.0,4.25,34.75,12.25,0.0,0.0,0.0,0.0,19.25,5.25,12.5,14.5,13.0,28.5,43.75,9.25,24.0,6.5,38.25,0.0,0.0,0.0,18.25,15.75,0.0,9.75,0.0,11.5,13.25,0.0,0.0,24.25,30.5,,,,,,
198,,,,,,,,,,,,,,,,32.25,41.5,3.25,30.0,54.25,33.25,35.5,100.0,48.5,51.25,61.0,18.5,20.5,7.5,21.25,8.25,0.0,16.5,0.0,7.0,11.5,12.25,5.25,0.0,0.0,0.0,0.0,6.25,36.0,12.5,13.5,65.25,0.0,29.25,4.0,17.5,6.5,13.0,5.5,5.5,0.0,3.0,3.0,9.75,7.0,0.0,2.75,6.0,6.5,25.5,27.25,,,,,,
199,,,,,,,,,,,,,,,,31.5,39.5,5.5,19.0,47.25,41.5,16.0,100.0,64.5,44.75,51.25,21.25,8.0,1.75,10.75,7.5,0.0,12.5,0.0,5.75,4.0,3.75,2.0,0.0,3.5,0.0,0.0,13.5,4.25,18.0,21.5,40.25,0.0,14.75,4.75,22.75,12.75,2.75,4.5,6.75,0.0,3.5,5.75,9.25,4.25,0.0,1.75,5.25,7.0,9.75,17.0,,,,,,
200,,,,,,,,,,,,,,,,10.0,5.25,16.0,13.25,27.0,96.75,71.75,80.5,40.0,19.0,12.75,40.0,0.0,0.0,23.5,3.25,5.25,0.0,18.0,10.5,11.25,9.0,16.25,0.0,0.0,19.25,0.0,12.75,0.0,35.5,52.25,18.5,42.5,5.5,21.75,13.5,0.0,0.0,11.5,12.25,7.0,14.75,0.0,11.25,0.0,6.75,11.5,8.5,16.0,16.0,17.5,,,,,,
201,,,,,,,,,,,,,,,,17.75,59.5,68.25,35.0,15.25,44.75,76.75,80.5,32.75,36.25,49.25,23.25,0.0,9.0,3.25,3.0,0.0,4.25,0.0,0.0,3.25,9.75,0.0,3.25,0.0,0.0,8.5,0.0,3.75,13.75,15.25,37.0,25.0,35.25,27.0,0.0,12.75,3.75,0.0,0.0,5.25,10.5,4.25,3.75,0.0,11.25,0.0,3.75,0.0,17.5,18.0,,,,,,
202,,,,,,,,,,,,,,,,17.75,16.0,8.5,2.75,25.0,63.5,74.25,93.75,30.0,14.25,25.25,43.75,0.0,6.0,8.75,0.0,8.5,0.0,12.75,16.0,7.25,3.0,22.5,9.5,0.0,23.75,0.0,11.0,0.0,29.5,33.5,35.5,47.0,13.75,10.25,15.5,0.0,0.0,0.0,6.75,7.75,19.25,0.0,2.0,0.0,7.25,12.25,7.25,7.75,7.5,44.25,,,,,,
203,,,,,,,,,,,,,,,,22.0,15.75,5.25,10.5,28.5,50.0,81.25,88.25,49.0,13.25,26.75,30.0,0.0,3.0,17.5,0.0,11.5,0.0,6.5,9.5,6.0,5.5,12.5,12.5,0.0,13.25,0.0,7.75,0.0,23.5,19.75,33.25,43.25,3.25,15.75,10.25,0.0,0.0,5.25,9.5,2.75,9.0,0.0,0.0,0.0,2.5,14.25,0.0,25.75,12.25,18.25,,,,,,
204,,,,,,,,,,,,,,,,,16.0,5.25,3.25,28.75,65.25,87.75,83.75,36.5,13.25,21.75,42.5,0.0,3.0,8.5,3.75,3.0,0.0,8.25,9.0,6.0,5.5,8.5,7.0,0.0,9.25,0.0,12.25,0.0,13.5,15.75,17.25,42.75,3.25,28.25,21.0,0.0,0.0,5.25,2.5,6.0,14.0,0.0,4.25,0.0,5.25,18.75,0.0,18.0,4.5,11.5,,,,,,
205,,,,,,,,,,,,,,,,,20.0,13.0,7.0,27.25,64.5,88.25,84.25,28.0,17.75,22.75,31.5,0.0,6.5,5.25,7.5,0.0,0.0,8.25,13.0,10.25,9.5,8.5,10.75,0.0,9.25,0.0,8.5,0.0,17.75,24.25,10.25,41.5,7.25,23.0,24.5,0.0,0.0,6.0,2.5,9.0,18.25,0.0,4.25,0.0,5.5,13.5,0.0,13.5,4.5,12.25,,,,,,
206,,,,,,,,,,,,,,,,,29.5,7.0,11.5,12.25,58.0,73.75,94.5,47.75,24.0,24.25,32.25,0.0,3.0,18.0,6.5,3.25,0.0,6.5,11.25,0.0,3.75,10.75,4.25,0.0,6.75,0.0,12.5,0.0,16.25,59.0,8.5,50.5,4.5,36.5,7.75,0.0,0.0,6.5,5.75,3.0,21.5,0.0,2.5,0.0,0.0,20.75,3.5,14.75,6.25,17.75,8.75,,,,,
207,,,,,,,,,,,,,,,,,63.75,61.25,58.25,42.0,53.0,65.0,71.25,55.5,39.0,41.75,36.25,0.0,4.75,21.25,4.75,0.0,15.75,4.75,10.0,17.75,5.0,0.0,9.75,0.0,0.0,10.75,6.25,19.5,17.5,38.5,33.75,59.75,44.5,23.0,9.75,29.75,0.0,0.0,0.0,16.0,20.0,5.25,0.0,0.0,16.5,4.25,8.25,0.0,13.0,32.25,10.25,,,,,
208,,,,,,,,,,,,,,,,,12.25,5.25,3.75,23.0,46.5,73.75,97.5,38.0,13.75,19.0,30.25,0.0,0.0,3.75,0.0,6.25,0.0,16.75,16.0,6.0,0.0,16.75,0.0,0.0,8.75,0.0,6.25,0.0,27.0,67.0,14.75,32.25,0.0,15.5,10.75,0.0,0.0,4.5,15.75,6.75,34.75,0.0,0.0,0.0,7.5,23.75,6.5,10.0,12.0,25.0,0.0,,,,,
209,,,,,,,,,,,,,,,,,49.5,80.0,48.75,48.75,27.25,78.5,91.25,37.0,46.0,48.75,28.75,0.0,6.0,9.0,8.5,0.0,19.75,3.25,9.25,22.0,12.5,0.0,4.0,0.0,0.0,18.5,11.0,12.5,4.0,11.75,25.75,10.25,18.0,38.25,6.5,14.0,11.5,0.0,0.0,14.5,3.25,10.0,10.5,0.0,5.75,0.0,13.0,0.0,28.0,35.0,7.25,,,,,
210,,,,,,,,,,,,,,,,,18.25,8.0,15.25,19.75,48.0,90.0,87.0,51.5,18.0,13.75,36.0,0.0,2.75,3.75,5.5,9.0,0.0,16.75,9.75,12.25,3.0,13.5,6.0,0.0,13.5,0.0,10.25,0.0,25.25,68.5,18.5,33.25,6.0,28.0,12.0,0.0,0.0,4.25,7.0,6.75,41.0,0.0,0.0,0.0,6.5,15.0,11.5,7.5,14.5,28.25,6.5,,,,,
211,,,,,,,,,,,,,,,,,18.25,21.75,17.25,21.5,83.75,79.25,85.5,60.25,8.0,24.25,23.75,0.0,5.0,12.0,8.75,0.0,0.0,13.25,5.25,9.25,4.25,13.25,9.5,0.0,18.25,0.0,10.25,0.0,10.5,50.0,15.0,29.0,4.25,18.75,12.0,0.0,0.0,3.75,12.25,11.25,11.5,0.0,0.0,0.0,0.0,8.0,6.5,6.75,12.5,10.0,0.0,,,,,
212,,,,,,,,,,,,,,,,,34.25,38.0,29.5,9.25,49.25,65.0,90.25,21.0,28.25,30.5,21.25,0.0,2.25,21.0,3.0,0.0,11.5,3.0,0.0,21.5,0.0,0.0,6.5,0.0,0.0,12.25,0.0,0.0,19.5,25.75,3.75,30.5,20.5,26.25,7.0,18.5,4.75,0.0,0.0,15.5,6.0,0.0,7.0,0.0,12.0,3.25,9.5,0.0,19.25,15.75,0.0,,,,,
213,,,,,,,,,,,,,,,,,44.0,13.0,34.25,58.75,38.25,43.0,94.75,52.75,46.0,56.25,18.5,0.0,3.0,21.0,20.25,0.0,11.0,0.0,4.5,19.25,0.0,0.0,0.0,0.0,0.0,0.0,9.25,22.75,12.25,19.75,48.75,0.0,11.25,15.0,18.5,2.5,7.0,8.75,9.0,0.0,13.25,3.75,16.25,2.5,0.0,2.25,8.25,8.5,11.25,31.25,3.0,,,,,
214,,,,,,,,,,,,,,,,,62.25,16.5,23.75,39.25,43.0,28.75,90.5,40.25,49.75,57.75,18.5,7.5,6.5,13.75,11.0,0.0,0.0,0.0,13.5,18.0,12.0,11.0,0.0,12.25,0.0,0.0,19.75,13.5,4.5,24.25,36.0,0.0,17.25,7.25,12.5,15.25,9.0,5.75,3.25,0.0,2.5,3.5,9.0,0.0,0.0,4.0,7.0,9.5,13.5,30.25,13.25,,,,,
215,,,,,,,,,,,,,,,,,51.0,65.5,46.75,32.75,82.5,90.25,76.25,47.0,36.25,41.5,28.5,0.0,9.25,22.75,6.5,0.0,0.0,11.75,6.0,17.5,4.5,0.0,7.0,0.0,0.0,23.0,6.75,0.0,11.0,43.0,38.75,35.25,27.5,22.25,7.0,13.25,3.5,0.0,0.0,22.5,14.5,4.5,3.5,0.0,15.0,3.5,19.75,0.0,15.0,44.0,12.0,,,,,
216,,,,,,,,,,,,,,,,,,44.5,45.5,36.0,30.25,65.0,100.0,32.0,38.5,23.0,25.0,0.0,0.0,0.0,9.25,0.0,11.5,0.0,8.25,30.75,9.0,0.0,4.25,0.0,0.0,7.5,9.5,0.0,8.25,15.75,22.0,26.5,24.0,32.75,6.75,13.75,7.25,0.0,0.0,21.0,10.75,7.25,0.0,0.0,3.0,2.75,3.0,0.0,6.5,19.25,3.5,19.5,,,,
217,,,,,,,,,,,,,,,,,13.75,15.25,6.25,35.5,55.5,67.75,90.25,35.75,14.25,26.75,21.25,0.0,4.25,0.0,3.0,3.25,0.0,13.5,0.0,7.75,3.0,14.5,7.25,0.0,15.5,0.0,4.0,0.0,11.0,28.25,12.25,24.75,7.25,20.5,0.0,0.0,0.0,6.0,7.5,0.0,24.0,0.0,3.75,0.0,0.0,12.0,5.25,18.25,7.75,15.25,8.25,3.25,,,,
218,,,,,,,,,,,,,,,,,,19.0,9.75,31.5,47.25,66.5,100.0,42.25,17.75,26.25,20.75,0.0,4.25,3.75,3.0,3.25,0.0,9.5,3.75,3.5,6.75,6.5,3.25,0.0,15.0,0.0,4.0,0.0,6.75,40.75,12.25,32.75,3.25,13.5,7.5,0.0,0.0,2.75,10.25,0.0,16.5,0.0,3.75,0.0,0.0,8.25,5.25,18.0,10.75,15.25,4.25,6.75,,,,
219,,,,,,,,,,,,,,,,,,26.25,47.25,37.5,42.0,48.5,99.25,27.5,33.75,35.25,26.75,0.0,0.0,7.75,4.75,0.0,6.75,0.0,8.25,14.25,6.5,0.0,5.0,0.0,0.0,7.5,17.25,7.0,6.5,8.5,25.75,26.5,22.25,24.25,20.0,12.75,5.25,2.25,2.25,10.0,14.0,5.5,2.5,0.0,3.0,2.75,7.75,2.25,5.5,28.25,8.5,11.25,,,,
220,,,,,,,,,,,,,,,,,,3.75,22.25,26.0,44.5,11.5,85.0,45.25,25.25,49.5,24.0,6.75,6.25,23.5,3.75,0.0,7.5,0.0,3.25,22.25,6.25,7.0,0.0,7.5,0.0,0.0,29.0,20.0,14.25,10.25,35.5,0.0,20.0,2.5,11.75,7.75,5.25,2.25,5.0,0.0,6.25,5.25,8.25,5.75,0.0,5.5,7.5,5.0,12.0,28.0,9.75,13.25,,,,
221,,,,,,,,,,,,,,,,,,12.5,30.5,21.5,37.75,33.0,85.0,41.25,30.75,49.5,22.5,6.75,6.25,29.25,7.75,0.0,7.5,0.0,3.25,24.0,3.5,7.0,0.0,7.5,0.0,0.0,27.25,13.0,16.0,16.5,42.5,9.75,21.5,7.5,3.5,12.5,3.0,0.0,2.75,7.25,3.5,2.75,5.75,5.75,3.25,5.5,6.25,2.75,13.0,32.25,13.75,17.25,,,,
222,,,,,,,,,,,,,,,,,,46.75,49.5,40.75,58.0,63.25,90.25,28.75,28.75,45.25,28.5,0.0,0.0,18.75,14.0,0.0,3.25,0.0,8.5,8.5,5.5,0.0,5.25,0.0,0.0,9.5,22.5,0.0,14.0,20.5,40.25,34.75,26.5,28.5,8.75,22.0,4.25,0.0,0.0,19.0,9.5,0.0,0.0,0.0,3.25,2.75,12.5,0.0,3.5,27.75,9.0,23.5,,,,
223,,,,,,,,,,,,,,,,,,3.0,16.0,9.5,59.75,56.75,96.25,28.0,14.75,11.0,29.5,0.0,8.25,3.0,11.0,9.75,0.0,6.75,16.25,0.0,3.0,6.25,9.75,0.0,18.75,0.0,10.5,0.0,8.75,23.0,26.0,36.0,4.25,27.5,11.5,0.0,0.0,6.25,18.5,2.5,15.0,0.0,8.0,0.0,4.25,5.25,6.5,19.5,14.5,28.25,18.25,5.0,,,,
224,,,,,,,,,,,,,,,,,,41.75,32.5,23.5,54.75,56.75,84.5,56.25,48.25,45.25,37.5,3.0,4.5,7.75,4.5,0.0,13.25,4.75,8.5,14.5,0.0,0.0,4.75,0.0,0.0,0.0,0.0,11.25,0.0,13.75,25.0,10.75,22.25,4.5,21.0,18.75,10.5,0.0,0.0,12.75,7.5,6.25,4.0,2.5,0.0,8.25,10.25,0.0,29.5,51.75,7.75,26.75,,,,
225,,,,,,,,,,,,,,,,,,15.5,10.5,8.5,93.0,66.0,96.0,33.0,9.5,20.5,24.25,0.0,8.5,10.0,8.5,10.0,0.0,18.5,9.0,0.0,8.75,7.25,7.25,0.0,7.75,0.0,4.5,0.0,22.5,52.0,29.25,49.25,12.5,20.0,13.5,0.0,0.0,6.0,8.5,7.0,18.25,0.0,8.5,0.0,2.75,33.75,6.0,11.75,14.75,23.0,5.25,6.5,,,,
226,,,,,,,,,,,,,,,,,,20.75,22.5,44.0,41.25,55.25,83.25,74.0,61.5,38.75,17.25,14.75,5.0,24.25,8.75,0.0,10.25,0.0,3.75,9.75,0.0,3.5,0.0,8.75,0.0,0.0,6.25,6.25,15.5,5.25,37.25,0.0,29.75,8.75,23.0,10.5,19.0,0.0,3.25,0.0,12.25,8.75,8.5,11.25,0.0,4.25,11.5,3.0,12.0,35.0,8.75,22.25,,,,
227,,,,,,,,,,,,,,,,,,50.0,37.25,25.5,64.25,37.5,93.5,71.25,61.0,47.75,14.0,3.75,8.5,4.75,21.25,0.0,19.25,0.0,5.25,5.75,5.0,0.0,0.0,0.0,0.0,11.25,10.25,5.0,0.0,4.25,50.25,6.0,23.0,4.25,12.0,19.25,3.25,3.25,0.0,21.75,8.0,6.0,2.75,3.0,0.0,0.0,0.0,2.75,20.75,48.75,6.75,21.5,,,,
228,,,,,,,,,,,,,,,,,,8.0,3.25,32.25,46.75,21.25,73.0,60.75,59.25,34.5,21.25,7.5,7.5,23.0,3.25,0.0,20.0,0.0,5.0,8.5,0.0,6.5,0.0,0.0,0.0,0.0,29.0,25.25,22.5,12.0,45.0,0.0,14.0,7.0,25.25,4.75,4.0,10.5,5.0,0.0,4.25,4.0,9.5,6.0,0.0,2.75,9.0,5.0,13.25,12.0,7.5,21.5,,,,
229,,,,,,,,,,,,,,,,,,67.75,38.75,26.0,69.5,48.75,89.25,54.75,57.0,31.0,28.25,0.0,4.0,8.0,0.0,0.0,18.5,9.25,0.0,29.5,14.25,0.0,0.0,0.0,0.0,21.0,6.75,0.0,11.5,39.75,35.0,22.25,31.75,49.5,0.0,17.5,9.0,0.0,0.0,13.0,19.75,3.75,0.0,0.0,11.0,11.0,10.75,0.0,24.25,40.5,0.0,47.75,,,,
230,,,,,,,,,,,,,,,,,,0.0,18.5,37.0,55.25,24.75,100.0,54.5,27.5,51.25,21.0,8.0,0.0,7.0,18.5,0.0,4.25,0.0,3.75,20.5,3.25,7.75,0.0,0.0,0.0,0.0,13.5,21.5,12.25,3.75,42.75,0.0,22.0,6.0,32.25,6.5,9.0,6.25,2.75,0.0,4.0,6.5,0.0,5.5,0.0,3.0,12.75,6.5,13.0,17.25,7.75,21.75,,,,
231,,,,,,,,,,,,,,,,,,,25.75,33.25,48.25,36.25,85.25,67.75,31.0,61.0,35.25,6.5,4.0,8.0,11.5,0.0,5.25,0.0,7.5,14.0,10.0,3.75,0.0,0.0,0.0,6.0,14.5,14.5,15.75,14.75,37.75,6.0,22.75,7.75,25.0,24.0,6.5,3.0,6.25,9.0,7.5,7.5,3.0,3.5,0.0,4.25,18.25,6.5,22.75,42.75,8.5,38.25,5.25,,,
232,,,,,,,,,,,,,,,,,,8.0,16.5,52.0,42.75,35.5,99.5,54.5,45.0,51.75,23.75,12.0,4.0,4.25,7.75,0.0,6.75,0.0,10.75,14.5,7.0,0.0,0.0,0.0,0.0,0.0,18.5,21.25,16.25,18.0,29.0,0.0,17.25,3.0,25.0,8.5,11.25,6.25,15.0,0.0,10.5,5.75,3.5,3.5,0.0,3.5,3.5,8.5,16.5,48.0,10.0,30.25,0.0,,,
233,,,,,,,,,,,,,,,,,,,8.5,16.5,70.5,78.0,81.25,43.25,24.0,18.25,35.0,0.0,3.5,3.75,7.5,3.5,0.0,7.75,11.75,5.75,5.25,8.25,9.25,0.0,14.5,0.0,0.0,0.0,24.5,57.25,14.5,49.75,12.25,34.25,20.5,0.0,0.0,3.75,19.5,7.75,30.0,0.0,4.25,0.0,2.75,14.5,0.0,20.0,21.25,17.5,8.0,4.25,5.0,,,
234,,,,,,,,,,,,,,,,,,,34.5,41.25,79.25,73.25,78.5,36.5,35.25,31.25,36.0,3.75,9.0,13.75,0.0,0.0,24.0,0.0,14.5,22.5,5.25,0.0,10.0,0.0,5.75,12.0,10.75,11.5,16.25,42.5,33.5,24.0,8.75,31.25,13.25,19.5,0.0,0.0,7.75,4.5,24.0,12.0,4.25,3.25,0.0,8.25,12.75,4.25,8.25,28.0,4.0,32.5,21.25,,,
235,,,,,,,,,,,,,,,,,,,28.5,48.75,47.75,59.25,84.5,67.5,45.0,38.25,41.0,4.0,4.25,13.5,4.75,0.0,18.0,0.0,10.0,9.75,0.0,4.75,4.75,0.0,0.0,11.0,33.5,5.25,10.5,30.5,41.25,5.75,23.0,20.75,14.0,7.75,3.5,3.5,10.0,0.0,8.75,7.25,7.75,0.0,4.0,7.25,11.25,3.75,4.0,30.0,8.75,35.25,5.0,,,
236,,,,,,,,,,,,,,,,,,,25.5,45.25,52.5,47.0,100.0,46.75,29.25,50.75,26.25,12.75,8.25,16.75,8.5,0.0,11.75,8.0,3.75,4.0,8.75,5.25,0.0,0.0,0.0,4.0,16.75,16.25,18.5,7.75,29.25,5.75,16.75,14.0,13.5,13.75,0.0,4.25,0.0,6.25,16.25,8.5,7.0,2.5,2.75,0.0,14.5,0.0,5.75,24.5,13.0,24.5,17.75,,,
237,,,,,,,,,,,,,,,,,,,19.0,16.0,70.0,77.5,80.0,45.75,23.0,22.0,21.25,0.0,5.0,17.75,0.0,7.25,0.0,12.5,26.0,5.0,4.75,12.75,3.25,0.0,18.0,0.0,5.75,0.0,15.0,55.5,22.25,43.5,0.0,23.5,17.0,0.0,0.0,3.75,17.0,0.0,17.0,0.0,5.5,0.0,2.5,8.5,7.0,23.5,9.25,19.5,9.25,12.5,9.5,,,
238,,,,,,,,,,,,,,,,,,,53.25,64.25,37.75,50.75,92.75,60.5,49.0,51.0,17.0,4.75,4.75,18.5,20.0,0.0,10.0,5.0,0.0,16.75,0.0,0.0,0.0,0.0,0.0,5.75,12.75,12.0,11.0,18.25,13.5,9.5,29.75,9.25,28.75,6.75,8.25,0.0,12.25,7.0,12.5,0.0,11.0,0.0,0.0,7.0,12.75,0.0,8.75,27.0,10.0,32.25,16.75,,,
239,,,,,,,,,,,,,,,,,,,22.75,50.25,56.75,24.25,99.75,67.5,54.5,32.5,28.25,10.75,0.0,19.0,5.0,0.0,19.0,0.0,0.0,18.5,8.0,5.25,0.0,0.0,0.0,0.0,16.25,18.0,17.5,20.75,63.0,0.0,39.75,6.75,25.75,0.0,7.5,4.25,5.25,0.0,2.5,6.5,9.75,4.0,0.0,4.25,2.25,0.0,2.25,53.5,7.5,33.5,0.0,,,
240,,,,,,,,,,,,,,,,,,,6.5,43.75,32.0,17.25,100.0,52.5,56.0,48.25,27.25,6.75,0.0,7.25,6.25,0.0,8.0,0.0,4.5,19.5,3.0,6.75,0.0,0.0,0.0,0.0,27.0,15.5,15.0,14.75,37.5,0.0,27.75,2.25,13.0,10.25,0.0,0.0,13.0,0.0,0.0,6.75,2.0,10.5,0.0,5.25,6.0,0.0,13.25,20.75,6.25,19.75,0.0,,,
241,,,,,,,,,,,,,,,,,,,22.75,49.0,44.5,54.75,84.75,35.25,41.5,50.5,34.25,0.0,5.75,14.5,6.0,0.0,5.25,5.25,5.5,12.25,0.0,0.0,6.5,0.0,0.0,18.75,6.75,13.75,5.5,35.0,30.25,25.25,25.25,26.25,0.0,29.5,14.25,0.0,0.0,8.75,5.75,12.25,0.0,0.0,8.25,5.0,4.5,0.0,12.25,26.75,0.0,44.25,17.25,,,
242,,,,,,,,,,,,,,,,,,,22.0,36.0,41.5,51.0,95.0,67.75,55.75,43.25,15.75,7.25,4.5,25.5,3.25,0.0,8.75,0.0,3.5,8.5,0.0,4.75,0.0,0.0,0.0,0.0,19.25,13.5,13.5,25.75,47.5,0.0,15.5,2.75,21.0,6.25,13.5,3.5,12.0,0.0,3.0,6.5,0.0,2.75,0.0,9.25,3.75,6.25,16.25,29.5,4.25,12.0,0.0,,,
243,,,,,,,,,,,,,,,,,,,41.25,37.0,67.75,55.75,100.0,39.75,37.25,30.5,38.0,0.0,8.25,8.5,3.75,0.0,13.5,3.5,5.25,30.25,9.75,0.0,4.25,0.0,0.0,25.75,12.5,0.0,0.0,24.25,30.75,27.25,44.75,21.75,4.25,29.5,4.5,0.0,0.0,11.0,9.5,4.25,7.75,0.0,15.0,11.5,7.75,0.0,19.0,13.75,8.5,31.75,34.5,,,
244,,,,,,,,,,,,,,,,,,,25.75,27.5,34.75,30.75,100.0,52.75,56.0,33.25,13.5,14.25,6.25,6.5,13.25,0.0,19.0,0.0,2.25,7.25,0.0,0.0,0.0,0.0,0.0,0.0,35.5,24.75,6.0,15.0,44.5,0.0,27.0,0.0,15.25,3.5,5.25,2.5,0.0,0.0,3.0,3.75,6.25,3.5,0.0,6.5,13.5,7.0,8.25,27.0,13.5,16.75,0.0,,,
245,,,,,,,,,,,,,,,,,,,,33.5,45.5,65.25,99.0,49.0,40.0,38.5,33.5,0.0,4.5,19.25,0.0,0.0,8.75,9.25,0.0,26.25,4.5,0.0,5.25,0.0,0.0,10.5,6.25,11.25,20.5,31.0,11.5,37.5,23.75,13.0,4.25,27.25,8.5,0.0,0.0,4.25,14.25,0.0,0.0,0.0,15.0,8.0,4.0,0.0,19.75,24.0,0.0,31.5,19.75,45.25,,
246,,,,,,,,,,,,,,,,,,,11.5,13.75,66.25,64.25,78.5,29.75,23.25,13.75,29.75,0.0,3.0,4.5,0.0,3.75,0.0,14.75,19.5,16.25,7.5,16.0,0.0,0.0,15.75,0.0,4.75,0.0,24.5,23.25,14.0,33.5,0.0,21.5,14.75,0.0,0.0,0.0,2.5,9.75,21.25,0.0,0.0,0.0,0.0,9.5,0.0,8.75,9.0,14.25,15.25,0.0,7.0,5.75,,
247,,,,,,,,,,,,,,,,,,,,17.25,51.25,63.5,92.25,39.5,16.25,16.75,33.0,0.0,6.5,4.5,3.5,0.0,0.0,7.5,19.5,16.0,7.25,16.0,0.0,0.0,11.75,0.0,4.5,0.0,24.5,14.75,5.25,29.5,3.75,24.75,14.75,0.0,0.0,0.0,5.25,9.75,17.75,0.0,3.0,0.0,0.0,12.5,0.0,5.5,5.75,14.0,14.75,0.0,3.25,2.5,,
248,,,,,,,,,,,,,,,,,,,,25.0,51.75,42.0,94.0,97.25,53.0,42.0,38.25,8.25,8.5,33.5,11.75,0.0,4.5,0.0,4.5,10.0,9.25,0.0,0.0,0.0,0.0,0.0,32.75,14.0,4.25,4.75,64.5,0.0,16.5,11.0,21.25,7.0,10.0,10.25,10.75,0.0,8.0,0.0,14.75,3.5,0.0,6.75,7.25,7.0,18.0,36.75,11.75,19.5,0.0,11.5,,
249,,,,,,,,,,,,,,,,,,,,26.25,26.0,70.75,78.75,43.75,39.25,30.0,37.25,0.0,0.0,23.75,5.0,0.0,21.75,10.0,0.0,30.5,11.75,0.0,0.0,0.0,0.0,34.25,19.75,14.25,16.0,22.5,34.75,49.75,36.75,24.0,12.0,28.75,0.0,0.0,0.0,13.75,19.0,9.75,5.0,0.0,11.0,17.5,12.5,0.0,19.75,43.25,6.25,36.25,15.75,38.5,,
250,,,,,,,,,,,,,,,,,,,,47.5,38.25,52.25,95.0,64.5,33.75,37.25,17.75,8.5,3.5,17.0,18.25,0.0,2.25,0.0,7.25,0.0,7.25,8.0,0.0,0.0,0.0,0.0,28.5,15.5,4.0,29.5,41.75,0.0,18.75,5.25,39.0,15.75,8.5,0.0,13.25,0.0,14.75,12.25,11.5,2.75,0.0,2.0,12.75,8.5,14.5,44.75,12.25,16.5,0.0,15.25,,
251,,,,,,,,,,,,,,,,,,,,26.0,69.0,84.75,57.75,46.25,20.5,21.75,17.75,0.0,3.75,4.25,0.0,0.0,0.0,13.0,5.25,3.75,8.0,4.75,3.5,0.0,10.0,0.0,11.25,0.0,15.5,55.25,24.0,43.25,4.0,9.75,12.5,0.0,0.0,3.25,9.5,0.0,26.0,0.0,2.75,0.0,10.5,23.0,9.75,14.0,10.75,18.25,9.5,0.0,0.0,8.0,,
252,,,,,,,,,,,,,,,,,,,,15.5,52.5,69.25,82.0,51.5,8.75,24.5,31.75,0.0,9.75,6.5,11.75,12.25,0.0,3.0,13.75,3.0,3.5,20.5,10.0,0.0,7.25,0.0,4.0,0.0,31.5,46.0,29.5,36.5,10.25,11.75,13.5,0.0,0.0,5.5,5.25,2.5,15.5,0.0,0.0,0.0,8.0,10.25,8.25,16.0,8.75,12.5,20.25,9.75,6.75,2.75,,
253,,,,,,,,,,,,,,,,,,,,55.25,26.25,38.75,100.0,60.25,68.75,39.5,31.75,6.25,11.25,18.75,12.75,0.0,10.75,0.0,5.25,17.25,7.5,0.0,0.0,0.0,0.0,0.0,15.5,9.0,3.25,23.75,39.25,0.0,17.75,0.0,22.75,6.25,7.25,4.25,12.0,0.0,11.0,7.25,14.25,9.0,0.0,0.0,13.0,0.0,19.0,27.0,8.5,9.75,0.0,15.0,,
254,,,,,,,,,,,,,,,,,,,,30.0,23.75,68.25,84.75,62.25,50.5,43.75,33.5,0.0,4.0,4.25,4.75,0.0,9.0,15.5,6.75,30.75,4.5,0.0,10.25,0.0,0.0,18.25,0.0,11.0,4.75,22.0,42.75,49.75,21.0,19.25,10.75,24.5,3.75,0.0,0.0,13.75,15.5,0.0,13.5,0.0,3.75,9.75,17.0,0.0,13.5,47.0,10.75,49.0,5.0,45.5,,
255,,,,,,,,,,,,,,,,,,,,28.25,63.25,50.5,100.0,55.25,27.5,20.5,19.0,0.0,4.75,0.0,4.75,0.0,9.0,0.0,10.5,11.75,4.25,0.0,9.75,0.0,0.0,20.0,10.5,0.0,30.0,19.5,14.75,35.0,18.0,19.0,9.5,23.75,3.0,0.0,0.0,15.5,3.25,3.0,12.0,0.0,2.75,4.25,7.0,0.0,14.75,25.5,3.5,12.5,34.0,40.75,,
256,,,,,,,,,,,,,,,,,,,,20.75,33.75,55.75,82.25,46.5,30.75,13.75,21.5,0.0,4.0,14.0,6.75,0.0,10.5,7.5,3.75,8.25,11.5,0.0,3.75,0.0,0.0,9.0,13.75,8.25,8.5,8.5,26.25,24.5,28.75,16.75,7.5,11.25,5.75,0.0,0.0,5.75,10.25,9.25,6.0,0.0,5.5,3.0,12.75,0.0,16.0,14.25,11.0,20.25,26.25,26.75,,
257,,,,,,,,,,,,,,,,,,,,,45.75,22.0,96.75,58.5,44.75,30.75,24.25,10.5,6.75,16.25,16.0,0.0,7.5,0.0,4.25,17.0,12.5,4.5,0.0,0.0,0.0,0.0,33.0,13.5,7.25,25.0,39.5,0.0,23.25,9.5,21.5,3.25,14.75,2.5,6.25,0.0,10.5,6.25,10.0,3.5,0.0,3.75,13.25,0.0,22.0,28.25,11.25,6.25,0.0,0.0,0.0,
258,,,,,,,,,,,,,,,,,,,,,52.5,76.5,90.75,48.5,19.5,74.0,46.5,0.0,5.0,15.25,10.25,0.0,15.5,21.25,5.5,20.0,17.75,0.0,12.5,0.0,0.0,17.25,6.25,6.0,27.75,37.25,32.5,31.25,43.5,43.25,5.5,16.75,0.0,0.0,0.0,19.75,17.0,4.75,8.5,0.0,4.0,4.25,9.5,0.0,24.25,15.0,6.25,30.75,34.0,39.75,46.75,
259,,,,,,,,,,,,,,,,,,,,,54.25,49.5,100.0,70.75,58.25,33.5,21.0,11.0,4.0,30.75,8.25,0.0,12.25,0.0,8.0,0.0,7.75,0.0,0.0,0.0,0.0,0.0,0.0,20.0,21.75,20.0,39.75,0.0,38.0,3.25,19.0,8.25,3.5,9.75,6.25,0.0,10.5,7.25,0.0,5.75,0.0,2.75,12.5,6.25,17.0,15.0,14.75,31.25,0.0,3.5,13.5,
260,,,,,,,,,,,,,,,,,,,,,56.75,41.0,97.0,77.5,67.0,46.5,33.5,12.75,0.0,23.25,0.0,0.0,13.0,0.0,0.0,27.5,0.0,8.5,0.0,0.0,0.0,0.0,22.0,22.75,15.75,10.0,67.25,0.0,26.0,7.75,18.5,15.0,4.25,4.25,9.25,0.0,9.0,0.0,10.0,4.0,0.0,8.0,3.75,10.75,4.5,31.25,22.5,27.0,0.0,3.25,8.0,
261,,,,,,,,,,,,,,,,,,,,,50.0,47.75,100.0,58.25,61.5,61.0,32.5,13.5,6.5,9.75,5.0,0.0,13.75,0.0,8.75,12.75,11.5,8.25,0.0,0.0,0.0,0.0,33.5,15.0,5.75,4.5,38.5,0.0,23.75,6.5,22.5,4.0,2.75,6.5,3.0,0.0,8.75,10.5,12.75,0.0,0.0,4.25,14.25,2.75,16.75,15.25,16.5,18.5,0.0,7.5,2.5,
262,,,,,,,,,,,,,,,,,,,,,61.25,45.25,95.75,50.25,44.25,52.5,25.5,10.25,5.25,28.0,9.5,0.0,5.5,0.0,2.25,14.5,13.25,0.0,0.0,0.0,0.0,0.0,21.0,21.75,18.5,13.75,37.0,0.0,9.5,7.75,21.75,9.75,6.25,3.0,16.25,0.0,5.5,4.75,10.5,4.5,0.0,4.25,15.5,3.0,23.5,43.0,9.25,28.5,0.0,4.75,15.0,
263,,,,,,,,,,,,,,,,,,,,,27.0,31.75,85.5,68.0,63.75,56.0,32.0,7.5,7.75,14.0,12.75,0.0,14.75,0.0,4.75,11.0,9.75,0.0,0.0,0.0,0.0,0.0,43.0,29.25,28.25,13.75,63.5,0.0,25.75,4.5,21.5,10.25,7.5,3.75,2.5,0.0,7.75,2.5,4.25,4.0,0.0,3.75,7.0,7.5,28.0,18.5,3.0,13.75,0.0,12.0,13.25,
264,,,,,,,,,,,,,,,,,,,,,,59.75,90.0,26.25,50.0,28.75,26.0,0.0,4.25,18.5,7.5,0.0,15.25,11.25,8.5,25.0,4.0,0.0,3.25,0.0,0.0,11.75,4.75,4.5,4.75,5.0,20.75,12.5,33.5,17.5,0.0,12.5,3.25,0.0,0.0,17.75,6.5,3.75,2.5,0.0,3.0,3.5,15.75,0.0,14.0,16.0,3.75,14.5,27.25,18.0,26.5,29.0
265,,,,,,,,,,,,,,,,,,,,,,52.75,80.5,80.0,52.0,56.75,37.5,14.25,4.75,31.25,16.75,0.0,5.0,0.0,16.25,16.5,5.0,10.75,0.0,0.0,0.0,0.0,39.5,34.0,16.5,13.0,52.0,0.0,34.0,4.0,46.25,8.25,9.75,12.5,15.5,0.0,0.0,4.5,18.25,0.0,0.0,8.0,4.25,9.0,9.0,30.75,18.75,31.25,0.0,8.75,0.0,0.0
