,2020-03-01,2020-03-08,2020-03-15,2020-03-22,2020-03-29,2020-04-05,2020-04-12,2020-04-19,2020-04-26,2020-05-03,2020-05-10,2020-05-17,2020-05-24,2020-05-31,2020-06-07,2020-06-14,2020-06-21,2020-06-28,2020-07-05,2020-07-12,2020-07-19,2020-07-26,2020-08-02,2020-08-09,2020-08-16,2020-08-23,2020-08-30,2020-09-06,2020-09-13,2020-09-20,2020-09-27,2020-10-04,2020-10-11,2020-10-18,2020-10-25,2020-11-01,2020-11-08,2020-11-15,2020-11-22,2020-11-29,2020-12-06,2020-12-13,2020-12-20,2020-12-27,2021-01-03,2021-01-10,2021-01-17,2021-01-24,2021-01-31,2021-02-07,2021-02-14,2021-02-21,2021-02-28,2021-03-07,2021-03-14,2021-03-21,2021-03-28,2021-04-04,2021-04-11,2021-04-18,2021-04-25,2021-05-02,2021-05-09,2021-05-16,2021-05-23,2021-05-30,2021-06-06,2021-06-13,2021-06-20,2021-06-27,2021-07-04,2021-07-11,2021-07-18,2021-07-25,2021-08-01,2021-08-08,2021-08-15,2021-08-22,2021-08-29,2021-09-05,2021-09-12,2021-09-19,2021-09-26,2021-10-03,2021-10-10,2021-10-17,2021-10-24,2021-10-31,2021-11-07
0,7.0,0.0,8.25,79.0,34.25,48.5,49.75,55.75,54.0,32.75,89.25,40.75,45.75,72.25,65.75,16.25,57.75,36.0,19.75,17.5,67.0,52.25,59.75,40.25,44.0,25.75,19.25,25.5,15.75,32.5,18.75,34.75,28.75,20.25,38.75,45.5,11.75,28.0,26.5,25.0,16.25,2.0,30.25,46.25,34.25,19.0,31.25,40.5,27.75,50.0,27.0,,,,,,,,,,,,,,,,,,,,,,,,,,,,,,,,,,,,,,
1,0.0,6.5,65.0,16.25,17.75,34.25,45.0,93.75,71.0,37.25,33.25,39.0,32.25,50.25,33.0,43.0,27.0,19.0,36.0,35.75,72.25,50.0,17.25,50.5,21.25,25.5,27.25,12.75,8.75,4.75,13.0,9.25,20.75,19.75,19.0,32.75,27.5,18.75,16.75,16.5,11.75,18.75,5.0,32.0,24.5,52.0,32.25,22.5,21.5,42.25,60.75,,,,,,,,,,,,,,,,,,,,,,,,,,,,,,,,,,,,,,
2,8.75,0.0,20.25,48.75,51.75,45.75,71.0,39.75,61.0,53.25,90.75,55.0,37.5,52.25,69.5,22.75,55.5,45.0,18.5,9.0,66.5,57.0,80.75,26.0,27.25,26.0,21.25,32.25,14.75,27.75,39.75,29.25,34.0,15.0,15.25,30.75,22.0,19.0,30.25,18.5,10.25,2.25,15.0,43.0,42.5,16.25,30.5,36.75,16.5,62.0,13.75,,,,,,,,,,,,,,,,,,,,,,,,,,,,,,,,,,,,,,
3,14.25,0.0,10.25,49.25,29.0,36.0,50.5,34.5,58.25,44.75,100.0,52.0,53.25,60.25,71.5,24.75,46.5,35.5,15.0,13.5,54.25,54.25,60.75,27.25,36.0,24.25,11.25,27.5,6.5,31.75,27.25,29.75,22.25,14.25,20.0,32.75,8.25,25.5,25.5,15.0,13.0,2.5,20.5,17.75,25.0,12.25,28.25,41.75,29.75,54.75,38.5,,,,,,,,,,,,,,,,,,,,,,,,,,,,,,,,,,,,,,
4,17.75,0.0,14.25,43.75,25.0,37.5,69.0,42.25,49.25,19.0,78.0,29.25,47.75,54.75,78.25,24.75,37.75,32.5,20.0,23.0,56.0,40.0,59.25,42.25,29.75,27.75,15.5,27.0,8.5,24.25,28.5,29.75,21.5,19.25,34.75,18.25,9.75,28.25,31.25,19.25,19.0,0.0,13.75,36.75,34.25,19.25,49.5,46.5,15.0,28.5,11.75,,,,,,,,,,,,,,,,,,,,,,,,,,,,,,,,,,,,,,
5,11.25,0.0,3.75,37.0,41.0,53.75,74.25,51.5,48.0,48.25,87.25,43.25,36.0,85.5,63.75,17.75,47.25,37.0,25.25,31.25,73.5,69.5,55.75,27.75,22.5,25.0,17.0,26.0,4.5,13.0,31.25,29.0,30.5,16.0,27.75,31.0,18.75,17.75,18.5,26.0,10.75,7.75,14.75,25.5,23.25,23.25,24.5,60.25,26.0,44.75,24.0,,,,,,,,,,,,,,,,,,,,,,,,,,,,,,,,,,,,,,
6,17.75,0.0,20.0,47.75,60.75,29.25,49.0,33.75,56.25,52.0,74.0,40.25,32.25,72.5,47.75,14.5,41.75,51.5,34.0,16.5,75.75,61.75,68.5,34.25,20.5,12.0,14.25,10.75,9.5,17.0,28.5,13.75,15.75,23.0,28.0,22.75,16.5,10.75,26.25,21.25,13.5,3.25,20.0,36.0,40.25,23.0,31.0,42.0,22.25,37.0,31.75,,,,,,,,,,,,,,,,,,,,,,,,,,,,,,,,,,,,,,
7,0.0,0.0,42.0,38.0,56.5,48.0,66.0,71.25,66.25,50.75,32.0,35.75,25.0,58.25,51.75,39.5,24.75,44.0,29.0,33.25,59.25,67.0,34.25,41.5,30.75,24.75,24.25,29.75,6.5,35.25,38.5,6.5,20.0,35.25,29.75,35.75,21.5,29.75,12.25,36.5,12.5,14.25,24.75,53.75,44.25,47.0,30.5,45.0,31.0,40.5,58.0,,,,,,,,,,,,,,,,,,,,,,,,,,,,,,,,,,,,,,
8,0.0,8.5,19.5,24.25,32.5,41.5,39.75,100.0,48.75,44.5,38.75,16.25,35.5,26.25,28.25,31.0,22.25,13.5,21.25,42.75,56.25,65.25,18.25,31.5,22.0,17.0,27.5,10.25,7.0,19.25,15.5,5.75,24.75,25.75,8.75,32.0,25.75,23.5,19.5,9.5,22.0,16.25,8.75,22.5,36.75,44.0,15.5,37.25,21.5,32.75,29.25,,,,,,,,,,,,,,,,,,,,,,,,,,,,,,,,,,,,,,
9,,0.0,17.25,40.25,33.5,41.0,63.75,51.25,69.75,44.75,64.75,37.0,32.25,66.0,59.25,25.5,32.75,23.0,21.0,25.75,72.75,45.75,58.25,33.0,23.25,16.5,22.0,6.75,8.75,13.0,28.5,25.0,16.5,17.25,24.25,18.75,15.5,21.25,19.5,16.75,9.5,9.75,21.0,17.0,34.75,26.75,32.25,46.75,24.5,31.0,31.75,36.75,,,,,,,,,,,,,,,,,,,,,,,,,,,,,,,,,,,,,
10,,0.0,38.0,21.75,28.25,43.75,61.75,80.25,82.0,45.5,42.25,39.5,39.5,45.25,45.0,45.0,34.5,31.5,38.5,39.0,73.75,79.25,25.25,31.75,24.5,14.5,34.0,17.0,12.25,13.25,25.25,8.0,43.0,29.25,16.5,36.75,39.5,16.5,24.5,19.75,11.25,19.0,9.5,39.5,55.75,44.25,31.25,39.5,33.75,46.75,32.5,60.25,,,,,,,,,,,,,,,,,,,,,,,,,,,,,,,,,,,,,
11,,3.25,11.75,18.0,28.5,26.5,47.0,52.75,79.75,51.75,57.0,29.75,34.0,52.0,57.5,28.25,36.75,31.5,33.25,33.25,57.75,62.0,46.25,47.25,22.75,20.75,25.75,21.25,2.75,16.5,29.25,14.5,19.75,19.25,18.0,17.0,25.0,21.25,22.25,9.25,22.0,10.0,11.25,24.5,31.5,32.5,16.5,44.0,32.0,43.25,42.0,36.25,,,,,,,,,,,,,,,,,,,,,,,,,,,,,,,,,,,,,
12,,0.0,8.25,50.5,30.25,57.25,43.0,53.75,46.75,43.25,88.75,29.5,41.25,69.25,50.25,36.25,31.5,34.75,27.5,21.5,75.0,57.0,54.75,53.5,41.0,6.75,29.0,25.0,6.0,25.75,32.5,31.0,11.75,23.5,19.75,30.25,21.75,15.5,20.25,15.25,9.5,10.75,28.25,26.5,21.5,27.75,27.5,39.75,26.5,54.5,23.75,30.75,,,,,,,,,,,,,,,,,,,,,,,,,,,,,,,,,,,,,
13,,0.0,45.75,30.25,21.75,38.5,58.5,89.0,77.0,44.75,33.5,41.25,38.75,52.0,20.0,66.0,49.75,44.0,41.25,61.5,63.75,79.75,21.0,52.0,28.25,28.25,32.25,21.0,5.75,26.5,15.0,13.5,33.5,38.75,23.0,38.75,42.25,28.75,11.75,24.75,16.0,23.75,12.25,53.25,32.5,25.25,47.0,47.25,25.5,51.25,49.5,48.25,,,,,,,,,,,,,,,,,,,,,,,,,,,,,,,,,,,,,
14,,0.0,7.75,51.75,29.25,26.25,53.75,37.25,66.25,30.5,85.75,79.75,29.5,64.5,58.25,19.75,37.75,31.5,15.25,19.75,63.5,47.75,67.25,35.0,39.0,22.25,18.25,19.0,15.5,27.5,20.5,24.0,19.75,14.5,25.25,22.0,10.25,27.0,14.75,12.0,10.25,5.25,26.0,41.0,39.75,15.25,30.75,44.25,17.5,42.25,27.0,21.75,,,,,,,,,,,,,,,,,,,,,,,,,,,,,,,,,,,,,
15,,0.0,2.75,45.25,32.0,35.75,60.25,52.75,41.5,42.25,87.5,50.75,28.5,59.25,64.0,25.75,35.0,43.5,15.75,13.0,55.5,49.75,60.5,45.25,27.0,25.0,17.25,25.25,12.5,34.25,23.5,22.5,18.5,23.25,25.5,21.5,9.5,30.0,13.25,17.25,11.75,7.0,15.25,28.25,30.75,17.0,21.75,36.0,20.5,44.5,16.0,23.75,,,,,,,,,,,,,,,,,,,,,,,,,,,,,,,,,,,,,
16,,0.0,19.5,64.75,28.0,38.0,49.0,70.75,83.0,53.0,61.0,60.5,27.0,48.25,64.75,27.5,60.25,41.5,26.75,30.75,78.75,66.5,50.75,40.0,42.0,23.25,23.0,33.0,20.25,13.25,32.75,39.0,29.5,17.5,31.75,32.25,19.0,12.0,31.25,16.75,19.25,2.25,16.0,12.25,39.25,19.75,23.25,62.5,25.0,46.0,46.25,31.5,,,,,,,,,,,,,,,,,,,,,,,,,,,,,,,,,,,,,
17,,0.0,9.75,75.0,42.0,30.25,61.25,56.75,38.5,40.5,84.75,39.0,40.5,71.75,79.5,14.5,54.25,23.75,20.25,19.75,76.25,50.5,66.25,43.25,37.75,15.5,22.0,30.75,9.0,27.0,26.75,27.75,25.5,19.5,22.5,21.75,22.25,15.5,19.75,17.75,18.75,7.25,19.5,41.0,42.5,9.75,27.75,62.75,19.75,7.5,28.25,24.25,,,,,,,,,,,,,,,,,,,,,,,,,,,,,,,,,,,,,
18,,0.0,38.75,27.75,37.75,18.5,35.5,73.75,34.5,75.0,51.25,41.5,36.25,35.5,36.0,34.75,10.5,27.5,42.0,28.5,23.0,47.0,63.25,21.25,28.5,28.0,24.0,36.0,36.0,13.0,19.5,16.0,21.0,22.75,12.5,32.75,8.0,35.75,42.25,9.5,2.75,8.0,22.0,29.5,54.5,30.0,18.0,14.75,20.0,39.5,17.5,9.75,22.5,,,,,,,,,,,,,,,,,,,,,,,,,,,,,,,,,,,,
19,,9.5,43.75,46.75,36.25,38.0,59.25,85.75,70.0,56.75,40.5,44.75,31.25,60.0,39.75,57.25,37.5,37.25,25.5,53.5,84.25,68.25,11.25,64.0,23.25,23.0,34.25,14.5,8.25,11.0,15.25,18.75,35.5,53.5,22.0,34.5,42.0,29.0,35.25,26.0,13.0,27.75,3.75,49.75,43.25,57.0,35.25,37.25,50.75,52.75,51.25,68.0,44.75,,,,,,,,,,,,,,,,,,,,,,,,,,,,,,,,,,,,
20,,0.0,13.25,40.0,31.5,35.25,45.75,36.75,41.25,45.75,92.0,46.75,45.75,65.0,74.0,22.5,42.5,41.75,10.75,16.25,66.75,39.0,54.75,36.5,34.0,14.0,10.5,22.0,10.75,28.5,30.25,29.75,12.5,18.25,19.0,19.25,2.75,23.75,24.75,20.75,12.25,2.0,11.5,23.5,30.25,5.25,32.5,36.5,19.75,52.5,19.5,36.0,9.5,,,,,,,,,,,,,,,,,,,,,,,,,,,,,,,,,,,,
21,,,6.75,58.25,35.0,45.5,55.25,57.25,66.25,41.25,85.5,27.75,34.75,63.5,51.75,22.5,60.0,34.75,23.75,11.25,63.0,64.0,59.0,39.0,39.25,25.75,19.25,18.25,9.0,37.25,23.0,30.5,23.0,22.25,38.0,22.75,18.75,19.5,17.25,12.0,13.75,2.5,23.5,32.25,28.75,12.0,26.75,33.75,21.25,37.75,30.75,34.0,14.75,,,,,,,,,,,,,,,,,,,,,,,,,,,,,,,,,,,,
22,,,11.75,86.0,39.5,32.75,72.0,39.25,78.25,42.25,77.25,58.0,36.25,79.5,59.5,26.25,63.25,36.75,22.0,20.0,62.75,50.0,64.0,56.5,33.25,25.0,19.75,31.5,9.5,38.5,30.5,29.75,29.0,16.75,28.5,28.25,16.5,13.75,22.25,22.25,16.25,5.25,25.75,26.5,36.5,19.25,37.0,54.25,13.5,39.25,29.25,36.25,11.5,,,,,,,,,,,,,,,,,,,,,,,,,,,,,,,,,,,,
23,,,8.75,53.0,18.75,30.5,34.75,67.0,39.25,35.25,83.75,42.25,42.0,62.5,63.5,18.25,50.5,32.25,32.0,23.5,59.5,47.25,61.25,38.0,25.0,15.0,20.5,19.75,14.5,24.25,32.5,20.25,27.75,22.75,25.5,25.5,8.0,15.0,27.5,15.75,13.5,2.25,13.5,25.75,23.5,11.25,28.25,57.25,15.0,50.75,22.75,34.75,11.5,,,,,,,,,,,,,,,,,,,,,,,,,,,,,,,,,,,,
24,,,29.75,22.5,63.0,52.75,76.25,43.5,53.5,73.25,64.75,68.0,41.75,58.75,48.75,35.75,26.5,31.25,33.75,39.0,24.5,78.25,71.5,37.0,65.5,17.5,18.0,21.75,39.25,23.75,18.25,14.0,39.75,17.75,14.75,31.75,18.0,31.25,30.0,18.0,8.5,22.75,41.0,20.0,62.25,38.5,42.25,18.25,11.25,25.75,27.0,9.0,21.5,,,,,,,,,,,,,,,,,,,,,,,,,,,,,,,,,,,,
25,,,12.75,60.5,29.25,39.25,73.0,71.5,79.75,63.75,42.75,39.75,31.5,61.75,46.25,46.0,29.0,26.25,29.75,30.25,50.0,59.0,41.5,55.5,27.0,21.5,22.0,25.5,7.5,12.25,20.25,14.0,38.75,14.0,16.5,42.5,22.75,24.5,18.0,16.0,11.0,16.0,13.75,21.75,38.5,36.0,31.25,33.75,34.25,36.5,47.75,49.5,5.0,,,,,,,,,,,,,,,,,,,,,,,,,,,,,,,,,,,,
26,,,7.0,36.0,26.0,29.75,79.75,66.5,65.5,55.0,88.75,50.25,28.25,79.75,54.75,15.75,46.25,36.0,27.0,22.75,68.25,47.0,66.75,45.0,31.25,29.5,25.25,30.5,7.0,25.75,28.5,34.0,28.5,18.0,23.75,25.75,20.75,15.25,25.75,22.0,12.5,5.0,14.25,32.25,23.75,15.25,41.75,45.0,17.75,54.75,27.25,25.5,12.75,,,,,,,,,,,,,,,,,,,,,,,,,,,,,,,,,,,,
27,,,,55.25,51.0,57.75,72.75,43.75,33.5,43.25,70.0,54.0,38.25,67.75,58.5,16.0,53.0,33.0,21.75,18.0,83.25,45.75,44.25,26.5,51.75,29.0,29.0,14.75,20.0,25.0,27.0,28.25,17.25,21.25,24.0,26.25,21.0,15.0,17.5,10.5,24.0,3.0,20.75,10.0,30.25,13.5,29.75,69.75,15.5,42.5,31.25,22.5,17.75,33.0,,,,,,,,,,,,,,,,,,,,,,,,,,,,,,,,,,,
28,,,,19.0,55.0,56.5,65.75,52.5,64.0,74.5,61.75,52.75,33.25,48.25,32.5,33.0,26.75,29.0,22.75,23.0,26.5,64.0,54.25,21.25,36.5,23.0,9.75,29.5,40.75,13.5,19.5,10.0,42.5,19.75,23.75,26.75,7.5,46.25,36.25,13.5,5.75,11.25,30.75,51.75,44.5,27.5,27.25,25.5,25.25,39.0,39.5,11.0,29.5,12.25,,,,,,,,,,,,,,,,,,,,,,,,,,,,,,,,,,,
29,,,,70.5,48.0,47.5,66.0,43.75,48.0,40.25,83.75,56.25,24.25,61.75,64.0,20.25,55.25,35.25,24.25,11.25,70.5,54.5,51.0,30.75,53.75,32.75,21.75,21.5,15.5,23.0,29.25,30.5,19.75,21.5,19.0,25.75,23.0,19.75,17.25,15.25,23.75,5.5,23.5,9.75,32.5,13.5,29.5,59.25,20.75,39.5,28.25,31.75,12.5,30.0,,,,,,,,,,,,,,,,,,,,,,,,,,,,,,,,,,,
30,,,,35.5,33.75,67.5,67.5,72.0,58.75,19.75,96.5,46.25,34.25,59.0,50.0,19.25,22.75,22.75,12.25,12.5,58.5,71.5,59.25,36.5,31.75,20.75,12.0,27.5,13.25,25.25,32.0,20.75,19.25,5.25,24.5,20.25,15.5,20.5,22.0,19.5,10.75,4.5,16.75,27.0,47.75,8.0,30.0,33.5,20.5,30.25,25.5,29.75,9.75,23.5,,,,,,,,,,,,,,,,,,,,,,,,,,,,,,,,,,,
31,,,,30.75,67.25,26.5,68.5,50.25,56.75,74.5,53.5,56.5,21.5,67.25,48.75,55.0,18.25,22.0,27.75,28.75,26.75,63.5,87.0,38.75,46.5,30.0,17.5,25.0,39.0,24.25,40.0,11.0,39.0,33.75,30.5,38.0,11.75,36.75,49.0,29.25,2.5,34.75,13.75,41.5,57.0,29.5,50.0,21.25,9.0,34.0,30.75,17.25,6.0,16.0,,,,,,,,,,,,,,,,,,,,,,,,,,,,,,,,,,,
32,,,,31.75,18.75,29.0,74.25,87.0,60.5,38.75,31.0,40.5,34.75,47.25,40.75,45.0,32.5,31.5,37.5,56.75,67.0,51.75,13.5,37.0,16.75,14.5,30.0,6.75,8.25,11.0,23.25,9.25,28.5,31.0,25.75,25.5,22.5,15.5,15.75,18.0,17.25,23.25,16.5,45.75,40.25,31.5,24.0,42.75,37.25,51.25,32.75,34.75,15.0,6.0,,,,,,,,,,,,,,,,,,,,,,,,,,,,,,,,,,,
33,,,,,21.75,32.0,61.75,51.5,37.0,38.0,79.5,58.5,30.75,59.5,60.75,24.5,60.5,36.0,19.25,16.5,59.5,32.75,68.5,44.5,31.0,27.75,15.75,34.5,9.25,37.0,30.75,26.5,5.75,7.75,31.75,23.5,9.5,19.5,31.0,17.5,14.25,0.0,27.25,35.0,39.25,20.75,24.5,54.75,5.0,50.75,30.25,22.25,12.25,25.75,56.75,,,,,,,,,,,,,,,,,,,,,,,,,,,,,,,,,,
34,,,,,53.25,31.25,55.5,60.5,36.75,75.75,67.75,57.5,45.0,48.5,42.25,35.25,19.5,36.0,9.75,29.0,20.5,55.25,72.25,24.0,54.0,30.75,18.75,26.25,27.0,20.0,29.75,10.5,24.75,19.25,21.25,37.5,11.0,45.25,43.5,11.25,7.75,13.75,40.5,44.25,68.5,29.5,19.75,28.25,11.0,24.25,12.5,11.0,16.5,11.75,29.5,,,,,,,,,,,,,,,,,,,,,,,,,,,,,,,,,,
35,,,,,33.0,60.5,78.75,57.25,55.5,52.75,88.0,56.5,44.75,71.25,82.5,24.5,44.75,46.25,28.25,20.25,72.5,63.75,59.25,28.0,32.75,25.0,25.75,26.0,7.75,41.75,32.75,35.5,19.5,14.0,34.25,35.0,8.75,16.75,11.75,17.0,11.5,3.0,16.0,27.25,59.75,25.25,29.0,58.25,20.0,56.25,36.0,48.0,11.25,21.25,62.0,,,,,,,,,,,,,,,,,,,,,,,,,,,,,,,,,,
36,,,,,34.75,57.5,60.5,69.0,61.0,53.75,50.75,28.75,25.0,49.25,38.5,47.5,35.25,35.25,28.75,43.25,67.75,77.25,21.5,48.25,17.5,19.75,32.5,19.75,13.5,22.75,15.5,12.5,29.25,28.25,27.5,15.25,36.0,19.0,13.25,12.75,24.0,14.75,27.25,34.25,25.5,56.25,31.75,26.0,41.75,64.0,51.5,54.0,30.75,4.25,18.5,,,,,,,,,,,,,,,,,,,,,,,,,,,,,,,,,,
37,,,,,57.0,51.0,47.5,74.0,48.25,81.5,60.0,64.0,51.5,52.0,54.5,58.0,19.0,31.0,42.25,28.5,16.0,73.25,65.75,40.0,46.5,24.0,18.5,37.75,37.75,13.75,29.5,8.75,27.0,18.0,18.0,39.5,11.75,31.5,37.75,8.75,5.75,20.25,23.0,56.25,69.25,40.0,48.0,21.75,30.25,35.75,17.25,5.75,9.75,35.0,40.75,,,,,,,,,,,,,,,,,,,,,,,,,,,,,,,,,,
38,,,,,35.25,49.25,40.25,69.0,65.0,65.25,48.5,48.75,31.25,29.75,31.0,67.5,32.75,30.25,34.5,35.75,95.5,88.75,22.25,41.5,26.25,19.0,26.75,17.25,10.75,13.25,23.0,8.5,29.5,40.25,17.5,47.25,50.25,19.75,12.75,20.0,18.0,10.75,9.0,42.25,26.25,52.75,41.75,29.5,48.5,44.25,51.5,51.0,36.25,0.0,43.0,,,,,,,,,,,,,,,,,,,,,,,,,,,,,,,,,,
39,,,,,26.0,36.5,52.25,62.0,67.25,55.0,60.5,47.25,25.75,54.75,64.5,23.0,47.75,39.75,30.5,44.75,61.75,57.5,41.25,38.75,27.0,16.5,15.0,24.75,13.25,20.25,23.5,20.5,22.5,23.0,25.25,28.0,18.25,13.5,15.75,18.5,21.75,8.75,18.75,23.5,46.25,34.0,30.75,32.25,24.5,48.25,37.25,42.25,35.5,12.25,42.75,63.25,,,,,,,,,,,,,,,,,,,,,,,,,,,,,,,,,
40,,,,,,37.25,43.5,79.5,61.25,70.75,57.25,56.5,27.5,36.75,39.0,42.5,25.5,30.25,23.75,18.75,21.25,49.75,72.0,31.25,61.0,25.75,13.0,34.0,28.0,27.75,32.0,6.75,36.5,20.5,14.25,44.25,11.0,34.25,42.75,10.25,0.0,23.75,22.75,48.25,54.75,13.75,41.25,23.0,3.0,27.5,26.25,10.0,19.25,28.25,37.25,55.75,,,,,,,,,,,,,,,,,,,,,,,,,,,,,,,,,
41,,,,,,73.0,61.5,62.25,52.25,37.25,78.0,47.75,37.25,64.5,57.0,13.25,57.0,38.0,20.5,18.0,67.75,47.0,67.75,51.25,35.0,15.5,22.0,22.75,18.0,21.75,27.75,34.0,25.5,25.75,25.5,22.75,12.75,25.5,30.0,14.75,15.25,5.0,29.0,20.75,36.25,10.25,21.0,51.0,15.25,25.0,29.75,17.5,7.5,39.5,74.0,58.0,,,,,,,,,,,,,,,,,,,,,,,,,,,,,,,,,
42,,,,,,20.0,59.5,80.25,82.5,53.25,35.0,42.25,44.5,63.25,57.25,47.25,48.0,27.25,43.75,57.75,83.5,69.75,21.75,35.25,31.75,9.75,29.0,22.0,14.25,14.75,26.25,6.5,17.0,43.75,13.75,38.75,38.25,24.0,21.5,23.0,33.5,19.25,17.5,45.5,20.5,38.0,25.5,47.0,31.5,66.5,44.5,49.0,39.0,4.25,23.25,92.75,,,,,,,,,,,,,,,,,,,,,,,,,,,,,,,,,
43,,,,,,33.5,56.0,39.5,71.75,56.25,89.75,41.25,47.5,57.5,60.5,26.5,45.25,48.5,19.75,15.75,62.75,38.75,62.25,34.0,30.25,15.5,18.5,27.25,20.25,16.0,35.25,26.25,17.0,30.25,14.5,22.0,7.5,25.0,20.25,20.0,9.75,2.5,14.0,23.5,45.0,10.0,32.0,46.25,12.75,42.75,31.75,38.5,7.5,18.5,55.75,50.5,,,,,,,,,,,,,,,,,,,,,,,,,,,,,,,,,
44,,,,,,,32.0,66.0,37.75,71.5,69.0,42.25,46.5,54.75,39.0,42.25,17.0,31.5,21.75,24.75,26.0,87.25,59.5,39.75,41.0,33.25,30.25,37.5,35.25,25.75,26.0,22.75,30.75,31.75,24.25,15.75,12.5,63.5,43.0,9.25,3.5,23.5,20.0,45.75,65.5,29.75,31.25,14.25,26.25,27.75,24.0,7.0,18.0,13.25,50.5,63.25,37.5,,,,,,,,,,,,,,,,,,,,,,,,,,,,,,,,
45,,,,,,,37.5,79.0,52.75,48.25,35.75,40.0,39.75,58.0,31.75,37.75,30.25,18.5,39.0,49.75,58.5,66.75,19.25,49.0,34.0,20.25,32.0,18.5,7.0,21.25,21.0,7.5,34.5,29.25,15.5,25.5,45.5,13.0,18.0,23.5,12.75,7.5,17.25,52.0,31.25,58.25,36.75,21.5,33.5,40.25,53.0,57.25,26.0,5.5,22.25,56.75,22.75,,,,,,,,,,,,,,,,,,,,,,,,,,,,,,,,
46,,,,,,,27.0,29.5,27.75,34.0,27.25,32.5,29.0,29.25,27.25,16.0,14.5,16.0,17.75,17.75,14.0,43.0,36.0,12.5,25.25,14.0,10.0,20.5,20.5,8.0,14.0,2.5,14.0,18.0,7.5,16.5,3.75,24.75,22.75,10.0,1.25,12.25,5.75,34.0,34.25,17.5,18.75,15.75,6.25,18.0,14.5,5.0,8.75,6.75,21.5,46.75,25.0,,,,,,,,,,,,,,,,,,,,,,,,,,,,,,,,
47,,,,,,,53.5,83.25,66.5,65.5,50.75,38.25,40.0,63.0,40.5,36.0,29.75,15.5,45.0,56.25,67.0,67.5,16.25,60.0,33.75,13.25,35.0,20.5,4.5,16.75,24.0,7.25,36.5,26.25,13.0,32.25,40.25,15.25,22.5,32.5,24.75,18.5,19.0,53.75,33.5,62.25,37.75,33.25,36.75,46.25,53.25,61.5,18.5,9.75,36.25,61.75,16.0,,,,,,,,,,,,,,,,,,,,,,,,,,,,,,,,
48,,,,,,,72.0,54.0,42.25,48.25,62.5,57.0,33.5,63.75,78.25,28.25,48.75,52.5,19.0,26.5,60.0,29.75,63.5,49.75,36.25,33.5,17.0,34.75,14.5,30.0,24.75,31.25,9.5,24.5,16.25,24.0,10.75,24.5,21.5,13.25,29.5,0.0,24.75,26.25,48.75,13.25,42.25,32.75,16.25,55.25,25.75,35.0,5.25,20.75,59.5,35.5,33.5,,,,,,,,,,,,,,,,,,,,,,,,,,,,,,,,
49,,,,,,,31.5,61.75,43.75,69.25,69.0,53.25,47.75,50.5,46.5,29.75,23.5,25.75,24.5,32.5,18.25,70.5,61.0,33.5,63.25,12.25,26.5,22.25,33.5,22.25,20.5,6.75,38.25,31.25,29.0,38.0,13.25,36.0,49.75,28.75,2.5,10.0,28.75,49.5,49.25,36.75,26.0,23.0,17.25,19.25,33.75,2.5,7.0,29.25,21.0,52.5,33.75,59.0,,,,,,,,,,,,,,,,,,,,,,,,,,,,,,,
50,,,,,,,40.5,78.5,72.5,52.0,25.0,37.0,42.5,34.25,32.0,46.5,20.0,37.5,28.75,60.5,74.75,62.25,22.5,41.0,24.75,20.25,33.5,23.5,4.0,11.5,23.5,9.75,20.0,33.75,24.5,43.25,35.5,26.0,21.0,13.0,17.5,22.25,11.5,24.25,23.0,32.25,37.75,32.0,40.0,35.0,46.5,51.0,27.75,5.75,38.75,60.5,20.0,77.5,,,,,,,,,,,,,,,,,,,,,,,,,,,,,,,
51,,,,,,,,85.75,22.75,76.75,60.0,69.25,54.5,56.75,39.25,55.5,21.75,30.5,24.25,22.75,22.75,64.0,83.25,17.5,38.75,27.25,23.0,28.0,32.5,18.5,33.25,17.0,22.75,19.0,17.0,28.0,14.5,37.25,37.0,12.25,3.25,17.0,27.25,39.5,50.5,21.0,41.75,23.25,17.5,28.25,34.0,0.0,27.75,14.5,41.0,53.25,44.75,44.75,,,,,,,,,,,,,,,,,,,,,,,,,,,,,,,
52,,,,,,,,86.0,63.75,60.5,28.0,30.5,38.0,48.0,41.0,42.0,24.5,31.75,38.75,58.25,70.5,71.5,19.5,38.25,26.0,19.25,44.5,27.25,4.75,10.0,22.75,13.25,18.0,35.75,24.0,38.25,33.25,24.5,24.5,19.0,16.25,21.5,9.25,41.25,30.25,38.25,41.75,41.75,35.0,40.25,37.5,51.75,25.0,9.0,26.75,70.5,31.0,72.25,,,,,,,,,,,,,,,,,,,,,,,,,,,,,,,
53,,,,,,,,86.0,57.0,51.75,24.0,17.5,39.75,52.0,35.25,43.0,29.5,24.75,43.5,56.0,68.0,66.5,20.75,36.0,18.25,13.75,41.5,24.0,4.75,11.5,16.25,12.0,22.25,36.25,25.75,33.75,29.0,20.25,23.0,13.0,14.75,22.5,5.5,45.5,43.5,37.5,34.5,40.5,28.75,33.75,37.75,50.0,33.0,8.25,19.75,65.5,31.0,61.0,,,,,,,,,,,,,,,,,,,,,,,,,,,,,,,
54,,,,,,,,43.25,70.75,49.25,71.75,25.0,41.5,54.75,55.5,20.0,38.0,41.25,24.0,18.25,41.75,51.0,57.5,34.5,44.5,11.5,15.0,25.75,18.25,20.0,33.0,35.25,24.5,19.75,33.25,27.0,12.5,22.75,13.0,20.0,15.0,4.5,24.5,27.75,36.75,6.75,28.75,36.25,23.75,34.25,23.0,23.75,4.75,24.5,56.5,46.5,37.75,40.75,,,,,,,,,,,,,,,,,,,,,,,,,,,,,,,
55,,,,,,,,37.75,47.0,34.5,79.75,36.25,29.0,54.75,57.25,19.0,42.5,24.75,17.0,19.75,38.0,39.5,57.25,42.0,35.0,20.75,16.5,32.5,18.0,25.5,24.0,26.75,17.75,12.5,11.75,17.25,12.5,17.25,14.75,19.0,8.25,2.75,15.75,22.5,31.75,7.25,23.5,46.25,8.0,37.75,22.5,28.75,6.75,24.75,44.75,40.5,23.0,38.0,,,,,,,,,,,,,,,,,,,,,,,,,,,,,,,
56,,,,,,,,39.75,45.0,41.0,86.0,51.25,44.5,60.25,81.5,15.0,47.25,55.5,32.75,14.0,56.5,34.5,63.0,51.25,48.75,16.75,10.0,29.5,12.75,41.0,41.0,35.0,16.75,13.5,26.75,40.0,17.0,22.0,24.75,10.25,13.5,2.5,27.75,29.25,35.25,23.5,33.5,53.0,16.5,51.25,25.75,40.5,8.25,29.5,45.0,65.0,50.25,51.75,,,,,,,,,,,,,,,,,,,,,,,,,,,,,,,
57,,,,,,,,52.0,60.75,39.25,92.75,47.0,50.0,63.75,78.5,36.75,49.75,50.5,14.0,23.25,67.0,54.25,67.5,53.25,29.25,12.5,8.0,35.5,17.0,30.75,31.75,32.5,30.25,37.75,24.75,35.0,19.5,29.25,16.5,26.5,9.0,0.0,22.5,37.25,54.75,10.25,33.0,49.25,19.5,50.5,12.5,39.25,5.25,33.25,62.75,59.25,50.5,43.25,,,,,,,,,,,,,,,,,,,,,,,,,,,,,,,
58,,,,,,,,,48.0,48.25,83.75,53.75,40.0,43.5,51.5,46.25,17.75,23.5,27.5,20.5,28.75,62.5,80.5,46.5,45.0,24.5,17.75,44.0,33.25,16.0,21.5,19.25,21.75,23.25,37.0,33.75,20.25,38.25,33.75,17.5,8.5,19.25,19.25,66.0,50.5,22.25,21.25,24.0,11.25,25.75,29.5,23.0,17.0,27.5,43.5,54.5,53.0,53.75,33.0,,,,,,,,,,,,,,,,,,,,,,,,,,,,,,
59,,,,,,,,,75.5,51.5,78.5,61.25,41.5,57.0,67.25,24.75,41.25,36.0,20.75,18.0,79.5,57.75,75.25,32.25,37.5,16.5,16.5,28.0,14.75,37.0,27.0,37.75,26.5,14.0,14.0,25.5,13.25,24.75,26.0,15.25,12.25,8.0,24.0,32.75,23.25,20.5,37.75,59.75,19.75,52.25,37.5,35.5,8.25,25.25,48.0,34.25,33.0,42.25,74.25,,,,,,,,,,,,,,,,,,,,,,,,,,,,,,
60,,,,,,,,,68.75,55.0,51.5,37.5,39.25,50.25,44.75,60.0,34.5,32.5,40.5,54.5,74.5,60.0,27.75,45.25,37.5,21.25,31.0,15.0,8.0,28.0,25.75,21.5,26.0,28.5,18.0,49.0,35.25,29.75,20.75,25.5,13.75,14.25,22.5,43.25,29.75,40.5,40.75,42.25,26.5,53.75,46.5,65.25,28.5,12.25,15.0,44.75,39.0,74.75,35.75,,,,,,,,,,,,,,,,,,,,,,,,,,,,,,
61,,,,,,,,,54.5,27.75,78.25,66.25,31.5,70.0,48.25,19.75,53.25,33.75,36.0,15.5,53.25,54.5,70.0,34.0,35.5,13.75,11.5,25.75,4.5,19.0,23.25,31.25,14.0,18.25,33.0,34.0,7.75,25.0,18.0,25.25,10.5,2.5,14.0,49.5,38.5,12.25,31.5,44.0,7.75,43.75,33.0,30.0,5.0,22.25,48.25,50.75,57.0,33.0,56.0,,,,,,,,,,,,,,,,,,,,,,,,,,,,,,
62,,,,,,,,,43.0,84.5,61.25,39.5,37.75,43.25,44.75,60.75,17.0,24.25,29.25,24.0,14.75,69.75,69.5,31.5,49.5,11.5,14.0,27.0,19.25,22.5,17.0,14.75,17.5,19.75,13.5,20.5,5.5,34.25,30.25,16.25,2.75,13.5,47.0,33.0,56.75,24.25,43.25,31.25,8.25,34.5,24.75,8.25,16.25,20.75,28.75,58.5,47.0,51.25,32.0,44.25,,,,,,,,,,,,,,,,,,,,,,,,,,,,,
63,,,,,,,,,65.0,63.0,64.25,50.25,33.5,52.75,65.5,22.5,37.0,48.25,18.5,15.75,63.5,49.0,73.0,46.75,41.0,11.75,17.0,29.0,8.75,22.0,39.5,22.0,22.0,22.25,31.5,32.25,5.75,28.75,23.25,10.75,22.75,4.5,15.5,30.75,50.25,7.0,29.0,62.75,25.5,53.75,21.5,30.0,2.25,26.75,51.5,47.25,49.75,45.0,57.25,,,,,,,,,,,,,,,,,,,,,,,,,,,,,,
64,,,,,,,,,62.75,41.5,90.0,56.5,47.5,79.0,58.75,23.75,54.25,48.5,21.5,21.5,72.25,55.75,68.5,35.75,28.25,16.75,26.75,39.5,10.0,26.75,34.5,44.0,24.5,11.25,21.75,32.0,5.5,24.25,20.0,26.5,5.0,0.0,18.25,51.75,44.25,13.0,27.75,44.5,18.25,35.75,25.75,24.25,5.0,29.0,66.75,60.5,32.25,38.0,69.0,64.75,,,,,,,,,,,,,,,,,,,,,,,,,,,,,
65,,,,,,,,,,85.25,48.0,30.5,39.5,38.0,48.25,35.75,23.25,23.5,23.5,18.25,15.75,58.5,58.25,40.25,43.25,20.25,23.75,33.0,25.0,11.25,22.5,13.75,21.5,9.0,11.25,30.0,2.75,25.5,38.5,25.25,2.5,18.75,14.25,34.0,40.5,18.0,33.25,15.0,14.0,28.25,13.75,16.25,17.0,16.75,37.0,57.5,31.25,49.5,31.5,34.5,,,,,,,,,,,,,,,,,,,,,,,,,,,,,
66,,,,,,,,,,42.0,63.5,53.5,20.75,63.0,70.25,18.25,54.0,49.5,30.25,19.0,82.75,66.25,79.75,38.75,34.25,15.25,14.5,37.0,8.5,40.75,31.75,28.25,27.0,26.5,38.75,44.5,4.75,14.75,14.75,14.75,23.75,0.0,17.25,22.5,33.5,3.25,24.75,55.5,9.5,49.25,27.75,27.25,2.5,23.25,46.0,37.5,44.0,29.5,68.75,75.75,,,,,,,,,,,,,,,,,,,,,,,,,,,,,
67,,,,,,,,,,41.5,71.75,62.75,64.25,54.0,64.0,15.75,43.5,48.75,29.75,22.25,69.0,54.75,42.0,45.25,28.25,20.0,8.5,33.0,16.75,31.5,32.75,38.75,26.25,6.75,28.25,33.5,12.0,18.75,25.5,21.5,9.25,2.0,28.5,47.0,44.75,7.25,34.0,47.75,21.0,51.5,15.0,48.75,5.0,31.25,71.5,39.5,41.75,38.0,49.75,67.5,,,,,,,,,,,,,,,,,,,,,,,,,,,,,
68,,,,,,,,,,76.0,58.25,39.5,38.25,72.25,57.0,44.25,21.75,18.5,33.0,29.5,34.0,73.75,80.5,40.0,54.25,20.75,28.5,26.0,45.75,21.5,16.25,21.75,34.75,31.0,17.75,36.75,0.0,30.75,41.0,20.75,5.5,31.0,25.0,40.5,70.75,29.5,48.5,31.0,21.25,43.25,30.0,12.25,20.75,13.5,50.0,65.25,51.25,43.75,54.25,58.0,59.0,,,,,,,,,,,,,,,,,,,,,,,,,,,,
69,,,,,,,,,,39.25,54.0,56.25,33.5,73.0,63.75,37.0,44.5,21.75,25.0,16.75,63.5,34.0,59.75,49.75,39.75,16.75,16.5,34.0,12.25,23.5,24.0,27.5,22.5,22.25,31.25,43.0,12.75,12.5,22.75,24.0,20.0,4.75,29.0,20.25,45.5,10.0,22.0,47.25,21.25,41.75,30.25,24.5,5.25,21.0,53.25,40.25,59.5,31.75,75.5,59.25,36.75,,,,,,,,,,,,,,,,,,,,,,,,,,,,
70,,,,,,,,,,36.0,84.5,48.75,41.75,71.25,68.75,22.25,42.5,42.75,21.0,18.25,51.75,61.75,62.75,28.75,38.0,12.0,14.0,24.0,5.25,27.0,42.0,40.25,21.0,30.0,33.25,26.75,10.75,13.25,20.75,18.0,17.5,2.25,29.25,37.0,26.0,13.0,16.5,53.5,31.75,48.0,12.0,25.75,10.25,20.0,64.0,68.25,59.0,37.5,48.5,70.25,20.0,,,,,,,,,,,,,,,,,,,,,,,,,,,,
71,,,,,,,,,,,95.0,50.5,47.75,86.25,73.0,24.5,48.0,47.75,23.25,23.25,76.25,63.5,59.5,49.75,55.25,15.25,17.75,29.75,16.0,25.75,31.75,39.0,19.5,26.25,26.25,22.5,5.75,22.75,20.0,14.5,17.0,5.75,20.0,52.25,23.0,11.0,24.5,50.25,23.25,58.75,20.0,36.5,5.5,25.0,47.75,66.25,52.5,43.5,67.25,61.25,36.25,,,,,,,,,,,,,,,,,,,,,,,,,,,,
72,,,,,,,,,,,39.75,38.25,38.0,46.75,26.5,54.0,18.5,33.0,47.5,52.75,46.0,81.0,12.75,29.75,19.5,11.25,26.25,15.0,5.5,14.5,12.5,9.25,21.75,33.75,28.25,31.75,25.0,16.5,21.0,19.25,22.0,24.5,12.25,53.5,28.25,48.5,27.25,34.75,37.0,51.25,49.75,42.5,29.25,0.0,16.75,64.25,23.0,68.75,47.5,56.0,32.0,,,,,,,,,,,,,,,,,,,,,,,,,,,,
73,,,,,,,,,,,77.75,64.0,44.5,45.25,48.75,35.25,23.25,7.75,27.0,27.0,15.75,62.0,86.0,39.5,63.5,26.0,27.25,42.5,33.25,12.25,32.75,19.5,34.0,13.75,11.5,21.25,8.5,38.5,36.25,20.0,8.0,16.5,18.75,37.0,57.25,10.0,27.75,22.5,13.75,30.75,31.75,5.5,11.5,17.5,41.5,63.5,28.75,50.0,58.0,42.5,50.0,12.0,,,,,,,,,,,,,,,,,,,,,,,,,,,
74,,,,,,,,,,,54.75,30.75,45.5,60.0,67.75,22.25,44.0,43.5,29.25,11.25,63.25,70.5,50.75,47.0,40.0,16.0,14.25,30.25,14.0,24.25,21.25,27.5,17.0,18.0,18.0,36.75,13.0,17.5,7.75,21.0,12.75,2.5,23.5,39.25,52.5,10.0,39.5,42.25,17.75,42.0,18.75,33.75,5.0,34.25,56.0,51.5,41.25,42.75,73.75,70.75,29.25,51.75,,,,,,,,,,,,,,,,,,,,,,,,,,,
75,,,,,,,,,,,56.0,32.75,35.5,52.25,41.75,50.0,18.25,13.75,24.25,22.5,17.25,54.25,74.0,26.0,46.75,11.25,13.5,40.25,35.25,14.75,16.0,12.5,30.25,17.75,21.0,28.5,9.5,11.75,26.0,14.5,0.0,8.0,20.25,38.5,35.0,24.25,43.25,27.0,15.25,29.25,24.0,12.75,18.75,16.75,27.5,34.25,26.5,41.25,23.5,34.0,58.5,11.25,,,,,,,,,,,,,,,,,,,,,,,,,,,
76,,,,,,,,,,,73.25,43.5,28.75,63.0,80.0,37.0,51.0,37.75,19.75,12.25,57.25,43.0,51.5,27.0,28.0,18.75,9.5,22.0,7.0,29.75,29.0,36.75,11.75,17.75,32.25,34.5,8.0,15.0,15.75,13.0,3.0,5.5,30.25,39.25,34.25,13.75,37.25,47.25,15.25,66.25,24.5,28.75,10.75,37.25,49.5,59.75,29.75,29.0,76.75,69.0,28.75,58.75,,,,,,,,,,,,,,,,,,,,,,,,,,,
77,,,,,,,,,,,,42.75,45.5,49.5,34.25,44.25,26.5,19.25,29.75,19.75,28.75,51.5,79.5,32.0,44.0,16.5,13.5,42.75,32.5,12.0,21.5,12.25,33.5,20.75,24.0,31.75,15.75,17.75,28.75,14.5,0.0,14.0,27.25,42.5,44.25,24.0,40.25,20.5,18.25,29.25,24.0,12.75,15.25,10.0,30.75,30.5,18.75,38.0,38.0,22.75,40.75,11.25,,,,,,,,,,,,,,,,,,,,,,,,,,,
78,,,,,,,,,,,,59.25,22.75,57.75,60.75,33.5,57.5,37.75,20.0,19.0,63.75,48.0,51.25,32.0,32.25,9.0,14.5,26.0,4.75,29.75,22.0,32.0,18.75,25.25,21.25,36.0,16.25,13.5,15.5,13.0,8.25,6.0,28.0,32.0,25.75,13.0,32.25,51.25,20.75,67.5,28.0,21.25,11.0,29.25,53.0,64.25,38.5,49.0,65.5,93.5,25.75,48.75,,,,,,,,,,,,,,,,,,,,,,,,,,,
79,,,,,,,,,,,,51.75,28.0,53.0,49.0,46.5,15.5,27.75,25.5,30.25,18.5,54.75,71.0,36.25,49.0,27.25,15.0,28.25,25.5,23.25,37.0,15.25,16.25,28.75,13.5,34.75,14.5,33.25,42.25,16.75,2.75,17.5,35.25,36.0,41.5,24.75,26.75,23.25,2.5,29.0,26.5,8.0,14.75,12.25,46.25,33.75,40.0,65.25,42.5,37.75,53.75,12.5,,,,,,,,,,,,,,,,,,,,,,,,,,,
80,,,,,,,,,,,,34.25,26.5,57.0,49.75,40.25,19.25,27.0,29.5,31.5,15.25,63.0,85.75,41.5,60.5,29.75,15.5,44.5,35.5,10.75,16.5,20.75,49.75,30.5,16.25,39.0,6.5,47.75,26.0,14.0,0.0,26.0,23.5,24.75,48.0,28.5,60.25,26.0,14.25,36.0,27.5,6.0,25.25,19.5,49.5,57.75,37.75,58.0,50.25,40.5,51.25,6.25,34.25,,,,,,,,,,,,,,,,,,,,,,,,,,
81,,,,,,,,,,,,56.5,45.25,64.25,72.5,17.75,59.25,45.5,26.75,18.0,72.25,52.0,63.25,35.75,42.75,26.75,20.75,28.0,16.5,24.5,40.5,40.75,30.5,26.5,27.25,35.5,17.75,30.25,25.25,26.5,20.75,0.0,29.75,39.25,39.75,17.25,21.0,52.0,17.25,59.0,30.75,37.0,11.25,23.0,63.0,52.25,49.5,41.0,63.0,72.75,34.25,56.25,29.0,,,,,,,,,,,,,,,,,,,,,,,,,,
82,,,,,,,,,,,,,52.75,60.5,65.25,16.5,46.75,33.5,25.25,19.5,85.25,54.75,56.75,38.25,40.25,22.25,23.75,34.0,12.25,25.25,37.25,35.5,32.25,20.0,21.5,36.75,22.0,26.25,29.25,20.0,19.25,0.0,28.25,30.5,33.0,18.75,22.75,51.0,16.5,49.25,25.25,30.75,13.0,25.0,56.5,56.25,46.75,48.0,61.0,64.25,35.25,57.25,24.25,,,,,,,,,,,,,,,,,,,,,,,,,,
83,,,,,,,,,,,,,26.75,54.5,41.5,37.25,22.0,26.75,29.25,31.25,21.0,57.25,82.75,41.25,46.25,29.75,12.75,35.75,32.5,16.5,13.5,20.75,42.25,33.5,10.0,28.5,6.5,44.75,35.25,23.25,3.0,29.0,23.5,33.0,69.75,22.0,57.0,19.5,17.25,26.5,23.75,6.0,25.5,16.0,32.0,58.0,41.5,54.25,53.75,47.75,44.0,9.5,28.5,,,,,,,,,,,,,,,,,,,,,,,,,,
84,,,,,,,,,,,,,47.5,48.0,35.5,58.25,21.25,18.25,30.5,27.75,21.5,65.75,78.75,36.0,60.75,22.5,27.75,29.0,23.5,18.0,23.75,16.75,35.75,29.5,17.25,25.25,3.0,31.0,26.0,23.25,5.75,16.25,26.25,47.5,54.5,31.25,31.5,14.75,14.5,23.25,23.0,12.0,22.5,12.75,47.0,37.5,42.25,45.25,39.5,41.0,43.75,12.5,37.5,,,,,,,,,,,,,,,,,,,,,,,,,,
85,,,,,,,,,,,,,48.75,88.25,42.0,45.5,31.75,38.5,25.5,17.5,68.5,63.25,42.25,41.0,19.75,9.75,27.75,16.75,14.25,23.5,22.25,37.5,26.75,26.25,15.25,28.25,41.75,25.0,21.25,12.0,15.25,13.25,22.5,31.75,40.5,33.25,30.25,30.25,26.75,44.5,35.25,58.0,11.5,12.0,39.5,39.0,32.25,57.25,48.5,72.5,26.5,33.25,26.0,,,,,,,,,,,,,,,,,,,,,,,,,,
86,,,,,,,,,,,,,35.0,73.0,57.5,21.0,53.75,42.75,20.25,13.25,52.25,46.75,59.25,31.5,25.5,17.75,9.5,25.5,15.75,27.5,32.5,31.5,12.0,11.25,15.75,32.0,10.0,28.5,18.75,10.25,19.5,5.5,18.0,35.75,41.25,23.5,29.0,40.75,29.0,48.75,23.75,26.25,11.25,26.0,49.0,47.25,37.75,46.0,65.75,68.0,21.25,33.25,24.5,,,,,,,,,,,,,,,,,,,,,,,,,,
87,,,,,,,,,,,,,46.75,80.5,65.5,18.5,40.75,31.0,23.25,23.5,68.0,57.75,50.5,27.25,29.25,12.75,13.0,11.0,17.25,19.75,30.75,29.5,20.25,17.75,24.75,29.5,7.5,27.5,23.0,16.75,5.0,0.0,18.75,16.75,43.5,7.0,27.75,50.0,14.25,42.5,23.5,34.25,2.5,20.75,56.0,69.75,35.5,38.25,61.25,73.5,27.5,32.0,30.25,,,,,,,,,,,,,,,,,,,,,,,,,,
88,,,,,,,,,,,,,32.25,48.5,42.0,46.75,34.75,46.75,56.25,66.0,84.75,71.25,35.5,49.75,16.25,6.0,35.0,17.5,18.0,11.0,20.75,9.5,23.25,26.5,14.5,33.25,44.25,30.5,20.0,14.0,20.0,15.25,30.0,45.75,29.75,56.25,36.0,52.0,42.25,61.5,71.75,65.5,19.5,7.25,14.0,66.0,26.25,70.75,32.75,74.25,81.25,48.25,37.25,,,,,,,,,,,,,,,,,,,,,,,,,,
89,,,,,,,,,,,,,49.75,79.5,55.25,17.25,61.0,38.0,26.5,22.0,78.5,58.0,42.75,30.75,30.25,24.0,15.75,36.25,13.75,27.25,13.75,28.75,25.5,15.0,22.5,27.5,10.0,25.0,19.5,10.0,22.0,4.75,22.5,34.25,22.75,9.5,15.0,53.5,12.25,57.75,20.0,29.5,7.5,38.0,52.25,38.5,22.25,53.25,52.25,74.0,40.0,34.5,21.25,,,,,,,,,,,,,,,,,,,,,,,,,,
90,,,,,,,,,,,,,53.25,82.5,54.75,39.25,22.75,20.75,34.25,26.75,20.5,60.5,76.5,34.75,43.25,8.5,29.0,47.5,39.25,24.25,20.5,16.25,40.5,28.25,32.75,36.0,11.75,27.25,42.5,14.25,5.75,22.5,26.25,41.0,60.5,46.0,40.25,10.75,15.5,21.25,30.25,22.0,26.75,37.75,57.5,63.0,52.75,38.5,47.5,29.25,67.5,17.25,44.5,5.0,,,,,,,,,,,,,,,,,,,,,,,,,
91,,,,,,,,,,,,,43.25,74.25,78.5,23.5,48.25,34.5,14.5,27.75,45.5,43.75,59.25,43.0,38.0,15.75,19.5,25.5,18.75,31.25,21.0,24.75,13.75,16.5,38.75,18.5,10.25,24.0,16.75,22.0,10.75,5.75,13.75,33.5,39.25,8.5,25.25,50.75,24.75,67.0,19.5,29.75,8.0,39.25,50.0,40.25,41.25,39.25,62.5,62.75,40.25,45.25,40.5,24.75,,,,,,,,,,,,,,,,,,,,,,,,,
92,,,,,,,,,,,,,31.5,56.25,41.0,43.25,19.75,22.25,22.5,21.75,21.75,76.25,66.75,19.75,49.25,20.75,26.25,40.5,17.5,10.5,13.75,18.25,23.75,15.5,16.75,40.25,12.75,29.0,25.0,22.0,3.25,14.0,18.75,26.25,49.75,29.25,21.25,28.75,16.25,34.25,31.25,5.0,26.0,21.5,46.0,57.5,33.75,49.75,45.75,27.75,31.0,11.75,31.75,8.0,,,,,,,,,,,,,,,,,,,,,,,,,
93,,,,,,,,,,,,,45.75,78.5,77.75,29.25,52.75,40.5,18.25,15.25,68.5,65.0,50.0,35.5,49.75,14.5,11.75,27.25,15.0,30.75,33.25,41.25,25.5,19.75,30.25,18.25,17.0,28.0,21.75,16.75,27.0,0.0,22.25,38.0,38.0,11.25,31.75,52.5,22.75,63.5,19.0,41.25,8.5,19.25,67.75,62.0,39.25,29.75,74.5,60.0,38.0,42.25,21.5,20.75,,,,,,,,,,,,,,,,,,,,,,,,,
94,,,,,,,,,,,,,,44.0,39.5,45.25,22.25,27.5,25.0,26.75,15.75,77.75,67.75,13.0,48.25,17.5,22.75,31.0,20.0,13.0,16.25,15.0,26.5,14.5,19.5,32.5,15.75,25.5,21.5,15.5,3.0,19.5,14.75,38.0,48.5,12.75,24.0,22.0,19.0,42.75,23.5,8.0,22.5,24.5,31.5,71.5,25.5,34.5,48.75,34.75,40.75,11.5,25.25,5.0,,,,,,,,,,,,,,,,,,,,,,,,,
95,,,,,,,,,,,,,,51.5,48.75,47.5,13.25,10.5,21.5,23.25,16.0,67.25,48.0,39.75,53.5,38.5,20.25,31.5,18.25,15.75,23.25,21.75,29.0,24.25,11.75,35.0,14.75,30.75,20.25,20.0,5.75,19.5,26.75,31.75,51.5,17.25,35.25,24.0,14.5,26.25,19.5,18.0,23.5,35.0,25.0,79.75,22.0,27.75,47.0,37.5,46.5,9.25,30.25,5.25,,,,,,,,,,,,,,,,,,,,,,,,,
96,,,,,,,,,,,,,,78.5,79.75,23.25,43.75,39.75,27.0,15.0,65.5,60.5,62.75,53.25,41.5,29.25,17.0,25.5,17.0,33.0,40.75,29.0,27.5,11.0,24.25,21.5,14.25,29.5,24.5,27.25,18.75,6.0,27.75,24.5,24.25,3.0,25.25,41.75,18.75,52.5,32.75,31.25,3.0,15.0,40.75,50.25,40.5,39.5,70.75,72.5,31.0,57.0,23.25,22.25,,,,,,,,,,,,,,,,,,,,,,,,,
97,,,,,,,,,,,,,,51.5,32.75,46.75,17.0,25.75,28.5,28.0,20.25,46.25,90.25,28.5,57.75,23.25,33.75,39.0,21.75,6.25,25.5,18.0,43.0,25.75,18.25,49.25,12.75,22.5,35.25,25.25,0.0,21.25,31.75,38.0,61.75,18.0,30.0,22.25,16.25,35.25,29.0,19.25,32.5,10.0,56.5,55.75,66.75,58.5,43.5,26.75,47.0,10.75,29.75,0.0,30.25,,,,,,,,,,,,,,,,,,,,,,,,
98,,,,,,,,,,,,,,47.25,39.25,42.25,31.75,41.0,33.25,66.75,57.75,98.5,17.75,46.25,23.5,11.25,35.25,21.25,11.25,7.25,25.0,16.75,30.75,33.0,26.0,43.25,49.25,29.75,18.25,31.5,25.75,21.5,9.25,47.75,31.0,68.5,13.0,44.0,43.25,45.5,41.75,52.5,24.0,9.75,18.75,59.0,24.75,61.5,29.25,66.25,61.5,57.25,23.0,37.75,18.0,,,,,,,,,,,,,,,,,,,,,,,,
99,,,,,,,,,,,,,,,35.0,34.5,15.5,7.0,26.75,20.25,14.0,51.0,76.5,26.75,48.25,21.5,19.5,20.25,24.5,13.5,15.75,14.25,31.0,23.75,20.5,23.0,12.5,24.25,28.25,7.5,5.25,15.0,26.25,27.25,53.0,18.25,43.0,15.75,10.5,22.25,11.75,10.0,17.25,19.5,26.75,47.75,42.75,35.5,46.0,24.25,67.5,13.5,30.5,4.5,9.5,,,,,,,,,,,,,,,,,,,,,,,,
100,,,,,,,,,,,,,,,79.0,20.25,61.25,42.75,25.25,13.0,70.0,57.75,61.0,36.75,34.25,28.5,16.75,15.25,18.5,34.0,37.0,25.25,16.25,20.25,18.5,18.25,6.0,25.75,17.75,20.75,15.25,2.25,13.25,23.75,32.75,13.25,20.75,52.25,27.25,53.5,31.25,51.25,2.25,26.25,57.5,59.75,50.25,40.5,63.0,73.5,34.75,37.75,32.75,21.25,20.5,,,,,,,,,,,,,,,,,,,,,,,,
101,,,,,,,,,,,,,,,62.5,22.0,57.5,34.25,22.5,23.0,49.0,54.75,58.25,43.0,43.75,22.5,12.25,30.75,15.75,23.75,22.0,32.0,19.75,13.5,21.0,26.5,6.75,22.75,14.25,10.0,13.5,2.75,13.25,21.5,38.25,18.0,32.0,54.75,23.25,30.0,45.75,31.0,10.75,27.75,65.25,35.75,53.0,49.75,78.0,80.75,17.5,37.75,24.0,16.75,19.5,,,,,,,,,,,,,,,,,,,,,,,,
102,,,,,,,,,,,,,,,45.5,52.25,8.5,28.0,38.5,27.0,28.5,66.25,69.75,23.75,53.0,25.75,30.0,38.75,33.0,22.75,19.5,20.75,37.5,28.0,24.25,20.5,19.25,30.5,28.0,18.5,3.0,18.0,41.5,61.0,42.5,27.25,31.5,28.5,12.5,37.0,20.75,11.75,18.75,23.0,42.75,66.25,25.5,78.75,49.75,50.0,70.0,20.25,37.25,5.5,23.0,,,,,,,,,,,,,,,,,,,,,,,,
103,,,,,,,,,,,,,,,61.75,24.25,54.75,29.0,17.75,17.5,73.75,38.0,61.25,29.0,40.5,18.5,25.0,18.5,9.0,27.0,30.25,26.75,25.75,15.25,37.75,11.25,13.0,17.75,17.75,20.0,12.75,4.75,5.75,28.25,40.5,10.5,21.25,54.75,12.75,64.0,21.0,31.25,8.0,25.25,50.0,66.25,35.0,53.25,55.75,71.75,19.75,35.5,28.5,15.5,14.25,,,,,,,,,,,,,,,,,,,,,,,,
104,,,,,,,,,,,,,,,45.75,58.0,20.75,30.75,37.75,26.5,35.75,54.25,78.25,51.0,61.75,14.25,21.75,37.0,35.75,21.0,20.5,22.75,33.25,32.25,14.0,30.25,9.5,44.75,30.75,14.25,3.75,29.75,38.25,54.0,67.0,20.5,31.0,34.25,21.5,44.75,21.25,19.75,20.75,26.0,28.5,58.25,52.75,52.0,33.75,43.5,72.75,23.5,46.5,6.0,17.5,15.5,,,,,,,,,,,,,,,,,,,,,,,
105,,,,,,,,,,,,,,,43.25,49.75,21.25,27.25,39.0,56.25,64.0,67.75,28.0,28.25,21.5,5.25,35.25,20.75,8.25,22.75,14.5,24.0,15.0,24.75,11.25,30.0,40.25,27.25,18.75,20.75,18.0,24.25,25.25,29.25,26.75,51.25,35.75,40.75,34.75,40.5,59.5,53.5,47.0,5.75,26.0,71.25,28.5,62.0,37.0,54.25,47.0,51.5,15.75,22.25,19.75,30.0,,,,,,,,,,,,,,,,,,,,,,,
106,,,,,,,,,,,,,,,67.75,23.25,68.25,46.0,38.5,18.0,60.5,52.0,56.25,27.75,41.75,19.0,28.25,22.75,14.5,18.25,25.5,40.0,15.75,23.75,28.75,25.5,11.5,23.0,20.5,15.0,19.25,0.0,28.5,38.25,34.25,14.75,8.25,74.75,17.0,44.75,23.75,36.5,8.75,37.25,50.75,56.75,56.0,40.75,73.0,57.25,25.5,47.25,12.5,23.5,18.25,4.5,,,,,,,,,,,,,,,,,,,,,,,
107,,,,,,,,,,,,,,,,37.25,16.0,26.5,31.25,23.75,31.0,53.0,92.25,37.5,72.5,11.25,16.75,24.25,31.25,19.5,19.0,13.5,27.75,31.25,12.25,29.25,10.5,43.5,27.75,11.0,3.75,20.25,44.5,51.0,55.5,21.5,19.5,17.75,9.25,36.0,29.75,18.25,19.0,20.0,25.0,53.5,46.75,53.75,30.0,41.5,62.75,12.75,40.25,6.0,12.0,10.5,,,,,,,,,,,,,,,,,,,,,,,
108,,,,,,,,,,,,,,,,29.5,51.5,35.75,34.5,17.25,58.0,51.5,55.25,21.75,30.25,18.0,20.25,27.0,14.75,19.5,41.25,41.75,22.5,15.25,20.75,26.75,17.25,29.5,20.25,24.25,17.5,13.75,44.25,43.25,32.5,26.5,28.5,49.75,29.25,48.5,44.0,38.75,16.5,15.5,35.0,68.75,54.0,52.5,74.5,42.25,45.75,38.0,16.25,18.25,18.75,14.0,,,,,,,,,,,,,,,,,,,,,,,
109,,,,,,,,,,,,,,,,65.75,35.75,33.5,33.25,23.5,14.75,69.25,87.75,48.75,66.5,24.75,24.0,32.5,26.5,18.25,22.25,10.75,26.75,20.25,20.75,37.5,14.25,31.25,35.0,17.0,3.0,20.25,13.5,38.25,56.75,27.75,48.5,32.5,16.75,26.0,34.0,12.75,15.25,20.75,40.75,59.5,36.0,75.25,60.75,49.5,59.5,4.5,36.25,8.75,17.0,15.5,,,,,,,,,,,,,,,,,,,,,,,
110,,,,,,,,,,,,,,,,21.75,31.25,30.25,11.5,14.25,58.25,35.75,51.25,36.5,27.75,14.5,20.25,24.75,18.25,27.25,29.25,22.0,23.0,16.5,33.5,29.5,4.5,25.25,7.0,11.5,20.0,6.75,12.75,22.0,36.5,6.75,16.75,41.5,23.25,34.25,19.0,17.5,4.75,23.0,42.5,51.25,31.25,32.25,78.0,57.25,12.5,24.25,19.75,12.5,19.75,6.25,,,,,,,,,,,,,,,,,,,,,,,
111,,,,,,,,,,,,,,,,41.0,16.25,22.5,25.5,21.5,12.5,39.75,72.5,27.75,44.75,19.5,20.5,31.75,28.25,16.25,33.75,25.0,28.75,34.75,14.0,19.5,20.25,32.25,37.25,23.5,5.25,19.75,29.5,41.75,48.0,20.25,37.0,25.5,14.25,21.25,25.5,17.0,14.5,27.5,49.5,57.5,19.0,62.5,46.25,41.25,60.0,24.75,29.25,7.75,8.5,19.5,,,,,,,,,,,,,,,,,,,,,,,
112,,,,,,,,,,,,,,,,23.5,44.5,47.0,26.5,24.75,83.0,48.75,57.25,46.0,39.75,25.0,21.5,38.0,14.5,29.0,31.5,43.25,39.75,13.25,41.75,31.5,9.0,14.5,6.25,26.25,14.75,2.75,21.0,31.75,36.5,18.75,21.5,37.75,17.75,48.0,27.0,31.75,14.0,36.5,70.0,55.0,39.75,38.5,75.25,83.0,37.5,35.5,23.75,23.0,16.0,10.0,,,,,,,,,,,,,,,,,,,,,,,
113,,,,,,,,,,,,,,,,29.25,27.0,27.25,23.75,19.25,22.75,60.25,72.75,29.0,39.25,28.5,23.75,21.75,22.75,9.5,43.0,10.75,22.0,27.5,32.5,29.5,10.5,28.25,26.0,13.25,2.5,16.0,28.5,30.0,32.75,23.5,33.0,41.75,2.75,36.0,21.75,8.25,22.5,15.25,29.0,39.5,20.75,23.5,41.0,61.0,52.25,3.25,42.5,7.75,23.0,10.25,,,,,,,,,,,,,,,,,,,,,,,
114,,,,,,,,,,,,,,,,9.75,59.25,23.25,22.5,13.0,57.0,49.5,62.25,34.25,30.5,16.5,21.5,32.0,17.0,18.0,20.75,17.5,14.25,12.0,18.0,17.75,13.0,11.25,19.75,13.5,12.25,3.0,13.75,12.5,46.25,9.25,24.0,33.0,9.5,48.25,27.25,16.5,12.5,30.0,39.5,35.75,29.5,46.0,74.75,75.5,29.25,45.75,20.0,26.5,8.5,10.0,,,,,,,,,,,,,,,,,,,,,,,
115,,,,,,,,,,,,,,,,,33.25,27.25,31.25,19.25,11.0,64.75,75.5,41.5,51.0,27.0,10.5,40.5,37.25,16.0,30.5,6.75,20.75,20.75,30.0,26.25,11.25,28.25,27.5,11.25,9.0,14.25,23.25,48.75,53.25,16.25,23.5,21.5,11.75,32.0,21.5,12.25,31.75,34.5,38.75,61.0,28.0,36.25,31.5,51.0,68.75,15.0,14.5,2.75,18.25,10.5,15.75,,,,,,,,,,,,,,,,,,,,,,
116,,,,,,,,,,,,,,,,,47.75,27.0,15.25,25.25,70.75,59.0,71.5,49.0,25.75,20.75,26.0,20.0,18.5,34.25,32.5,33.5,31.5,14.5,21.0,19.75,10.75,13.25,22.75,17.75,20.75,2.0,22.25,26.75,37.5,8.0,31.5,42.0,20.75,48.0,33.25,30.0,8.5,17.25,67.5,54.75,29.0,24.0,87.75,67.5,24.0,23.0,25.5,11.0,26.25,6.25,5.5,,,,,,,,,,,,,,,,,,,,,,
117,,,,,,,,,,,,,,,,,32.0,29.75,20.75,37.25,43.0,50.25,85.5,30.75,67.25,29.75,14.25,30.25,33.75,18.5,26.0,18.75,31.75,16.75,22.75,32.5,16.75,42.25,20.0,20.5,6.75,23.25,34.75,70.5,76.25,18.5,28.75,23.5,20.0,29.5,32.75,12.75,15.75,18.0,38.0,65.75,53.75,55.25,48.25,40.0,63.0,14.25,39.75,8.25,31.0,14.0,25.25,,,,,,,,,,,,,,,,,,,,,,
118,,,,,,,,,,,,,,,,,48.75,41.5,25.25,34.75,85.5,68.5,55.25,51.5,25.75,9.25,28.5,30.5,12.0,39.5,20.75,18.25,19.0,14.25,25.0,20.5,26.75,27.25,16.75,24.75,13.75,5.5,15.25,27.75,27.75,14.75,25.0,40.0,17.5,42.0,38.0,39.75,17.25,20.75,36.25,53.0,40.0,49.75,51.75,76.0,42.5,52.0,29.0,23.25,23.25,13.25,11.75,,,,,,,,,,,,,,,,,,,,,,
119,,,,,,,,,,,,,,,,,30.5,27.25,57.75,22.0,22.75,66.75,69.0,37.75,62.25,30.75,20.0,44.75,39.75,19.25,46.0,12.25,28.0,36.75,36.5,28.0,14.5,45.0,30.75,8.75,0.0,19.75,20.75,43.5,71.0,35.5,43.5,22.25,30.75,38.0,22.25,9.25,23.0,31.25,42.25,46.5,18.0,58.0,38.0,60.5,53.75,13.5,38.75,11.5,34.5,21.75,23.5,,,,,,,,,,,,,,,,,,,,,,
120,,,,,,,,,,,,,,,,,15.75,25.75,36.25,21.5,13.0,57.75,83.25,35.25,43.75,16.0,15.0,25.0,30.25,14.0,26.75,13.5,26.0,29.5,26.5,22.5,12.25,32.0,21.75,13.5,8.0,17.0,35.25,45.75,73.75,16.5,32.0,9.5,20.0,25.5,19.75,6.0,18.25,34.25,42.75,46.25,39.5,49.25,53.5,38.0,58.75,12.5,26.0,5.0,18.25,13.0,19.75,,,,,,,,,,,,,,,,,,,,,,
121,,,,,,,,,,,,,,,,,52.25,40.0,17.5,8.5,70.0,50.25,57.0,27.25,19.25,18.0,11.25,15.5,15.75,30.25,25.0,25.0,10.25,19.0,28.75,22.5,8.0,24.5,25.5,22.25,14.75,4.5,13.0,21.5,31.5,8.0,12.25,50.25,21.5,47.75,20.5,36.25,8.0,16.25,38.75,37.75,36.5,42.25,75.25,60.0,30.75,42.0,23.25,21.25,12.5,4.5,2.75,,,,,,,,,,,,,,,,,,,,,,
122,,,,,,,,,,,,,,,,,68.0,30.75,23.0,29.5,63.75,57.25,50.0,40.0,26.0,28.5,27.25,20.75,14.5,20.5,31.5,40.5,37.25,19.25,23.0,31.0,16.75,16.25,16.75,17.5,17.75,5.75,29.5,43.75,45.0,6.25,27.75,46.25,16.25,45.5,19.5,24.75,9.25,15.5,53.0,54.0,31.5,43.25,72.75,71.75,29.25,33.0,28.75,12.25,20.25,11.75,0.0,,,,,,,,,,,,,,,,,,,,,,
123,,,,,,,,,,,,,,,,,24.0,29.0,30.75,39.5,25.25,53.5,74.25,18.25,36.75,25.0,16.75,31.75,33.75,18.75,30.75,8.25,19.0,31.25,27.5,33.5,15.75,28.25,18.75,8.0,2.25,22.0,19.25,45.0,59.25,14.5,36.0,29.0,14.25,33.25,34.25,11.5,16.5,23.75,36.75,52.5,30.5,50.0,57.5,38.5,64.5,11.5,24.0,5.0,13.75,12.25,18.75,0.0,,,,,,,,,,,,,,,,,,,,,
124,,,,,,,,,,,,,,,,,,29.75,31.75,38.75,30.25,64.25,68.5,24.5,41.75,25.75,15.5,32.25,34.5,21.5,29.75,8.5,16.75,34.5,26.0,26.25,18.5,28.75,17.25,11.0,0.0,25.25,19.75,43.0,45.75,20.0,47.0,24.75,20.0,24.25,37.5,14.5,14.75,22.25,43.0,69.25,25.75,43.25,56.0,45.5,66.25,9.25,24.75,3.0,16.5,12.5,21.5,0.0,,,,,,,,,,,,,,,,,,,,,
125,,,,,,,,,,,,,,,,,,22.75,20.5,31.75,81.75,81.25,34.75,28.25,32.0,29.5,33.5,25.25,8.75,20.25,27.0,41.0,26.75,33.0,16.5,35.75,45.0,27.0,17.25,20.5,17.25,8.5,14.25,44.75,37.25,35.5,32.75,44.25,25.75,46.25,41.25,34.75,26.75,21.5,44.75,64.0,40.0,71.75,49.25,80.0,43.75,43.25,24.75,33.0,10.25,18.0,13.5,10.25,,,,,,,,,,,,,,,,,,,,,
126,,,,,,,,,,,,,,,,,,25.75,27.0,50.0,60.25,77.75,7.75,40.5,14.5,17.25,27.5,14.75,4.5,12.75,23.0,21.5,33.75,29.0,24.25,34.5,51.0,20.0,30.0,24.5,13.0,23.5,9.0,44.0,31.75,47.0,29.0,45.5,34.5,40.75,45.0,44.5,28.0,6.5,15.75,68.75,44.25,54.25,32.0,77.25,42.5,34.0,21.25,23.25,17.5,21.5,21.75,23.75,,,,,,,,,,,,,,,,,,,,,
127,,,,,,,,,,,,,,,,,,51.0,26.5,30.0,39.25,65.75,47.0,46.0,35.5,16.5,18.5,21.75,20.25,21.0,30.25,17.75,20.5,29.5,21.25,12.75,12.75,25.5,26.25,20.5,14.75,9.75,12.5,47.5,33.75,20.75,31.5,50.75,14.75,46.5,21.75,33.0,18.75,9.5,43.0,48.5,35.75,42.0,51.25,64.0,28.25,18.25,15.5,25.25,19.75,14.0,11.5,11.0,,,,,,,,,,,,,,,,,,,,,
128,,,,,,,,,,,,,,,,,,25.75,27.0,50.0,60.0,78.25,7.75,40.5,14.75,17.5,27.5,15.0,4.5,12.75,23.0,21.75,34.25,29.0,24.5,34.75,51.25,20.0,30.0,24.5,13.0,23.5,9.0,44.25,31.75,47.0,29.0,46.0,34.5,41.0,45.25,44.5,28.0,6.5,15.75,69.0,44.5,54.5,32.0,77.75,42.5,34.0,21.25,23.5,17.5,22.0,21.75,23.75,,,,,,,,,,,,,,,,,,,,,
129,,,,,,,,,,,,,,,,,,31.0,40.5,22.25,10.5,70.75,78.5,36.5,38.75,26.5,30.25,30.25,42.0,21.5,37.0,2.25,26.25,29.5,18.0,32.25,3.25,37.25,17.5,14.75,5.25,19.75,17.0,46.75,74.5,20.75,42.75,27.75,22.75,33.5,30.25,16.5,17.0,16.25,47.75,34.0,39.5,59.5,37.0,45.75,65.25,3.25,36.5,7.5,21.75,9.75,15.5,0.0,,,,,,,,,,,,,,,,,,,,,
130,,,,,,,,,,,,,,,,,,38.25,15.25,13.25,56.75,46.0,81.25,33.5,50.75,15.5,20.75,18.25,13.0,21.5,47.75,27.25,26.5,20.5,23.5,31.75,9.0,26.0,20.25,26.25,14.25,3.0,26.0,44.5,41.5,11.75,23.5,62.75,8.75,41.0,31.0,34.75,15.0,44.25,65.25,85.5,29.25,54.75,60.5,70.5,40.0,50.0,24.25,23.5,36.0,15.25,2.5,25.0,,,,,,,,,,,,,,,,,,,,,
131,,,,,,,,,,,,,,,,,,34.75,24.0,25.75,19.5,66.5,83.0,30.25,62.0,27.25,24.25,27.75,24.25,11.5,24.0,14.0,20.5,24.25,18.0,36.25,22.25,40.75,35.75,23.5,2.75,20.75,28.25,39.25,62.0,24.25,32.25,34.0,15.25,33.25,21.0,18.5,21.25,29.0,35.5,70.5,30.75,20.5,54.75,43.0,62.0,22.75,42.25,11.0,32.5,15.75,12.75,0.0,,,,,,,,,,,,,,,,,,,,,
132,,,,,,,,,,,,,,,,,,25.25,31.0,37.75,50.0,67.75,62.75,36.75,18.0,19.5,33.5,29.25,13.75,16.25,28.0,17.5,25.75,30.5,20.5,22.0,34.25,36.25,15.25,22.5,10.0,3.0,17.75,37.25,29.75,36.25,28.75,44.25,30.5,32.25,46.25,44.5,15.25,12.0,25.5,58.75,35.0,34.5,68.0,53.0,37.75,30.75,37.25,26.25,17.5,21.25,26.0,19.75,,,,,,,,,,,,,,,,,,,,,
133,,,,,,,,,,,,,,,,,,30.0,38.75,70.0,80.0,71.5,20.25,41.25,27.25,10.75,36.5,20.0,5.5,17.5,8.5,8.5,31.25,42.0,18.25,27.0,19.0,24.0,12.5,19.25,18.5,24.5,17.5,38.0,39.75,61.75,34.75,33.75,34.5,67.25,49.5,71.25,35.0,3.75,16.0,76.5,27.25,43.5,45.25,59.5,52.5,43.75,32.25,30.75,23.25,29.5,18.25,27.75,,,,,,,,,,,,,,,,,,,,,
134,,,,,,,,,,,,,,,,,,40.75,15.75,13.5,63.0,51.75,64.25,29.5,28.5,16.0,6.75,23.0,13.25,19.25,30.25,31.5,17.5,26.0,25.75,24.75,13.0,19.75,16.0,17.5,20.0,2.5,23.25,38.75,35.0,12.5,20.5,46.75,15.25,52.75,26.75,50.5,10.25,33.25,45.25,45.0,43.25,38.75,58.5,57.75,40.5,19.5,30.75,13.0,26.5,6.5,4.25,23.0,,,,,,,,,,,,,,,,,,,,,
135,,,,,,,,,,,,,,,,,,25.75,37.0,69.0,69.75,72.75,22.5,38.25,13.0,6.5,31.0,17.75,14.75,16.5,16.0,14.25,40.75,46.0,12.5,18.25,44.5,27.0,33.75,25.5,14.75,14.75,12.75,46.0,34.75,54.75,31.75,38.75,44.0,41.0,52.25,72.5,13.75,0.0,4.0,77.5,37.75,41.75,42.25,82.25,34.75,54.5,15.5,30.5,18.0,22.25,20.25,13.5,,,,,,,,,,,,,,,,,,,,,
136,,,,,,,,,,,,,,,,,,,28.25,42.25,56.5,65.75,36.5,29.0,27.0,19.25,23.25,27.5,13.75,12.5,24.0,10.75,29.75,22.5,24.5,20.75,20.0,26.25,15.75,27.0,0.0,7.5,11.0,27.0,26.25,36.0,29.75,29.0,20.5,55.25,34.0,53.75,17.75,9.5,33.0,86.0,38.75,41.0,39.25,80.75,36.75,57.0,25.5,18.25,28.25,31.25,6.75,8.0,9.75,,,,,,,,,,,,,,,,,,,,
137,,,,,,,,,,,,,,,,,,27.0,37.0,60.25,53.25,72.5,23.75,56.5,22.25,13.25,20.5,24.25,11.75,14.75,13.75,13.25,35.0,28.5,15.5,27.25,34.25,18.25,12.75,38.0,11.0,10.0,14.5,19.5,15.5,55.5,23.0,34.5,31.75,39.0,32.75,63.0,32.0,6.0,21.25,78.25,46.5,42.75,33.0,56.75,56.25,41.25,22.75,23.75,12.25,24.75,14.5,15.5,4.25,,,,,,,,,,,,,,,,,,,,
138,,,,,,,,,,,,,,,,,,,22.75,18.0,14.5,58.5,75.75,31.5,40.0,25.75,16.75,30.75,29.75,9.75,10.0,7.5,20.75,15.75,25.0,19.75,12.5,30.25,25.75,16.75,5.5,11.0,17.0,51.75,39.75,16.25,34.0,12.5,10.25,33.25,22.5,12.25,16.25,24.75,48.5,70.25,22.5,51.25,31.75,59.5,32.0,11.75,32.25,5.0,15.25,10.0,23.75,0.0,14.0,,,,,,,,,,,,,,,,,,,,
139,,,,,,,,,,,,,,,,,,,51.75,28.25,53.0,65.0,32.75,25.75,19.5,21.75,23.5,15.0,2.5,16.5,30.25,12.5,9.0,28.5,35.5,32.5,21.5,14.25,25.25,16.75,16.25,17.25,15.5,31.75,26.25,47.25,29.75,44.25,17.75,67.25,38.0,57.5,23.75,11.5,35.5,49.5,44.75,52.0,47.5,70.75,46.5,42.0,18.75,22.25,13.0,16.0,13.0,21.25,9.5,,,,,,,,,,,,,,,,,,,,
140,,,,,,,,,,,,,,,,,,,24.5,49.5,69.75,59.75,40.5,60.75,36.0,15.25,10.75,37.25,5.0,23.25,24.0,25.25,27.75,21.5,22.0,32.25,33.75,21.0,24.5,27.5,25.5,10.25,6.25,25.75,33.75,45.75,36.5,59.5,36.25,63.25,37.0,49.0,26.5,6.0,41.25,68.25,33.0,57.0,56.0,54.25,40.5,32.75,30.25,14.75,25.0,28.25,19.75,34.25,19.5,,,,,,,,,,,,,,,,,,,,
141,,,,,,,,,,,,,,,,,,,30.0,41.75,53.0,70.0,38.0,30.0,22.75,15.0,24.75,18.5,9.25,8.75,13.25,9.5,32.25,15.5,20.5,27.25,30.5,16.25,23.25,22.25,20.0,14.75,11.25,31.25,29.75,46.75,7.25,24.25,30.25,29.75,46.0,46.75,27.75,0.0,24.5,40.25,35.25,43.75,38.0,45.5,52.5,44.25,13.75,17.5,21.5,19.0,24.25,10.5,7.0,,,,,,,,,,,,,,,,,,,,
142,,,,,,,,,,,,,,,,,,,13.0,45.25,63.25,68.5,50.5,25.5,37.0,16.25,34.25,22.75,8.25,19.0,14.25,14.25,17.0,18.25,21.0,32.5,33.5,27.25,17.75,20.75,32.0,5.75,17.25,33.5,34.0,44.25,34.75,40.5,38.0,69.0,50.5,46.75,17.25,13.25,40.75,62.75,44.0,47.5,52.75,72.0,56.25,49.0,22.75,24.0,8.0,13.75,18.5,16.25,11.25,,,,,,,,,,,,,,,,,,,,
143,,,,,,,,,,,,,,,,,,,37.0,20.25,20.75,58.0,81.75,36.75,47.0,22.0,19.25,28.75,29.75,20.0,23.5,7.75,39.25,38.0,15.25,37.0,16.25,47.25,27.5,31.5,2.5,18.75,18.25,47.5,61.0,24.75,41.5,40.0,17.75,44.25,34.75,8.0,18.0,25.5,49.25,47.75,23.0,68.0,35.0,42.0,86.75,21.25,30.25,10.75,21.25,13.5,19.25,0.0,9.5,,,,,,,,,,,,,,,,,,,,
144,,,,,,,,,,,,,,,,,,,21.5,32.25,64.75,48.5,73.5,29.75,32.25,16.75,16.5,22.75,11.75,26.75,26.0,35.5,15.25,21.5,30.25,32.0,5.75,13.0,16.25,13.25,20.5,5.0,29.25,27.25,22.25,9.75,32.75,48.75,17.75,59.25,28.5,30.25,5.0,17.75,43.75,50.25,30.25,45.25,76.5,74.25,36.5,39.75,26.0,26.75,23.0,18.5,4.75,35.75,9.75,,,,,,,,,,,,,,,,,,,,
145,,,,,,,,,,,,,,,,,,,35.75,39.25,26.0,67.5,71.0,41.25,59.5,24.75,20.0,36.5,34.0,17.25,31.5,10.0,24.0,26.0,25.0,17.5,19.0,21.25,22.25,25.0,6.5,19.25,33.0,56.5,74.25,14.75,42.5,35.5,10.5,44.0,26.75,15.0,24.75,15.75,38.0,70.25,36.75,53.75,29.0,49.5,40.0,11.25,31.75,11.25,18.25,11.25,20.25,0.0,18.0,41.5,,,,,,,,,,,,,,,,,,,
146,,,,,,,,,,,,,,,,,,,,24.5,21.5,75.5,71.0,32.25,64.5,29.25,24.75,27.25,22.0,16.5,20.0,9.25,29.5,22.0,27.25,21.0,18.0,23.25,21.25,16.0,9.5,27.25,37.75,63.75,63.5,24.0,29.75,28.5,12.5,37.75,25.75,15.0,27.0,15.75,31.75,58.5,25.75,54.5,31.5,40.75,42.25,17.0,28.5,7.75,17.25,15.75,18.75,0.0,16.25,51.0,,,,,,,,,,,,,,,,,,,
147,,,,,,,,,,,,,,,,,,,,15.75,53.75,36.25,66.0,22.25,30.75,19.5,25.75,26.25,17.75,32.0,42.25,41.5,19.5,22.75,27.75,36.25,14.0,26.5,17.75,16.75,14.0,3.0,9.5,40.0,40.25,11.25,37.75,37.5,27.25,36.0,27.75,34.0,6.0,32.25,69.25,44.5,54.0,45.0,73.5,75.0,39.75,49.25,21.5,25.75,24.75,12.75,2.0,15.5,5.0,38.0,,,,,,,,,,,,,,,,,,,
148,,,,,,,,,,,,,,,,,,,,19.25,64.25,43.0,59.25,31.5,41.0,12.5,17.5,37.75,4.75,27.75,15.75,31.0,9.0,17.0,22.25,20.5,10.5,19.0,22.0,17.25,5.25,0.0,27.5,23.25,28.0,16.5,16.5,50.0,22.5,50.25,22.75,39.0,14.0,29.75,62.0,29.5,72.75,55.25,50.25,76.25,31.5,38.75,15.0,17.5,28.5,7.5,2.5,23.75,12.25,36.25,,,,,,,,,,,,,,,,,,,
149,,,,,,,,,,,,,,,,,,,,19.75,34.75,82.25,81.0,40.75,55.5,26.5,30.5,56.0,22.25,27.0,29.25,14.5,37.75,25.25,12.0,48.0,22.5,58.0,45.75,19.0,3.25,25.5,30.75,77.0,54.75,29.0,48.75,23.5,27.0,62.25,33.0,22.5,30.0,52.0,48.5,53.25,42.25,79.5,61.5,62.5,74.5,15.5,43.0,13.0,22.5,33.25,22.75,0.0,10.75,61.5,,,,,,,,,,,,,,,,,,,
150,,,,,,,,,,,,,,,,,,,,26.5,83.25,62.5,59.0,32.5,30.75,9.5,12.5,27.0,7.75,20.75,41.0,33.75,25.0,30.25,17.75,35.25,8.0,27.5,10.25,10.0,26.0,7.75,15.0,27.25,33.0,14.5,35.5,45.0,17.5,48.5,42.0,37.75,12.0,16.5,30.75,60.75,37.75,51.25,41.0,44.75,31.0,35.25,23.0,29.5,10.5,22.75,10.5,19.0,17.5,15.75,,,,,,,,,,,,,,,,,,,
151,,,,,,,,,,,,,,,,,,,,21.5,23.25,69.0,89.25,26.25,57.25,21.5,23.25,40.5,24.75,16.75,21.0,9.5,41.75,11.5,20.25,42.25,6.5,35.0,18.5,11.75,0.0,14.75,26.0,58.0,42.25,21.5,23.25,17.0,12.5,33.5,32.0,14.75,6.5,18.75,38.5,39.75,25.75,66.5,34.75,45.75,52.75,9.5,31.75,2.75,8.5,16.0,25.75,0.0,17.0,45.5,,,,,,,,,,,,,,,,,,,
152,,,,,,,,,,,,,,,,,,,,29.25,56.5,83.5,29.0,39.5,15.0,6.75,34.75,22.75,12.75,17.75,15.5,10.75,37.5,31.75,10.75,18.25,45.25,21.75,19.5,19.5,27.75,24.5,12.5,46.25,29.5,55.25,22.5,23.0,27.75,53.0,52.25,65.0,22.75,0.0,27.25,56.0,16.75,49.75,39.75,70.0,47.5,46.0,10.5,27.75,18.0,17.5,39.75,15.0,9.75,4.75,,,,,,,,,,,,,,,,,,,
153,,,,,,,,,,,,,,,,,,,,14.0,82.75,48.25,73.25,33.25,41.5,15.75,24.0,18.25,7.0,23.75,48.25,26.25,19.0,16.25,27.0,26.0,14.25,19.25,23.25,29.0,13.0,7.25,15.5,35.75,19.5,8.5,22.75,52.75,18.5,43.75,16.5,32.0,6.5,12.0,48.25,64.0,44.5,30.0,57.75,56.0,23.75,46.5,17.75,22.0,22.0,4.0,6.75,20.75,10.5,32.75,,,,,,,,,,,,,,,,,,,
154,,,,,,,,,,,,,,,,,,,,,61.75,36.75,58.5,30.25,34.5,32.75,16.75,14.75,17.0,29.5,35.0,30.75,30.25,8.0,24.25,18.0,8.25,19.0,19.0,21.0,18.25,5.25,15.25,26.0,40.5,5.0,24.5,54.5,16.25,43.25,25.0,29.5,5.5,29.25,68.5,72.75,40.5,35.25,68.0,92.75,21.75,43.25,22.5,24.5,20.25,9.25,7.0,14.25,12.75,47.0,19.0,,,,,,,,,,,,,,,,,,
155,,,,,,,,,,,,,,,,,,,,,52.25,86.0,25.5,23.75,12.25,16.5,20.75,16.0,14.5,17.0,34.25,6.5,24.25,35.75,22.25,36.25,35.25,17.75,20.75,17.0,23.5,25.0,14.25,52.0,11.75,55.25,41.0,45.25,28.75,35.25,54.0,41.0,20.25,6.75,12.5,71.75,62.0,50.0,60.25,49.5,51.75,43.0,18.75,19.75,20.5,13.75,28.25,23.25,13.5,8.0,32.0,,,,,,,,,,,,,,,,,,
156,,,,,,,,,,,,,,,,,,,,,,49.0,17.0,44.25,10.75,13.75,37.0,13.5,13.75,28.75,19.0,15.75,39.0,28.75,19.0,38.5,48.75,21.75,28.75,18.25,12.0,8.75,17.5,24.0,35.25,56.75,38.25,41.75,40.5,57.0,46.5,55.75,33.5,0.0,30.5,73.25,34.75,56.0,32.75,78.75,53.0,28.5,21.0,28.5,23.0,25.5,27.75,17.0,3.25,11.25,15.25,41.75,,,,,,,,,,,,,,,,,
157,,,,,,,,,,,,,,,,,,,,,,80.75,21.75,33.25,23.0,2.0,24.75,10.0,13.0,19.5,19.5,15.75,14.75,35.75,27.75,26.25,26.5,23.25,25.25,22.0,31.0,7.5,6.0,34.75,24.25,41.25,37.5,34.0,34.25,37.75,35.75,42.75,29.25,0.0,19.5,66.5,24.25,53.25,46.5,49.75,39.0,36.0,27.5,17.5,9.5,15.75,14.0,19.25,7.75,2.0,17.75,31.75,,,,,,,,,,,,,,,,,
158,,,,,,,,,,,,,,,,,,,,,,64.75,89.75,36.5,53.25,24.5,13.25,27.5,36.25,7.5,28.0,9.25,21.5,30.5,20.5,37.5,6.5,45.25,21.25,15.25,6.25,12.75,25.5,31.75,54.0,17.5,29.0,30.75,17.0,38.75,23.25,5.0,21.5,27.75,49.25,51.75,43.5,58.5,31.25,46.0,55.75,11.75,35.0,8.5,28.0,7.5,22.25,0.0,9.0,52.5,31.25,23.25,,,,,,,,,,,,,,,,,
159,,,,,,,,,,,,,,,,,,,,,,51.0,57.5,27.75,25.5,10.75,13.25,18.25,6.0,24.75,38.75,25.5,22.75,14.75,26.0,26.25,17.25,28.5,12.25,19.25,14.0,2.5,22.0,25.75,39.0,7.75,14.75,52.75,15.0,54.25,37.0,28.5,5.0,21.25,47.0,53.25,41.25,49.5,61.25,98.25,42.0,52.25,18.75,24.5,13.0,4.5,4.25,23.25,9.25,30.25,15.5,34.25,24.25,,,,,,,,,,,,,,,,
160,,,,,,,,,,,,,,,,,,,,,,,86.5,43.25,60.0,26.75,24.5,36.5,29.75,23.25,22.5,23.75,21.25,32.75,12.0,33.0,17.0,39.5,46.25,21.25,3.75,29.5,30.75,32.25,34.75,23.5,30.5,30.25,20.0,31.5,25.75,19.0,29.0,18.0,29.25,45.0,14.75,58.75,61.5,50.75,46.0,13.25,41.0,8.75,22.5,14.25,8.5,0.0,8.0,54.0,27.25,43.25,12.75,,,,,,,,,,,,,,,,
161,,,,,,,,,,,,,,,,,,,,,,,60.5,30.0,38.5,23.25,16.75,27.5,9.75,15.0,34.0,33.75,27.75,10.75,37.5,26.25,4.5,11.0,22.75,31.5,10.75,2.25,13.5,33.25,31.5,8.75,21.0,50.5,18.5,53.0,20.25,29.25,9.0,24.75,43.75,56.75,26.0,38.75,72.0,71.25,25.75,39.0,28.75,23.75,16.5,14.25,2.25,33.0,13.0,30.75,17.5,30.25,18.5,,,,,,,,,,,,,,,,
162,,,,,,,,,,,,,,,,,,,,,,,72.0,50.5,42.75,22.5,34.25,27.0,36.25,8.25,36.5,10.75,29.75,21.0,14.5,31.0,8.5,22.25,22.5,12.0,5.25,17.75,36.75,57.25,78.0,16.75,47.5,23.0,15.0,33.0,30.75,17.75,18.0,24.75,18.75,45.5,35.75,69.5,55.0,59.75,47.75,6.25,26.5,5.25,27.25,12.25,22.5,0.0,8.75,27.0,34.25,26.25,5.25,5.0,,,,,,,,,,,,,,,
163,,,,,,,,,,,,,,,,,,,,,,,,49.25,42.25,20.0,37.25,23.0,41.0,9.75,37.5,13.75,23.75,17.25,27.5,32.25,5.75,12.5,17.25,16.25,9.75,24.5,42.5,69.75,62.5,19.5,46.5,32.75,7.75,40.25,49.5,9.25,30.5,20.5,33.0,64.25,27.0,80.0,66.75,44.0,77.25,15.25,46.0,6.25,23.5,4.75,25.25,0.0,12.5,37.0,32.25,36.5,0.0,5.25,,,,,,,,,,,,,,,
164,,,,,,,,,,,,,,,,,,,,,,,,37.25,18.0,15.25,21.75,8.0,19.0,17.0,19.0,6.0,30.0,39.25,23.75,36.0,39.25,20.5,20.75,21.0,11.5,11.5,23.75,28.5,37.5,59.0,30.25,33.75,44.0,52.75,44.25,50.25,26.5,3.25,22.25,84.5,41.0,64.5,45.75,74.75,55.75,56.25,31.0,32.0,17.0,37.5,21.0,19.25,21.5,2.75,15.75,36.5,27.0,16.25,,,,,,,,,,,,,,,
165,,,,,,,,,,,,,,,,,,,,,,,,34.0,40.75,16.5,26.5,48.5,26.75,31.25,23.0,12.75,30.25,20.75,36.0,32.0,17.5,30.0,22.0,20.0,3.5,32.0,28.75,70.25,76.25,13.25,37.0,32.25,23.75,46.5,36.5,13.25,26.5,18.0,54.5,49.0,37.25,65.75,56.5,55.0,79.0,0.0,34.0,2.75,32.0,17.0,14.75,0.0,18.0,50.25,35.75,37.5,20.75,3.0,14.75,,,,,,,,,,,,,,
166,,,,,,,,,,,,,,,,,,,,,,,,41.25,38.25,36.5,22.5,19.75,17.75,23.75,23.0,38.5,20.75,31.75,31.0,33.25,9.5,24.0,26.75,28.75,17.5,3.25,39.75,47.0,60.5,9.75,27.25,44.5,27.0,57.5,42.75,49.5,2.75,25.75,66.5,75.5,69.75,42.5,77.0,79.75,42.0,53.0,29.5,20.75,25.5,2.75,2.75,32.25,5.5,44.5,14.25,57.5,22.25,13.75,15.0,,,,,,,,,,,,,,
167,,,,,,,,,,,,,,,,,,,,,,,,,46.0,38.25,36.0,29.25,23.5,25.0,25.5,6.25,17.5,24.0,18.0,32.0,8.75,35.25,17.25,10.25,8.5,26.5,29.75,44.0,38.5,18.5,45.5,24.5,15.0,39.75,24.5,5.25,15.5,13.0,46.0,54.0,11.25,65.0,43.0,49.0,51.75,6.25,26.5,7.5,23.25,7.75,20.75,0.0,15.5,37.75,16.0,22.0,16.75,0.0,10.75,,,,,,,,,,,,,,
168,,,,,,,,,,,,,,,,,,,,,,,,,48.25,21.5,25.5,23.25,5.75,28.0,25.25,30.5,23.5,18.75,38.75,32.75,17.5,21.5,11.75,15.25,14.25,5.5,20.75,32.5,59.5,0.0,25.25,39.0,18.25,45.75,29.5,35.75,2.5,36.5,32.5,47.25,49.0,58.5,71.0,49.25,37.0,49.75,35.5,28.0,25.25,10.75,3.0,33.0,5.0,38.5,14.25,43.5,32.0,10.75,26.0,,,,,,,,,,,,,,
169,,,,,,,,,,,,,,,,,,,,,,,,,16.0,5.25,23.5,13.0,12.0,23.0,34.75,13.25,16.75,24.0,21.75,19.0,21.25,29.75,9.75,22.0,23.0,16.75,4.25,32.5,30.25,59.75,26.5,28.0,35.5,60.75,33.0,56.0,40.75,9.75,22.75,83.5,36.5,45.0,35.5,81.75,54.5,68.25,26.0,28.75,29.75,26.25,37.5,29.5,9.25,2.0,18.75,45.5,24.25,13.5,5.25,,,,,,,,,,,,,,
170,,,,,,,,,,,,,,,,,,,,,,,,,49.5,35.25,36.25,37.75,41.5,22.5,16.0,15.75,27.25,13.25,19.0,27.25,20.75,36.75,18.25,26.0,6.5,28.0,46.75,68.75,67.0,25.25,26.5,16.0,13.75,38.75,39.5,11.5,18.5,35.5,60.0,56.5,44.75,27.25,25.5,52.25,51.5,15.5,25.75,11.25,29.25,18.5,12.0,0.0,8.25,56.25,21.0,50.75,16.25,8.5,10.75,0.0,,,,,,,,,,,,,
171,,,,,,,,,,,,,,,,,,,,,,,,,19.0,7.5,31.0,15.75,12.25,19.25,30.25,12.0,28.0,24.25,33.0,40.75,46.0,34.0,23.75,21.5,27.0,26.75,9.75,48.0,34.75,47.75,32.25,59.25,45.75,57.75,46.5,61.75,12.0,0.0,22.5,71.5,45.75,74.0,33.25,59.75,56.0,55.5,30.5,21.0,4.75,18.0,30.5,31.5,8.5,3.0,25.5,23.0,33.0,18.0,7.5,6.0,,,,,,,,,,,,,
172,,,,,,,,,,,,,,,,,,,,,,,,,,25.0,16.25,25.25,36.5,23.5,32.0,14.25,29.5,20.5,31.25,22.25,10.0,53.75,26.5,24.5,5.0,21.0,25.25,45.75,57.5,24.0,41.25,12.75,17.25,32.75,32.5,8.75,23.0,18.5,33.75,60.75,35.75,47.75,39.75,74.75,54.25,15.75,50.5,13.5,23.75,25.25,16.5,0.0,14.25,45.5,15.0,49.75,10.0,5.75,17.25,0.0,,,,,,,,,,,,,
173,,,,,,,,,,,,,,,,,,,,,,,,,,36.0,37.75,53.25,31.0,8.75,14.5,15.5,28.75,26.75,22.5,13.5,6.25,41.0,24.75,9.75,6.5,25.75,32.5,44.0,78.25,22.25,52.5,23.5,22.5,28.75,40.0,9.75,30.0,13.5,31.25,49.75,28.0,57.0,37.5,54.25,66.0,17.5,33.5,11.0,20.75,20.5,26.0,0.0,5.75,49.25,23.5,51.0,9.0,3.0,24.5,0.0,,,,,,,,,,,,,
174,,,,,,,,,,,,,,,,,,,,,,,,,,2.0,42.5,20.0,11.75,25.5,17.25,2.75,22.0,40.25,19.5,40.25,51.0,31.5,31.5,26.5,8.25,32.0,18.75,47.5,31.0,51.0,33.5,45.25,35.0,53.0,49.5,44.75,28.0,0.0,25.0,85.0,50.5,70.75,32.0,80.5,45.75,32.0,37.25,28.25,20.75,19.0,16.25,23.0,20.75,0.0,24.75,49.5,27.75,19.75,10.5,22.5,,,,,,,,,,,,,
175,,,,,,,,,,,,,,,,,,,,,,,,,,19.0,20.0,36.0,7.0,31.0,25.5,34.5,13.25,11.75,24.0,27.5,9.25,15.5,33.0,13.75,16.0,3.0,12.5,32.25,38.0,5.25,20.25,45.75,10.5,44.5,42.75,32.0,8.0,10.5,55.5,49.0,20.5,31.0,81.0,49.25,29.5,36.75,33.75,22.25,24.0,10.25,2.25,18.75,7.75,36.25,19.0,51.0,36.0,7.25,10.5,5.75,,,,,,,,,,,,,
176,,,,,,,,,,,,,,,,,,,,,,,,,,22.0,25.75,13.0,5.0,20.5,39.75,31.75,19.0,25.5,25.0,23.75,14.0,30.75,15.75,19.75,18.75,6.0,21.5,34.0,28.5,10.5,20.0,20.25,18.75,58.0,25.5,36.25,13.75,33.75,45.75,47.75,45.75,40.25,78.75,68.0,22.25,33.0,25.75,17.25,11.25,12.5,5.25,25.25,10.25,32.0,13.0,37.5,19.75,2.5,15.75,22.75,,,,,,,,,,,,,
177,,,,,,,,,,,,,,,,,,,,,,,,,,18.5,16.0,27.5,13.75,21.25,18.0,31.75,14.5,32.5,23.25,41.5,12.75,18.25,12.5,14.0,10.0,3.0,11.25,10.75,44.75,10.0,13.0,21.0,5.5,59.75,36.75,46.0,8.0,26.75,53.75,40.25,36.0,33.0,76.25,70.0,22.75,47.25,22.75,14.0,11.5,0.0,2.0,25.75,5.0,29.25,9.25,32.25,14.0,2.25,18.75,12.5,,,,,,,,,,,,,
178,,,,,,,,,,,,,,,,,,,,,,,,,,,30.0,25.25,43.5,15.25,16.75,12.5,28.25,26.5,24.5,52.0,12.5,18.75,36.5,12.0,6.75,24.5,36.75,35.25,70.75,17.75,32.5,23.5,21.5,27.0,33.25,9.0,14.0,27.5,30.5,43.0,49.75,58.5,57.5,39.5,63.25,16.25,44.25,8.75,18.25,32.75,21.5,0.0,13.25,44.0,17.5,43.0,11.75,13.25,17.5,0.0,12.5,,,,,,,,,,,,
179,,,,,,,,,,,,,,,,,,,,,,,,,,,39.5,17.0,7.75,19.75,13.25,5.25,37.0,25.5,21.75,39.0,29.0,26.0,31.25,29.0,16.25,26.75,32.25,55.0,24.5,41.25,33.5,37.5,22.75,66.5,40.0,53.75,31.5,4.0,19.75,74.5,34.5,52.25,14.25,82.0,43.5,45.5,16.25,36.25,25.25,29.75,18.25,15.25,16.75,4.75,14.25,42.75,18.5,19.25,6.25,3.75,5.5,,,,,,,,,,,,
180,,,,,,,,,,,,,,,,,,,,,,,,,,,,37.25,34.0,13.5,36.5,15.75,11.75,21.75,31.5,31.0,11.25,42.5,33.0,17.5,2.25,12.25,28.5,31.25,64.0,8.5,42.0,21.75,29.25,32.75,35.25,12.5,23.0,31.5,41.5,64.0,33.5,56.75,58.75,54.5,38.0,15.75,39.5,4.25,32.75,15.75,27.25,0.0,5.25,47.0,26.75,33.5,4.75,2.0,18.75,0.0,11.75,5.75,,,,,,,,,,,
181,,,,,,,,,,,,,,,,,,,,,,,,,,,,26.25,8.75,28.0,20.25,41.0,27.25,27.75,32.5,23.5,12.75,38.25,28.25,19.5,20.25,5.5,15.25,35.25,28.5,9.5,32.0,47.25,29.25,67.0,49.5,49.5,5.5,8.75,59.5,70.0,48.75,50.25,90.0,59.75,41.5,21.5,38.75,27.0,8.0,9.75,2.5,18.75,18.0,39.75,16.25,34.25,30.5,2.75,11.5,23.25,14.5,32.5,,,,,,,,,,,
182,,,,,,,,,,,,,,,,,,,,,,,,,,,,36.0,44.0,18.0,32.5,12.25,11.0,26.0,22.75,28.75,9.75,22.0,32.25,16.0,3.25,19.75,29.75,65.5,68.25,29.25,42.0,37.25,9.5,36.0,30.0,9.75,19.5,21.5,41.5,66.25,20.5,49.0,38.25,42.5,55.75,17.5,24.25,11.75,23.5,14.25,29.0,0.0,11.75,41.0,17.25,51.25,17.25,6.0,3.0,0.0,9.25,3.25,,,,,,,,,,,
183,,,,,,,,,,,,,,,,,,,,,,,,,,,,36.0,44.25,18.0,32.75,12.25,11.0,26.25,22.75,28.75,9.75,22.0,32.0,16.0,3.25,19.75,29.75,65.5,68.5,29.5,42.5,37.25,9.5,36.0,29.75,9.75,19.75,21.5,41.25,65.75,20.75,49.25,38.0,42.5,55.75,17.5,24.25,11.75,23.5,14.25,29.0,0.0,11.75,40.75,17.25,51.25,17.25,6.25,3.0,0.0,9.25,3.25,,,,,,,,,,,
184,,,,,,,,,,,,,,,,,,,,,,,,,,,,24.75,18.75,8.75,27.5,17.25,27.25,12.5,23.75,33.0,26.25,21.0,18.0,29.0,15.5,13.75,11.0,38.25,9.5,53.0,35.25,44.0,25.5,53.5,34.5,60.25,24.75,4.5,30.75,51.0,44.25,56.5,35.25,68.0,40.25,38.0,22.0,34.75,24.0,24.0,29.25,8.5,12.25,0.0,16.0,32.25,30.75,23.0,15.0,13.75,13.0,16.0,,,,,,,,,,,
185,,,,,,,,,,,,,,,,,,,,,,,,,,,,32.5,4.75,32.0,28.0,42.0,25.5,14.5,29.5,34.75,10.25,26.25,20.25,23.25,10.5,5.25,26.5,30.0,40.75,8.5,21.75,30.25,21.75,59.5,25.5,20.75,7.75,28.75,51.75,41.25,43.5,38.75,54.25,79.0,21.75,37.0,14.75,21.5,20.5,4.5,0.0,22.5,12.5,40.5,14.25,37.5,36.0,9.75,9.25,9.0,5.5,23.25,,,,,,,,,,,
186,,,,,,,,,,,,,,,,,,,,,,,,,,,,16.5,13.25,12.75,14.25,13.0,42.75,26.75,9.75,28.75,39.25,22.75,11.5,20.0,9.75,18.5,20.25,23.5,25.25,62.75,44.5,30.25,41.5,59.25,23.25,53.75,28.5,0.0,21.25,60.75,37.75,66.0,34.75,50.0,45.0,47.25,25.75,22.0,12.75,23.0,19.0,22.5,17.25,0.0,26.25,42.75,29.0,15.75,8.0,11.75,14.25,8.25,,,,,,,,,,,
187,,,,,,,,,,,,,,,,,,,,,,,,,,,,,17.0,40.75,26.75,30.75,29.25,20.75,41.75,25.25,11.5,19.0,18.25,17.75,24.0,6.5,15.5,32.0,27.75,6.75,18.5,63.25,20.75,50.0,20.0,25.5,9.5,25.25,60.75,59.5,46.0,34.5,70.25,81.25,34.25,43.75,22.0,31.25,26.25,12.5,3.75,27.75,13.25,35.75,11.0,34.5,26.75,13.0,22.0,14.25,4.0,16.0,0.0,,,,,,,,,,
188,,,,,,,,,,,,,,,,,,,,,,,,,,,,,29.25,3.5,27.5,23.5,34.0,27.75,27.0,32.5,10.5,22.75,27.0,26.75,3.25,22.75,30.75,40.0,66.75,27.0,44.0,20.5,18.0,44.75,37.5,9.75,26.25,25.0,54.5,56.5,30.0,55.75,30.5,29.5,53.5,19.0,26.5,6.25,19.75,23.0,20.0,0.0,17.5,34.0,27.25,58.25,18.25,12.25,25.5,0.0,6.5,3.25,0.0,,,,,,,,,,
189,,,,,,,,,,,,,,,,,,,,,,,,,,,,,9.75,15.25,36.75,25.5,29.25,17.75,34.25,28.0,17.0,14.5,21.25,10.25,13.75,8.5,16.0,19.75,36.5,0.0,18.75,49.5,19.5,39.5,26.5,35.5,2.75,19.25,57.0,36.0,35.0,41.0,57.25,67.75,39.0,43.25,25.0,24.75,11.25,13.0,6.25,29.25,6.5,35.0,12.0,36.5,26.75,0.0,16.5,7.25,11.75,18.75,0.0,,,,,,,,,,
190,,,,,,,,,,,,,,,,,,,,,,,,,,,,,32.0,16.25,31.75,7.25,13.25,27.25,16.5,37.0,12.25,40.0,17.25,9.75,5.5,25.25,33.75,52.0,55.75,24.0,41.75,24.75,24.0,37.25,23.0,11.0,17.5,14.75,37.5,69.75,35.25,49.25,29.5,52.5,72.5,7.75,44.0,10.75,8.75,16.75,11.75,0.0,18.75,55.5,20.25,53.5,19.0,8.75,7.25,0.0,9.0,9.5,4.25,,,,,,,,,,
191,,,,,,,,,,,,,,,,,,,,,,,,,,,,,16.25,26.25,19.25,3.25,23.75,43.25,28.0,50.75,50.0,25.75,28.25,39.5,25.5,14.75,21.25,68.75,25.25,46.0,51.5,44.5,57.25,51.25,33.0,78.0,31.75,3.75,39.25,63.25,45.25,64.0,34.25,65.5,66.25,59.75,38.75,22.5,25.75,38.75,27.0,25.75,19.0,3.0,40.25,39.5,32.0,13.25,13.75,3.5,20.25,7.75,0.0,,,,,,,,,,
192,,,,,,,,,,,,,,,,,,,,,,,,,,,,,10.5,25.5,26.0,26.0,28.25,21.25,28.0,29.25,18.25,27.5,26.0,11.5,23.75,2.25,13.25,44.5,21.5,17.75,31.0,37.0,37.0,48.0,44.0,33.0,12.5,22.0,54.0,58.0,45.5,61.75,63.0,62.25,33.75,55.0,22.0,33.0,24.5,13.25,8.25,23.75,8.0,34.75,23.5,36.0,26.0,5.0,8.0,15.25,8.0,11.0,6.5,,,,,,,,,,
193,,,,,,,,,,,,,,,,,,,,,,,,,,,,,,8.5,13.5,23.0,24.5,23.75,12.75,11.25,10.5,20.5,42.25,16.75,10.0,11.75,27.0,33.5,65.0,36.0,35.25,32.25,19.75,45.25,31.25,23.5,21.5,25.75,54.0,45.75,40.25,52.0,56.5,41.75,50.0,25.25,37.75,11.75,40.5,15.5,13.75,0.0,17.5,66.5,25.25,48.75,10.0,9.0,15.75,0.0,12.5,0.0,15.25,3.0,,,,,,,,,
194,,,,,,,,,,,,,,,,,,,,,,,,,,,,,,10.75,10.0,4.75,16.0,33.25,12.75,25.0,33.0,32.0,13.75,19.0,2.75,30.25,20.0,41.25,15.75,53.75,24.5,38.0,36.25,49.0,44.75,53.75,32.25,9.5,24.75,66.5,44.75,45.25,24.0,56.25,63.0,42.5,23.25,21.5,12.5,21.0,24.5,22.5,13.5,5.25,14.5,32.75,14.5,9.75,7.75,8.5,12.25,14.75,19.0,0.0,,,,,,,,,
195,,,,,,,,,,,,,,,,,,,,,,,,,,,,,,19.75,34.0,23.25,16.75,15.0,25.25,27.75,7.5,15.25,18.5,17.0,20.75,5.25,17.0,15.5,39.75,9.0,33.0,53.5,14.5,64.0,34.0,48.5,8.5,11.25,51.0,40.25,23.0,41.5,67.75,77.25,11.0,28.5,19.75,16.75,9.5,7.5,2.25,19.5,9.0,13.75,10.25,26.0,15.5,9.25,12.0,8.5,11.0,26.75,0.0,6.25,,,,,,,,,
196,,,,,,,,,,,,,,,,,,,,,,,,,,,,,,28.75,41.25,17.0,32.5,17.5,13.5,38.75,11.25,58.25,28.75,19.0,0.0,35.5,25.5,51.75,63.0,30.0,56.75,17.25,18.5,41.0,30.0,25.25,29.75,23.0,44.0,61.5,31.0,79.0,35.5,33.25,67.25,21.25,20.0,9.25,11.5,34.75,25.25,0.0,12.5,44.75,32.0,45.25,25.0,12.75,15.5,0.0,12.75,4.25,11.5,19.75,,,,,,,,,
197,,,,,,,,,,,,,,,,,,,,,,,,,,,,,,,38.75,16.25,22.0,20.5,29.5,21.5,12.5,50.75,31.75,16.75,0.0,6.25,21.75,35.75,69.0,25.25,43.0,34.0,23.0,45.5,50.25,9.5,20.0,17.75,27.75,69.5,44.5,61.0,53.25,34.75,56.25,17.5,24.5,11.5,22.0,13.5,26.25,0.0,8.75,43.25,29.5,48.25,17.5,2.75,22.25,0.0,6.0,3.25,16.0,18.0,0.0,,,,,,,,
198,,,,,,,,,,,,,,,,,,,,,,,,,,,,,,,29.5,41.75,22.75,20.75,32.25,36.5,12.0,22.75,17.0,23.25,11.0,2.75,19.5,24.0,26.5,3.25,30.0,50.25,23.25,62.25,18.25,57.0,12.25,24.0,41.25,64.75,59.75,55.75,63.0,75.75,34.5,40.0,15.0,32.5,19.75,10.5,5.5,25.75,13.75,32.5,13.5,38.75,31.25,0.0,20.75,14.5,19.75,17.0,0.0,13.0,9.75,,,,,,,,
199,,,,,,,,,,,,,,,,,,,,,,,,,,,,,,,18.0,6.0,41.25,20.75,40.75,22.0,13.75,31.75,28.5,9.75,3.25,22.75,42.25,56.5,56.25,19.5,40.25,23.5,16.5,36.25,27.0,6.25,30.75,22.0,23.0,67.75,45.25,39.75,31.0,40.0,55.75,21.75,44.5,5.75,15.0,21.0,25.75,0.0,11.5,42.25,29.75,58.0,12.0,21.0,19.25,0.0,15.0,3.5,10.25,10.5,0.0,,,,,,,,
200,,,,,,,,,,,,,,,,,,,,,,,,,,,,,,,31.0,15.5,30.25,29.25,15.0,43.0,6.0,35.5,39.5,20.75,3.0,6.0,33.5,15.25,71.75,19.0,53.5,29.25,20.25,42.75,26.5,16.75,33.75,14.5,58.0,39.5,39.0,38.5,44.75,39.0,47.5,6.25,36.25,8.75,24.75,21.0,20.5,0.0,12.75,53.25,27.5,46.25,13.5,12.0,21.5,0.0,8.5,7.25,13.5,9.75,0.0,,,,,,,,
201,,,,,,,,,,,,,,,,,,,,,,,,,,,,,,,14.0,18.5,18.5,35.25,27.25,24.75,18.5,33.5,28.75,30.5,30.75,17.0,22.0,25.75,25.5,86.0,31.0,48.0,21.25,51.75,49.0,35.0,26.0,6.75,28.25,74.5,56.5,48.5,42.0,59.75,55.5,62.0,30.0,14.25,25.0,35.5,21.5,22.5,15.25,3.25,16.5,41.5,17.5,18.25,4.0,20.75,7.25,16.0,20.0,0.0,0.0,,,,,,,,
202,,,,,,,,,,,,,,,,,,,,,,,,,,,,,,,,9.0,35.25,34.0,13.25,42.5,35.5,43.75,16.0,23.25,19.5,21.5,3.5,47.0,29.75,58.25,55.5,32.5,30.75,65.75,40.75,38.75,26.25,3.75,21.0,48.5,44.75,81.0,58.5,80.75,48.0,55.75,36.0,23.25,12.75,25.25,34.25,28.25,8.75,0.0,37.0,47.5,34.75,17.25,9.0,6.75,15.0,13.25,7.0,0.0,0.0,11.0,,,,,,,
203,,,,,,,,,,,,,,,,,,,,,,,,,,,,,,,,10.5,26.75,36.75,22.25,12.5,32.0,22.75,27.0,27.5,20.75,24.75,14.25,46.25,26.25,46.0,30.0,32.25,39.5,64.75,26.0,49.5,28.25,2.5,21.5,73.5,34.5,59.75,37.75,62.0,64.25,37.25,26.0,33.75,16.75,17.0,30.0,22.5,22.25,3.75,16.5,36.75,23.0,15.5,9.5,5.25,14.75,10.75,9.75,0.0,0.0,2.75,,,,,,,
204,,,,,,,,,,,,,,,,,,,,,,,,,,,,,,,,30.5,36.0,19.0,25.25,32.5,14.75,25.0,20.5,20.75,10.25,2.75,32.5,49.0,33.0,7.25,27.75,39.5,31.5,44.75,11.25,40.25,15.0,33.25,41.75,46.25,47.25,49.5,83.5,58.75,36.0,50.25,32.25,13.75,11.25,14.75,0.0,20.25,6.5,39.75,21.0,41.25,23.5,11.25,27.5,26.75,9.25,12.75,0.0,3.0,12.0,0.0,,,,,,,
205,,,,,,,,,,,,,,,,,,,,,,,,,,,,,,,,24.5,27.25,12.25,11.5,21.5,11.0,19.5,16.75,24.0,15.75,5.25,40.75,30.25,43.75,8.75,27.25,41.25,22.5,42.0,17.75,35.5,5.5,24.5,35.75,51.75,62.0,48.25,71.5,57.0,41.5,50.75,24.75,19.75,17.75,9.25,0.0,33.5,4.5,35.5,14.5,38.75,22.0,12.75,16.5,11.5,9.75,8.0,0.0,14.75,16.25,3.25,,,,,,,
206,,,,,,,,,,,,,,,,,,,,,,,,,,,,,,,,,27.75,13.5,21.75,21.25,19.25,21.75,8.25,11.5,24.0,2.5,17.75,25.75,41.25,2.5,27.25,46.5,17.0,55.25,19.0,43.5,8.5,14.0,41.75,73.75,36.75,44.5,77.0,78.5,15.5,36.5,23.25,19.5,25.0,12.0,0.0,16.75,10.0,26.5,17.0,25.25,18.75,5.0,20.75,13.75,10.5,3.0,0.0,11.5,9.75,0.0,0.0,,,,,,
207,,,,,,,,,,,,,,,,,,,,,,,,,,,,,,,,,40.75,25.25,33.0,36.5,4.25,60.0,39.25,15.75,3.5,24.75,24.5,35.0,51.25,21.5,47.5,29.75,37.0,42.0,17.75,15.0,21.75,12.0,38.0,54.25,37.25,51.25,64.0,46.5,88.5,16.25,39.75,3.75,21.0,15.5,32.5,0.0,13.25,56.25,35.25,64.25,15.0,6.0,16.5,0.0,14.0,8.0,3.75,12.25,0.0,0.0,0.0,,,,,,
208,,,,,,,,,,,,,,,,,,,,,,,,,,,,,,,,,31.0,11.0,27.25,32.75,16.5,22.0,13.5,10.75,13.5,2.75,18.5,34.25,30.0,5.25,28.0,47.5,11.0,65.75,22.25,35.25,8.25,27.0,54.5,52.0,48.0,61.5,53.25,86.5,31.25,38.75,23.5,24.75,31.0,9.75,0.0,17.0,17.5,38.0,10.0,38.5,34.0,7.5,22.75,22.0,7.75,13.5,0.0,0.0,12.75,6.25,0.0,,,,,,
209,,,,,,,,,,,,,,,,,,,,,,,,,,,,,,,,,22.5,38.0,27.25,32.0,35.75,26.25,15.0,28.0,19.25,18.25,19.75,45.25,30.5,51.75,35.25,49.0,35.75,55.0,59.5,41.25,18.0,3.75,17.0,66.75,43.0,61.5,35.0,68.5,42.0,53.75,23.75,37.75,13.5,22.5,29.75,23.25,21.75,3.0,26.25,30.5,27.0,16.25,8.25,16.75,10.5,8.75,9.75,0.0,0.0,7.5,11.5,,,,,,
210,,,,,,,,,,,,,,,,,,,,,,,,,,,,,,,,,18.25,36.25,35.5,24.25,32.75,34.75,22.5,36.0,31.25,31.0,11.0,63.5,26.5,64.0,39.25,22.5,28.5,47.25,43.75,51.25,19.75,3.75,27.5,53.25,40.0,72.75,39.0,72.5,56.25,73.25,22.25,13.75,12.0,14.25,25.75,28.75,20.0,3.0,23.0,40.0,14.75,11.75,9.75,13.0,6.25,16.75,13.5,0.0,0.0,3.5,8.75,,,,,,
211,,,,,,,,,,,,,,,,,,,,,,,,,,,,,,,,,7.5,24.25,28.5,31.25,6.5,21.25,21.0,12.0,15.25,0.0,27.0,49.5,37.5,9.25,22.0,72.0,15.5,53.75,17.0,42.0,15.75,12.75,43.75,62.75,30.0,50.0,92.25,98.0,16.5,56.25,29.25,23.0,24.0,15.5,0.0,17.25,10.75,20.75,10.5,31.5,38.25,6.0,27.75,11.75,12.0,22.5,0.0,14.5,14.75,6.75,7.75,,,,,,
212,,,,,,,,,,,,,,,,,,,,,,,,,,,,,,,,,,42.75,33.75,24.75,45.0,19.75,20.75,30.25,15.75,15.0,17.75,35.25,20.5,64.5,48.0,41.75,53.5,55.75,36.0,46.0,15.75,11.5,33.25,65.5,56.75,64.25,38.5,24.5,57.0,54.25,18.25,24.25,25.5,17.75,27.75,23.75,12.0,0.0,27.25,39.5,31.25,30.75,12.5,14.25,13.75,10.75,10.5,0.0,0.0,6.5,5.5,0.0,,,,,
213,,,,,,,,,,,,,,,,,,,,,,,,,,,,,,,,,,16.75,21.0,24.75,19.75,31.75,26.25,26.25,11.0,0.0,24.5,18.5,32.75,6.25,16.75,45.25,26.75,53.5,9.25,28.0,2.5,18.0,34.75,40.75,37.75,37.0,79.5,89.0,43.0,37.0,22.5,7.25,34.0,5.0,0.0,29.25,12.25,37.0,23.0,32.0,28.0,8.5,14.75,24.25,11.0,9.0,0.0,9.25,6.5,7.0,4.5,0.0,,,,,
214,,,,,,,,,,,,,,,,,,,,,,,,,,,,,,,,,,19.25,45.75,35.5,17.5,20.0,30.0,23.0,16.0,6.25,39.0,46.5,57.25,12.75,19.5,64.0,30.0,58.5,18.5,48.25,2.75,27.75,54.75,38.5,50.5,45.25,78.25,62.0,43.5,47.5,41.0,20.5,29.5,16.5,0.0,31.5,14.5,33.75,22.75,40.25,30.75,3.0,26.5,19.5,11.5,22.25,0.0,14.75,4.0,3.0,4.25,0.0,,,,,
215,,,,,,,,,,,,,,,,,,,,,,,,,,,,,,,,,,32.25,24.5,43.0,22.0,52.5,32.5,14.5,7.25,20.25,36.5,56.25,89.25,28.5,63.75,15.25,10.25,13.75,24.0,21.75,27.75,7.75,57.75,43.25,40.0,80.75,66.75,25.0,64.5,22.75,42.25,10.0,23.75,6.75,18.5,0.0,19.5,83.25,12.0,64.0,16.0,6.75,30.0,0.0,13.5,0.0,7.75,7.5,0.0,0.0,4.25,8.75,,,,,
216,,,,,,,,,,,,,,,,,,,,,,,,,,,,,,,,,,38.75,19.25,30.25,16.5,25.0,31.25,35.75,8.75,17.75,16.5,24.25,15.75,43.5,29.5,28.25,40.5,59.0,45.5,49.0,25.5,5.5,19.0,81.25,14.75,70.5,23.75,48.5,52.25,48.0,35.5,17.5,12.0,26.75,26.75,10.5,13.25,0.0,21.0,29.25,24.0,9.75,2.5,15.0,8.5,8.75,9.25,0.0,0.0,0.0,4.5,0.0,,,,,
217,,,,,,,,,,,,,,,,,,,,,,,,,,,,,,,,,,28.75,31.5,24.5,20.0,44.0,31.25,40.0,23.0,6.25,22.25,38.75,45.5,49.0,56.5,34.5,29.5,26.25,28.75,26.25,26.5,18.5,39.5,72.5,46.5,53.5,44.25,45.0,83.75,24.25,24.75,24.0,17.0,20.25,17.5,12.25,18.0,29.75,23.5,49.5,18.0,13.0,19.0,7.0,15.25,10.5,10.5,19.0,0.0,4.0,13.75,4.5,20.25,,,,
218,,,,,,,,,,,,,,,,,,,,,,,,,,,,,,,,,,12.0,33.5,31.5,12.25,35.5,30.5,20.5,8.75,3.0,25.25,41.0,45.5,29.25,58.75,36.25,11.25,12.25,21.75,5.0,16.25,22.25,43.0,48.75,46.0,56.0,47.25,32.5,75.25,13.5,18.25,3.25,23.0,12.5,8.75,0.0,19.25,22.5,27.5,62.75,20.0,6.75,21.0,0.0,13.0,5.75,3.5,20.25,0.0,0.0,12.0,4.5,14.75,,,,
219,,,,,,,,,,,,,,,,,,,,,,,,,,,,,,,,,,,19.5,40.25,20.25,38.5,55.5,8.0,5.5,9.25,17.75,53.25,48.5,26.0,44.75,39.25,23.5,45.0,29.75,20.75,33.0,11.5,45.0,66.0,37.0,47.75,51.75,43.75,58.5,29.0,25.0,20.25,18.75,12.75,22.25,2.5,6.0,53.5,16.75,50.75,22.25,4.75,16.0,0.0,2.25,17.5,8.0,4.5,3.0,0.0,15.5,3.25,15.5,,,,
220,,,,,,,,,,,,,,,,,,,,,,,,,,,,,,,,,,,19.0,31.5,16.75,25.75,15.0,4.75,8.25,6.25,17.25,38.0,57.25,16.25,34.5,36.0,15.5,25.0,26.25,22.5,24.25,11.75,47.25,46.25,25.0,26.75,52.0,59.5,30.5,18.75,22.5,4.5,31.5,11.25,11.25,6.5,12.25,44.0,13.75,46.5,23.5,4.75,18.25,12.5,8.0,5.5,0.0,16.0,6.0,0.0,8.25,0.0,7.5,,,,
221,,,,,,,,,,,,,,,,,,,,,,,,,,,,,,,,,,,32.75,17.0,22.75,49.5,28.0,17.75,18.0,15.5,22.75,44.75,31.75,16.25,41.0,49.25,21.5,31.75,22.0,17.5,35.0,22.75,51.5,61.75,22.0,41.5,71.5,43.5,54.0,17.0,25.25,16.0,9.0,18.5,6.25,14.0,15.25,39.25,13.5,27.5,29.0,10.75,15.5,3.5,13.75,12.75,0.0,18.25,4.0,3.0,0.0,3.5,8.25,12.5,,,
222,,,,,,,,,,,,,,,,,,,,,,,,,,,,,,,,,,,22.0,40.5,20.0,25.0,11.25,6.5,0.0,10.0,22.25,32.25,67.5,6.5,37.0,33.25,13.25,51.0,10.75,17.5,15.75,14.5,63.5,45.25,33.25,24.0,56.25,72.5,59.5,37.0,26.5,15.0,15.0,10.25,11.5,6.5,12.75,27.0,23.5,25.25,12.5,5.0,11.5,2.5,8.5,12.5,3.75,17.5,0.0,3.25,0.0,3.5,6.5,3.25,,,
223,,,,,,,,,,,,,,,,,,,,,,,,,,,,,,,,,,,,21.25,6.75,27.5,14.0,17.25,7.25,9.75,26.0,43.25,45.75,13.75,37.5,39.5,22.75,35.5,26.75,31.5,19.5,30.75,43.5,61.0,45.75,39.0,73.0,66.75,44.75,34.25,30.0,6.75,20.25,19.0,8.75,17.0,9.0,53.0,27.75,54.0,28.5,9.75,20.5,18.25,17.5,14.25,3.25,12.0,0.0,0.0,14.0,0.0,8.0,12.25,,,
224,,,,,,,,,,,,,,,,,,,,,,,,,,,,,,,,,,,,29.0,15.0,29.5,22.75,15.5,0.0,14.25,34.5,44.5,66.0,21.0,36.0,26.75,21.0,16.25,39.5,10.25,27.0,36.0,47.25,43.5,31.75,48.0,32.25,39.0,56.75,7.0,33.0,3.5,18.5,11.25,17.0,0.0,11.25,53.75,24.75,53.25,12.0,12.5,19.25,0.0,6.25,3.5,6.0,14.0,0.0,0.0,9.25,8.5,12.5,0.0,,,
225,,,,,,,,,,,,,,,,,,,,,,,,,,,,,,,,,,,,34.5,2.25,30.0,19.5,14.0,2.75,13.25,21.0,35.0,62.25,11.0,23.0,15.75,16.75,36.25,30.5,15.25,11.25,6.75,43.75,33.25,24.0,51.75,50.25,34.5,67.25,17.0,20.0,9.25,19.5,14.75,10.0,7.75,7.25,28.75,26.75,27.0,11.0,5.0,19.0,2.25,7.5,7.75,6.0,11.5,2.5,0.0,22.0,4.0,3.0,0.0,,,
226,,,,,,,,,,,,,,,,,,,,,,,,,,,,,,,,,,,,,16.5,22.0,23.25,19.0,22.5,14.75,13.5,57.75,35.5,48.75,42.25,48.25,37.75,44.75,38.25,48.25,23.75,5.5,22.5,57.0,33.25,52.25,34.75,79.75,42.25,43.0,26.25,18.25,11.25,20.0,26.25,18.5,4.0,5.5,21.75,36.5,14.0,21.0,9.25,7.75,13.25,12.0,5.5,0.0,0.0,2.75,0.0,0.0,2.75,0.0,0.0,,
227,,,,,,,,,,,,,,,,,,,,,,,,,,,,,,,,,,,,,20.0,34.75,28.5,25.0,3.0,17.0,30.5,39.75,61.0,36.0,22.25,30.25,26.75,24.25,20.5,18.75,31.5,12.0,41.0,53.25,35.75,56.25,46.0,48.25,66.0,13.0,41.75,12.25,19.0,17.0,22.75,0.0,9.0,41.5,20.0,57.25,20.75,6.5,12.5,0.0,3.75,0.0,4.25,16.5,0.0,0.0,10.5,5.25,13.25,0.0,16.75,,
228,,,,,,,,,,,,,,,,,,,,,,,,,,,,,,,,,,,,,13.75,31.5,18.5,12.75,15.5,2.75,17.75,39.5,47.0,5.0,26.25,39.0,21.0,54.5,18.25,20.75,13.25,17.25,49.0,62.5,45.5,46.0,64.25,64.75,32.75,44.75,21.75,11.75,24.75,14.5,0.0,22.75,17.0,30.25,16.5,27.25,35.25,2.5,17.0,10.5,7.25,15.75,0.0,8.5,8.75,5.75,7.0,0.0,0.0,6.25,17.75,,
229,,,,,,,,,,,,,,,,,,,,,,,,,,,,,,,,,,,,,26.5,21.5,15.5,30.75,34.5,16.25,18.25,60.0,23.0,69.0,45.0,49.5,44.0,47.75,54.25,46.25,19.25,3.25,20.0,57.5,58.25,57.75,49.25,62.5,51.0,60.25,29.0,17.5,15.5,33.75,17.0,29.25,8.75,2.5,19.25,44.0,16.5,8.5,5.5,19.5,15.25,16.25,9.5,0.0,0.0,11.5,4.75,0.0,7.25,0.0,0.0,,
230,,,,,,,,,,,,,,,,,,,,,,,,,,,,,,,,,,,,,6.5,24.25,17.75,17.5,21.25,8.75,32.25,21.75,44.75,5.75,16.0,28.25,16.0,59.25,21.5,30.75,9.5,24.75,66.0,44.0,48.0,30.25,61.0,70.75,24.75,46.25,38.5,19.5,26.75,16.0,0.0,22.0,14.0,35.5,11.0,36.75,19.0,6.0,26.0,25.75,14.25,21.5,0.0,7.25,11.5,10.75,0.0,0.0,7.75,0.0,32.5,,
231,,,,,,,,,,,,,,,,,,,,,,,,,,,,,,,,,,,,,20.75,13.75,20.25,30.25,16.75,25.75,7.25,51.0,31.0,45.75,40.5,53.5,44.5,54.5,43.75,37.5,24.75,3.75,16.0,61.25,48.25,64.0,22.5,87.75,57.5,39.5,39.5,21.5,22.75,15.25,15.75,18.25,21.0,3.0,25.75,32.75,25.0,18.75,2.75,17.5,10.25,3.5,3.5,0.0,0.0,8.0,0.0,0.0,4.0,0.0,0.0,,
232,,,,,,,,,,,,,,,,,,,,,,,,,,,,,,,,,,,,,17.0,36.75,46.0,28.0,4.0,18.5,23.75,33.5,60.5,21.75,40.5,21.0,35.25,32.75,31.25,12.75,24.5,15.5,45.0,45.5,33.75,41.25,72.25,20.5,66.5,14.75,40.25,9.5,17.75,21.75,15.5,0.0,19.75,55.75,22.5,46.25,29.25,0.0,16.75,0.0,17.0,4.0,0.0,10.25,0.0,0.0,10.0,12.75,21.25,0.0,15.0,0.0,
233,,,,,,,,,,,,,,,,,,,,,,,,,,,,,,,,,,,,,9.5,33.75,29.75,13.75,8.5,5.5,23.25,33.75,45.5,5.75,28.0,44.5,16.0,26.75,18.75,27.75,9.25,17.25,51.5,69.5,26.0,48.5,59.25,79.0,15.5,44.5,14.75,14.75,38.0,13.25,0.0,28.0,20.75,35.75,14.0,29.25,24.75,6.0,28.5,22.25,7.5,15.5,0.0,6.0,5.75,0.0,7.5,0.0,9.25,9.25,16.25,18.5,
234,,,,,,,,,,,,,,,,,,,,,,,,,,,,,,,,,,,,,,41.0,32.25,22.25,6.5,19.75,38.25,42.5,52.25,30.25,43.5,5.75,6.0,25.25,31.75,6.25,21.75,21.25,49.75,41.25,23.75,54.5,40.0,38.5,47.5,17.25,43.5,11.5,11.25,11.25,25.25,0.0,2.5,62.25,22.5,46.25,14.25,11.0,14.25,0.0,11.75,9.25,3.5,3.25,0.0,0.0,19.75,15.25,18.5,0.0,17.75,0.0,
235,,,,,,,,,,,,,,,,,,,,,,,,,,,,,,,,,,,,,,20.25,14.25,12.0,12.0,5.75,29.25,27.25,45.5,3.25,12.5,50.0,22.75,42.5,13.75,27.0,5.5,28.0,38.75,43.75,58.75,43.0,82.75,88.0,17.0,47.5,43.0,25.0,17.75,22.5,0.0,26.25,18.5,29.0,18.75,35.5,18.75,7.5,21.75,11.75,16.0,12.0,0.0,6.0,13.0,10.25,3.5,0.0,7.25,7.0,12.75,7.5,
236,,,,,,,,,,,,,,,,,,,,,,,,,,,,,,,,,,,,,,17.0,20.0,10.5,24.5,2.75,15.5,27.0,44.75,14.25,25.25,41.5,21.5,42.0,13.0,28.25,11.25,10.75,45.25,51.25,58.25,28.0,68.75,84.0,23.75,32.5,28.5,21.0,18.25,14.0,0.0,27.25,14.75,34.75,12.25,28.5,34.75,9.75,7.75,12.75,15.25,13.75,0.0,6.0,12.75,3.25,0.0,0.0,6.25,16.0,10.0,15.5,
237,,,,,,,,,,,,,,,,,,,,,,,,,,,,,,,,,,,,,,33.75,25.25,8.75,18.75,3.0,32.5,39.25,41.0,3.5,22.5,59.75,27.5,44.25,14.5,50.0,6.0,26.5,60.75,63.25,50.0,33.25,61.75,58.25,43.75,35.75,30.0,34.0,11.75,8.0,0.0,25.0,5.5,24.25,16.75,41.75,35.5,11.0,26.25,22.75,12.0,15.25,0.0,6.5,3.25,0.0,4.0,0.0,7.0,19.5,20.25,17.5,
238,,,,,,,,,,,,,,,,,,,,,,,,,,,,,,,,,,,,,,,28.5,15.25,22.25,0.0,17.0,19.25,43.25,16.5,21.25,38.75,12.25,42.5,17.25,37.25,6.0,16.25,61.5,67.75,31.75,51.0,78.5,64.25,53.75,42.25,19.5,18.5,18.0,13.0,0.0,37.75,8.0,41.75,8.25,44.25,38.25,13.0,23.5,22.25,15.75,8.25,0.0,5.75,7.75,2.75,7.25,0.0,6.75,10.75,3.5,12.75,5.75
239,,,,,,,,,,,,,,,,,,,,,,,,,,,,,,,,,,,,,,,22.5,25.25,13.75,8.5,15.75,36.0,49.25,11.5,23.0,47.0,11.5,50.0,33.75,46.25,9.25,16.0,51.0,52.5,72.25,44.0,75.75,57.5,42.5,58.75,27.5,10.25,33.25,5.25,0.0,29.0,10.5,30.25,17.0,37.0,28.0,11.0,22.25,14.75,16.25,14.5,0.0,3.5,10.25,10.0,4.25,0.0,7.0,16.25,13.0,8.0,3.5
240,,,,,,,,,,,,,,,,,,,,,,,,,,,,,,,,,,,,,,,19.25,23.0,10.25,19.5,15.25,45.25,35.5,29.75,33.5,62.0,40.75,65.5,44.25,44.0,19.0,10.75,49.5,52.5,32.75,55.0,66.0,42.25,43.75,46.75,59.75,14.75,22.0,28.5,9.5,29.25,9.0,16.75,15.25,27.0,34.25,14.5,12.25,29.25,9.25,13.75,7.25,0.0,7.25,0.0,0.0,0.0,3.5,6.5,11.0,4.0,7.25
241,,,,,,,,,,,,,,,,,,,,,,,,,,,,,,,,,,,,,,,20.0,18.0,20.75,2.75,24.5,32.75,34.25,8.5,30.75,62.25,33.5,85.75,14.5,33.5,2.75,12.75,51.5,35.5,62.5,42.5,92.25,56.5,31.25,46.0,28.25,21.75,31.0,10.75,0.0,29.75,11.0,37.25,21.25,43.5,34.0,2.5,41.0,18.25,8.75,18.25,0.0,14.25,6.25,3.75,0.0,0.0,0.0,3.0,14.25,9.0,6.5
242,,,,,,,,,,,,,,,,,,,,,,,,,,,,,,,,,,,,,,,11.5,18.25,16.25,10.5,11.75,38.25,33.5,39.0,38.25,31.25,48.0,49.5,33.5,31.75,10.5,2.75,9.5,66.25,39.0,48.75,39.75,58.25,48.75,67.75,9.5,17.25,10.75,9.0,18.5,24.75,11.75,2.75,16.5,30.25,25.75,19.5,7.25,12.75,13.25,13.25,5.25,0.0,0.0,12.5,3.5,0.0,3.0,0.0,0.0,0.0,0.0
243,,,,,,,,,,,,,,,,,,,,,,,,,,,,,,,,,,,,,,,25.0,31.75,11.5,23.5,9.75,43.75,24.75,47.75,26.5,50.25,25.25,43.0,31.5,47.25,20.75,9.75,15.0,48.75,35.0,47.25,51.75,80.75,27.75,46.75,29.0,25.75,15.0,26.0,19.0,11.5,5.75,2.25,27.25,28.25,18.0,19.0,11.0,9.25,12.75,8.0,3.0,0.0,0.0,3.0,11.25,0.0,6.5,0.0,0.0,0.0,6.25
