,2020-03-01,2020-03-08,2020-03-15,2020-03-22,2020-03-29,2020-04-05,2020-04-12,2020-04-19,2020-04-26,2020-05-03,2020-05-10,2020-05-17,2020-05-24,2020-05-31,2020-06-07,2020-06-14,2020-06-21,2020-06-28,2020-07-05,2020-07-12,2020-07-19,2020-07-26,2020-08-02,2020-08-09,2020-08-16,2020-08-23,2020-08-30,2020-09-06,2020-09-13,2020-09-20,2020-09-27,2020-10-04,2020-10-11,2020-10-18,2020-10-25,2020-11-01,2020-11-08,2020-11-15,2020-11-22,2020-11-29,2020-12-06,2020-12-13,2020-12-20,2020-12-27,2021-01-03,2021-01-10,2021-01-17,2021-01-24,2021-01-31,2021-02-07,2021-02-14,2021-02-21,2021-02-28,2021-03-07,2021-03-14,2021-03-21,2021-03-28,2021-04-04,2021-04-11,2021-04-18,2021-04-25,2021-05-02,2021-05-09,2021-05-16,2021-05-23,2021-05-30,2021-06-06,2021-06-13,2021-06-20,2021-06-27,2021-07-04,2021-07-11,2021-07-18,2021-07-25,2021-08-01,2021-08-08,2021-08-15
0,0.0,4.75,0.0,18.75,0.0,13.0,5.0,0.0,0.0,18.75,0.0,9.25,8.75,16.25,5.5,0.0,0.0,0.0,0.0,20.0,53.75,82.75,87.25,14.25,19.25,19.0,13.5,14.5,0.0,31.5,16.75,6.0,4.5,11.75,10.0,25.0,26.75,41.0,6.25,16.5,26.5,7.0,6.5,61.75,0.0,7.0,7.25,0.0,15.25,0.0,0.0,,,,,,,,,,,,,,,,,,,,,,,,,,
1,0.0,16.25,24.5,29.0,13.75,0.0,29.5,32.75,54.0,0.0,0.0,42.25,0.0,0.0,0.0,0.0,0.0,9.25,34.0,35.5,76.0,55.25,57.0,48.75,37.75,4.25,10.5,4.75,24.75,10.75,0.0,5.5,10.75,14.25,9.75,23.5,45.75,0.0,37.0,16.0,6.25,32.75,0.0,31.75,37.0,12.0,6.0,0.0,0.0,10.75,0.0,,,,,,,,,,,,,,,,,,,,,,,,,,
2,0.0,13.0,0.0,19.75,0.0,6.25,4.5,12.25,0.0,10.5,0.0,0.0,10.5,11.75,3.5,0.0,0.0,0.0,0.0,46.5,57.75,71.25,82.75,18.5,41.25,19.25,25.0,27.75,0.0,30.0,7.25,32.5,19.5,17.5,0.0,33.75,28.75,37.75,12.0,24.5,8.5,6.5,5.5,25.75,0.0,6.75,16.75,0.0,14.0,0.0,0.0,,,,,,,,,,,,,,,,,,,,,,,,,,
3,0.0,8.5,0.0,23.75,0.0,17.75,4.0,12.5,3.5,7.25,0.0,8.25,12.0,18.75,3.75,0.0,0.0,0.0,0.0,33.5,71.25,88.75,56.25,8.75,51.5,3.5,11.5,7.0,0.0,8.25,6.75,15.25,13.0,17.25,7.75,37.75,33.75,19.25,14.5,25.75,18.25,5.75,9.25,38.25,0.0,5.25,4.25,0.0,9.0,0.0,0.0,,,,,,,,,,,,,,,,,,,,,,,,,,
4,0.0,5.25,20.5,5.75,0.0,0.0,32.0,18.25,35.25,0.0,4.5,35.5,0.0,0.0,0.0,0.0,0.0,9.0,18.5,46.25,99.0,53.0,38.25,21.0,23.75,13.0,14.0,7.25,14.25,9.75,5.0,5.5,5.25,20.75,15.0,5.0,23.0,0.0,50.0,14.0,12.0,38.75,0.0,22.5,56.25,0.0,11.5,0.0,13.0,0.0,0.0,,,,,,,,,,,,,,,,,,,,,,,,,,
5,0.0,0.0,0.0,19.5,0.0,7.75,17.5,0.0,7.25,5.5,0.0,14.0,11.5,18.75,12.75,0.0,0.0,0.0,0.0,20.0,65.5,85.75,51.75,17.5,74.0,31.5,15.75,25.5,0.0,30.25,0.0,0.0,9.0,15.0,13.0,29.25,37.75,38.75,8.5,39.0,14.5,14.5,9.5,25.75,0.0,7.0,22.0,0.0,18.5,0.0,0.0,,,,,,,,,,,,,,,,,,,,,,,,,,
6,0.0,0.0,0.0,23.5,0.0,19.25,11.0,0.0,0.0,0.0,0.0,0.0,0.0,11.5,3.75,0.0,0.0,0.0,0.0,41.5,56.25,100.0,65.5,3.5,50.0,15.75,5.75,15.75,0.0,22.0,21.5,16.25,13.25,6.75,9.5,19.5,22.75,20.75,4.25,28.5,12.5,20.25,6.5,22.25,0.0,0.0,4.75,0.0,14.25,0.0,0.0,,,,,,,,,,,,,,,,,,,,,,,,,,
7,0.0,13.5,36.0,31.5,0.0,0.0,36.5,6.75,23.75,0.0,17.75,35.75,0.0,0.0,0.0,0.0,0.0,17.5,11.5,19.5,84.75,76.25,48.75,23.0,59.75,23.5,0.0,6.0,0.0,7.75,0.0,0.0,15.5,44.75,15.75,14.5,19.5,0.0,39.0,8.5,24.25,51.25,0.0,30.5,18.25,17.75,0.0,0.0,13.0,13.25,0.0,,,,,,,,,,,,,,,,,,,,,,,,,,
8,0.0,17.25,0.0,25.0,0.0,18.5,0.0,13.75,9.75,9.0,0.0,0.0,14.0,4.5,13.75,0.0,0.0,0.0,0.0,47.75,97.0,54.75,67.25,9.0,37.25,23.5,19.25,36.75,0.0,5.0,6.5,7.25,22.75,27.0,15.0,50.25,54.0,21.5,0.0,32.5,20.0,0.0,0.0,32.0,0.0,8.0,0.0,0.0,16.25,0.0,0.0,,,,,,,,,,,,,,,,,,,,,,,,,,
9,,10.25,0.0,3.5,0.0,8.25,5.75,11.25,10.25,7.0,0.0,17.0,0.0,8.0,15.0,0.0,0.0,0.0,0.0,18.25,75.5,95.0,64.5,7.5,69.25,25.25,8.75,3.0,0.0,22.25,0.0,11.0,13.75,29.0,5.0,45.25,23.75,16.25,8.0,25.25,0.0,14.5,0.0,29.0,0.0,0.0,15.25,0.0,8.25,0.0,0.0,18.75,,,,,,,,,,,,,,,,,,,,,,,,,
10,,13.5,42.25,18.25,14.5,0.0,43.5,44.5,59.0,0.0,16.0,44.5,0.0,0.0,0.0,0.0,0.0,7.75,37.25,67.25,87.25,78.75,49.25,31.25,45.75,4.5,26.0,0.0,19.5,17.5,5.25,14.25,0.0,41.5,20.0,13.75,31.5,0.0,51.75,9.0,0.0,25.25,0.0,20.0,38.25,0.0,17.25,0.0,11.75,4.75,0.0,5.5,,,,,,,,,,,,,,,,,,,,,,,,,
11,,0.0,17.5,7.75,14.75,0.0,11.5,27.25,38.5,7.25,5.5,19.0,0.0,6.75,7.25,0.0,0.0,0.0,15.75,56.25,80.0,66.25,36.0,18.75,7.5,11.25,30.5,20.5,10.5,0.0,11.75,7.0,15.5,29.75,11.25,14.75,45.5,16.75,31.75,17.75,17.5,10.25,12.25,21.25,21.75,14.5,17.0,0.0,0.0,0.0,0.0,12.75,,,,,,,,,,,,,,,,,,,,,,,,,
12,,13.25,0.0,14.5,0.0,22.0,7.0,9.0,7.0,24.0,0.0,16.0,5.5,10.5,17.0,0.0,0.0,0.0,0.0,21.25,39.75,86.0,85.0,15.0,61.5,36.5,34.25,42.5,0.0,38.25,0.0,25.5,11.25,8.25,0.0,8.25,32.25,48.25,8.0,18.0,0.0,8.25,16.25,29.25,0.0,0.0,9.5,0.0,8.25,0.0,0.0,11.0,,,,,,,,,,,,,,,,,,,,,,,,,
13,,8.75,21.75,7.5,7.5,9.5,7.0,16.0,37.75,14.5,11.25,27.5,0.0,0.0,7.25,0.0,0.0,6.0,11.25,58.25,70.0,85.25,69.25,22.75,50.75,25.5,29.75,28.5,11.75,14.25,0.0,25.0,6.5,8.25,18.5,6.0,42.5,25.0,21.25,7.0,15.0,16.25,0.0,18.0,33.0,7.5,16.75,0.0,15.0,6.0,0.0,0.0,,,,,,,,,,,,,,,,,,,,,,,,,
14,,7.25,0.0,13.75,15.0,0.0,28.25,5.25,40.5,0.0,15.75,55.5,0.0,0.0,0.0,0.0,0.0,5.75,0.0,62.25,81.75,73.25,41.0,39.0,12.25,31.75,15.75,5.75,11.75,0.0,13.25,0.0,0.0,38.5,25.25,25.75,31.5,0.0,25.0,13.75,7.5,24.25,0.0,16.5,42.0,7.75,0.0,0.0,0.0,11.5,0.0,16.0,,,,,,,,,,,,,,,,,,,,,,,,,
15,,5.25,36.75,10.0,0.0,0.0,15.0,25.0,62.5,0.0,21.25,35.25,0.0,0.0,0.0,0.0,0.0,22.0,14.75,42.0,96.0,87.25,31.25,23.5,42.25,4.5,36.75,18.75,7.75,7.75,8.75,9.25,22.75,43.0,4.75,20.5,24.5,0.0,30.25,8.75,19.25,29.5,0.0,18.25,49.25,10.25,5.75,0.0,13.25,7.0,0.0,13.75,,,,,,,,,,,,,,,,,,,,,,,,,
16,,9.25,0.0,11.5,0.0,34.5,5.5,3.0,16.25,20.0,0.0,4.25,4.25,6.75,4.5,0.0,0.0,0.0,0.0,42.25,67.0,85.25,75.25,4.5,35.25,32.0,3.0,20.75,0.0,8.5,10.75,9.25,18.0,12.25,13.75,24.5,20.25,21.75,8.75,29.25,4.5,6.75,0.0,34.5,0.0,4.5,10.25,0.0,8.5,0.0,0.0,4.25,,,,,,,,,,,,,,,,,,,,,,,,,
17,,14.75,0.0,18.0,0.0,18.0,5.75,3.0,2.75,7.5,0.0,4.5,4.5,13.25,4.5,0.0,0.0,0.0,0.0,40.0,61.0,69.5,65.0,9.25,37.75,20.5,4.25,20.5,0.0,17.75,5.5,12.25,14.75,17.25,14.0,39.75,32.75,40.25,5.25,17.25,6.75,17.25,20.0,37.0,0.0,13.25,12.25,0.0,8.5,0.0,0.0,7.5,,,,,,,,,,,,,,,,,,,,,,,,,
18,,0.0,6.25,22.25,0.0,22.0,9.5,4.5,24.75,2.5,0.0,33.5,0.0,2.25,0.0,0.0,0.0,4.75,9.75,54.25,74.0,76.0,40.25,28.75,24.75,20.75,14.0,7.75,0.0,5.0,5.5,3.0,8.75,19.5,13.75,16.75,30.25,8.25,24.5,3.0,20.25,12.75,0.0,18.75,7.0,23.5,16.0,0.0,25.75,9.75,0.0,0.0,,,,,,,,,,,,,,,,,,,,,,,,,
19,,21.25,0.0,17.25,0.0,6.0,6.0,4.5,12.75,9.0,0.0,4.25,4.5,12.5,4.5,0.0,0.0,0.0,0.0,32.75,75.0,94.5,47.25,9.0,33.0,17.25,13.5,41.75,0.0,9.5,5.5,11.0,5.25,10.25,0.0,46.0,30.25,31.25,10.0,11.0,6.25,12.75,8.0,15.5,0.0,6.25,5.75,0.0,10.25,0.0,0.0,8.75,,,,,,,,,,,,,,,,,,,,,,,,,
20,,,0.0,20.75,0.0,14.0,0.0,8.0,3.5,21.25,0.0,3.75,9.25,15.5,4.5,0.0,0.0,0.0,0.0,61.5,81.25,90.0,75.75,20.0,35.75,19.75,23.75,26.5,0.0,15.5,0.0,22.75,12.0,21.25,11.5,25.5,32.5,42.25,6.5,14.5,8.5,0.0,7.25,51.0,0.0,0.0,13.0,0.0,29.75,0.0,0.0,17.5,0.0,,,,,,,,,,,,,,,,,,,,,,,,
21,,0.0,6.25,16.0,0.0,12.5,0.0,17.25,11.0,17.5,17.75,0.0,0.0,20.75,0.0,9.25,17.25,17.75,29.5,13.75,38.75,25.0,71.0,20.25,37.25,15.5,8.75,43.25,4.75,13.5,22.5,10.5,20.0,8.5,0.0,14.5,10.5,0.0,0.0,0.0,74.75,18.25,8.0,33.0,30.25,0.0,32.0,0.0,0.0,0.0,25.0,0.0,26.5,,,,,,,,,,,,,,,,,,,,,,,,
22,,5.0,9.75,31.25,5.75,0.0,14.25,16.25,40.75,0.0,4.25,47.25,0.0,0.0,0.0,0.0,0.0,0.0,19.5,43.25,82.75,61.25,44.5,33.5,18.0,13.25,27.5,6.75,10.0,6.5,7.0,16.25,15.75,12.0,0.0,15.25,35.75,0.0,23.5,12.5,0.0,17.75,0.0,34.75,30.25,5.75,9.25,0.0,16.0,3.75,0.0,9.0,0.0,,,,,,,,,,,,,,,,,,,,,,,,
23,,,0.0,16.0,0.0,11.25,6.75,7.0,9.25,11.0,0.0,0.0,5.25,16.25,5.5,0.0,0.0,0.0,0.0,41.75,49.5,92.25,80.5,19.75,39.25,28.5,12.75,18.5,0.0,9.5,10.0,10.5,33.5,13.0,6.25,37.75,18.5,22.75,9.75,13.0,7.75,8.0,0.0,5.25,0.0,5.75,0.0,0.0,6.25,0.0,0.0,13.75,0.0,,,,,,,,,,,,,,,,,,,,,,,,
24,,,57.5,10.5,0.0,30.0,0.0,22.0,13.25,19.25,22.0,0.0,29.25,33.5,0.0,22.5,39.25,51.75,29.5,44.5,33.0,33.0,48.25,35.5,52.0,6.0,8.0,35.5,20.25,21.5,51.25,25.25,31.0,18.5,9.25,15.75,18.75,0.0,0.0,0.0,74.75,0.0,23.75,32.25,41.75,0.0,19.0,0.0,0.0,0.0,14.0,0.0,19.75,,,,,,,,,,,,,,,,,,,,,,,,
25,,,39.5,13.75,0.0,7.75,13.25,4.5,22.75,22.25,16.0,4.25,13.5,0.0,5.75,0.0,0.0,15.25,17.5,47.25,61.25,44.0,77.25,12.75,55.25,25.5,9.25,34.5,17.25,14.75,24.75,10.25,28.0,17.75,0.0,19.5,13.25,6.5,11.75,7.0,30.5,6.5,45.5,48.0,40.75,0.0,35.75,0.0,0.0,0.0,0.0,0.0,7.5,,,,,,,,,,,,,,,,,,,,,,,,
26,,,,0.0,0.0,33.0,0.0,23.75,0.0,22.25,8.25,0.0,33.0,21.75,0.0,8.25,51.25,26.75,41.5,51.75,72.25,45.0,35.75,7.5,42.25,17.0,23.75,26.75,24.0,0.0,28.25,11.75,31.75,29.5,20.0,8.75,10.75,0.0,0.0,0.0,45.0,10.25,36.5,13.0,60.0,0.0,10.0,0.0,0.0,0.0,18.0,0.0,7.0,0.0,,,,,,,,,,,,,,,,,,,,,,,
27,,,,12.0,0.0,18.5,7.0,0.0,0.0,14.75,0.0,0.0,15.25,5.0,0.0,0.0,0.0,0.0,0.0,57.5,53.25,70.5,68.25,16.5,56.0,10.75,4.75,20.0,0.0,25.25,11.75,36.75,24.0,17.0,11.75,23.25,23.25,34.75,15.75,20.5,20.0,8.0,24.0,50.25,0.0,0.0,7.0,0.0,11.0,0.0,0.0,9.25,0.0,0.0,,,,,,,,,,,,,,,,,,,,,,,
28,,,,9.75,0.0,9.0,4.25,7.0,6.5,14.25,0.0,6.75,3.25,3.0,0.0,0.0,0.0,0.0,0.0,30.25,60.5,79.25,63.25,13.75,43.0,17.25,3.25,31.5,0.0,15.25,13.0,14.75,22.25,13.25,3.5,13.25,30.0,28.25,8.5,13.5,10.5,5.25,12.75,30.25,0.0,0.0,9.0,0.0,23.25,0.0,0.0,14.75,0.0,0.0,,,,,,,,,,,,,,,,,,,,,,,
29,,,,18.25,0.0,15.0,0.0,9.25,0.0,5.75,0.0,7.75,10.0,10.5,8.25,0.0,0.0,0.0,0.0,35.75,78.5,90.0,49.75,8.25,82.25,19.25,15.75,13.25,0.0,23.0,0.0,17.75,12.25,24.25,17.75,28.0,33.75,36.25,11.5,24.25,8.0,8.0,19.0,35.25,0.0,14.5,19.75,0.0,18.0,0.0,0.0,15.25,0.0,0.0,,,,,,,,,,,,,,,,,,,,,,,
30,,,,14.25,0.0,35.75,0.0,0.0,14.0,5.75,9.0,0.0,4.5,26.25,0.0,18.25,9.25,34.25,33.25,19.0,44.0,31.0,64.75,30.5,40.5,22.5,0.0,33.5,52.25,0.0,29.5,0.0,19.25,28.75,10.25,25.5,0.0,0.0,0.0,0.0,84.75,6.5,22.75,45.75,9.0,0.0,17.75,0.0,0.0,0.0,32.75,0.0,14.25,0.0,,,,,,,,,,,,,,,,,,,,,,,
31,,,,14.75,6.0,0.0,16.25,28.5,42.5,0.0,7.5,37.75,0.0,0.0,0.0,0.0,0.0,8.25,32.25,52.75,57.25,70.25,42.25,12.25,53.75,19.75,11.0,0.0,7.75,0.0,0.0,16.0,4.5,17.75,13.5,21.5,27.5,0.0,39.5,18.75,6.5,16.5,0.0,0.0,31.25,10.25,10.75,0.0,4.25,4.75,0.0,12.0,0.0,0.0,,,,,,,,,,,,,,,,,,,,,,,
32,,,,29.75,0.0,0.0,5.75,8.25,0.0,11.75,0.0,2.75,4.75,8.75,0.0,0.0,0.0,0.0,0.0,49.0,68.0,69.5,66.25,7.25,32.0,9.75,7.25,23.0,0.0,33.0,0.0,16.75,21.0,3.25,5.0,35.75,30.75,14.75,13.25,27.75,14.25,16.75,17.25,31.75,0.0,10.75,3.75,0.0,27.5,0.0,0.0,13.75,0.0,0.0,,,,,,,,,,,,,,,,,,,,,,,
33,,,,,15.5,0.0,20.25,31.5,62.5,0.0,17.0,34.5,0.0,0.0,0.0,0.0,0.0,10.0,28.25,65.25,84.25,58.75,40.25,14.75,17.75,17.5,25.75,5.5,12.25,8.0,6.5,0.0,9.0,11.75,25.75,28.0,25.5,0.0,42.0,15.5,7.5,21.25,0.0,28.0,38.25,13.5,7.5,0.0,19.25,10.25,0.0,17.25,0.0,0.0,6.75,,,,,,,,,,,,,,,,,,,,,,
34,,,,,5.0,0.0,15.5,23.0,25.25,0.0,0.0,52.0,0.0,0.0,0.0,0.0,0.0,4.0,19.5,22.75,100.0,50.75,31.5,2.75,4.0,11.0,11.0,3.75,7.0,0.0,0.0,3.5,0.0,24.0,3.25,6.0,13.75,0.0,19.75,4.75,11.5,27.75,0.0,27.75,5.5,9.0,3.5,0.0,6.25,9.0,0.0,3.75,0.0,0.0,5.25,,,,,,,,,,,,,,,,,,,,,,
35,,,,,0.0,37.5,0.0,26.0,7.75,16.75,19.25,0.0,17.25,47.5,0.0,0.0,36.5,21.5,54.5,46.25,20.5,48.75,63.0,28.0,53.25,37.75,0.0,52.75,40.5,8.0,33.75,10.5,21.75,54.5,0.0,20.5,9.0,0.0,12.0,0.0,11.5,28.0,13.5,73.5,27.0,0.0,39.0,0.0,0.0,0.0,16.0,0.0,28.25,0.0,0.0,,,,,,,,,,,,,,,,,,,,,,
36,,,,,0.0,15.75,17.0,0.0,11.0,36.75,0.0,12.75,11.75,13.75,25.25,0.0,0.0,0.0,0.0,61.75,87.25,78.0,80.75,33.25,51.5,31.25,14.5,46.0,0.0,39.75,0.0,40.5,19.5,13.25,5.25,43.5,54.25,35.5,21.5,12.75,10.25,16.75,29.5,50.5,0.0,21.25,6.0,0.0,50.5,0.0,0.0,20.5,0.0,0.0,27.5,,,,,,,,,,,,,,,,,,,,,,
37,,,,,0.0,11.25,0.0,11.5,0.0,11.5,0.0,7.75,11.25,11.0,7.5,0.0,0.0,0.0,0.0,38.5,65.5,76.75,73.5,27.0,54.75,23.75,19.5,29.5,0.0,17.0,13.25,36.25,13.5,15.0,4.25,13.5,23.5,28.5,9.5,27.25,22.75,0.0,21.25,42.75,0.0,0.0,0.0,0.0,29.25,0.0,0.0,11.0,0.0,0.0,7.75,,,,,,,,,,,,,,,,,,,,,,
38,,,,,0.0,12.0,0.0,3.5,8.75,11.5,0.0,9.5,3.5,13.0,0.0,0.0,0.0,0.0,0.0,35.0,80.25,76.0,72.5,13.0,44.5,19.5,0.0,37.0,0.0,32.75,4.25,17.5,16.0,37.25,12.25,15.0,39.0,10.75,0.0,4.5,8.75,13.0,15.5,31.5,0.0,14.0,7.75,0.0,26.25,0.0,0.0,28.5,0.0,0.0,20.75,,,,,,,,,,,,,,,,,,,,,,
39,,,,,0.0,10.75,0.0,26.0,7.75,36.75,10.25,0.0,29.5,38.5,0.0,14.0,21.75,27.5,39.75,41.75,30.5,14.0,88.75,21.75,60.25,12.5,22.0,21.5,28.25,0.0,0.0,5.5,15.25,35.5,5.0,21.25,21.5,0.0,20.75,0.0,41.5,22.0,20.5,17.75,51.5,0.0,16.5,0.0,0.0,0.0,26.75,0.0,30.25,0.0,0.0,,,,,,,,,,,,,,,,,,,,,,
40,,,,,5.0,5.0,7.5,12.75,20.75,7.5,5.5,30.5,3.75,3.5,0.0,0.0,0.0,5.75,9.25,47.0,83.0,70.75,43.25,26.75,39.25,10.75,15.0,9.5,0.0,19.75,15.5,0.0,4.5,4.5,15.0,8.75,27.25,17.0,17.0,9.25,0.0,20.5,6.5,34.5,19.25,5.5,10.0,0.0,8.5,3.75,0.0,3.5,0.0,0.0,8.75,4.0,,,,,,,,,,,,,,,,,,,,,
41,,,,,,14.75,0.0,13.5,3.25,0.0,6.0,0.0,4.5,8.75,0.0,0.0,17.75,30.25,25.5,45.25,49.5,37.0,51.5,17.5,31.25,18.5,3.5,37.75,21.75,17.75,35.0,0.0,16.0,15.5,9.25,13.25,19.5,0.0,5.25,0.0,85.25,6.25,53.25,65.0,21.5,0.0,17.75,0.0,0.0,0.0,11.0,0.0,3.5,0.0,0.0,32.5,,,,,,,,,,,,,,,,,,,,,
42,,,,,,19.0,7.25,5.5,3.0,24.5,0.0,3.25,0.0,5.25,0.0,0.0,0.0,0.0,0.0,47.5,73.5,89.5,59.0,6.5,34.0,16.75,21.0,18.25,0.0,32.0,4.0,15.0,32.25,27.5,16.25,36.0,19.75,33.5,12.25,56.0,15.25,0.0,0.0,49.75,0.0,9.5,0.0,0.0,26.0,0.0,0.0,11.0,0.0,0.0,19.25,15.5,,,,,,,,,,,,,,,,,,,,,
43,,,,,,16.0,7.0,5.25,10.5,9.75,0.0,5.5,5.5,9.25,6.75,0.0,0.0,0.0,0.0,48.0,56.75,92.0,46.5,21.5,70.0,32.75,11.0,37.75,0.0,33.25,13.0,15.25,20.25,18.25,11.5,51.75,44.25,31.5,6.5,43.0,8.0,6.5,37.5,38.5,0.0,9.5,15.0,0.0,17.75,0.0,0.0,10.75,0.0,0.0,15.5,7.0,,,,,,,,,,,,,,,,,,,,,
44,,,,,,16.0,7.0,5.25,10.5,9.75,0.0,5.5,5.5,9.25,7.0,0.0,0.0,0.0,0.0,48.0,57.0,93.0,46.75,21.75,70.25,33.75,11.5,38.0,0.0,33.25,13.0,15.25,20.5,18.25,11.5,52.5,44.75,31.5,6.5,43.0,8.0,6.5,37.75,39.25,0.0,9.75,15.0,0.0,17.75,0.0,0.0,10.75,0.0,0.0,15.75,7.0,,,,,,,,,,,,,,,,,,,,,
45,,,,,,,0.0,6.25,17.0,15.25,22.5,0.0,4.75,19.0,0.0,9.75,38.75,14.0,26.25,23.5,44.5,25.5,70.5,9.75,29.0,10.75,6.25,23.5,0.0,7.75,23.0,6.0,41.5,24.0,13.75,11.0,12.75,0.0,8.25,0.0,71.75,6.75,35.5,68.75,10.5,0.0,16.0,0.0,0.0,0.0,19.25,0.0,21.25,0.0,0.0,25.75,0.0,,,,,,,,,,,,,,,,,,,,
46,,,,,,,0.0,0.0,6.75,4.25,7.0,0.0,19.75,21.25,0.0,4.5,31.75,17.0,32.5,12.75,35.5,21.75,57.0,18.75,47.75,0.0,0.0,29.25,20.25,21.0,0.0,0.0,19.25,23.75,22.75,9.0,9.0,0.0,8.0,0.0,46.25,10.5,49.5,38.25,35.25,0.0,15.25,0.0,0.0,0.0,0.0,0.0,22.0,0.0,0.0,36.75,10.75,,,,,,,,,,,,,,,,,,,,
47,,,,,,,7.25,18.75,57.75,0.0,0.0,35.5,0.0,0.0,0.0,0.0,0.0,5.75,26.0,78.75,84.75,51.5,24.5,30.75,51.25,18.5,26.75,5.75,8.0,8.25,15.25,9.75,16.5,28.75,35.75,30.0,52.0,0.0,15.5,6.75,15.0,7.5,0.0,31.25,36.0,10.75,0.0,0.0,6.5,0.0,0.0,5.5,0.0,0.0,19.75,0.0,0.0,,,,,,,,,,,,,,,,,,,,
48,,,,,,,0.0,0.0,3.75,17.0,0.0,0.0,3.75,9.0,0.0,0.0,0.0,0.0,0.0,32.0,59.25,77.75,71.5,5.75,50.0,20.25,15.25,31.0,0.0,0.0,10.0,18.75,21.75,21.25,11.75,18.0,13.75,40.0,6.75,7.0,16.5,0.0,23.75,42.75,0.0,5.75,20.25,0.0,20.0,0.0,0.0,7.5,0.0,0.0,13.0,12.25,0.0,,,,,,,,,,,,,,,,,,,,
49,,,,,,,36.25,13.25,45.75,0.0,7.25,47.75,0.0,0.0,0.0,0.0,0.0,16.5,25.25,37.0,82.25,60.0,41.25,41.0,33.5,0.0,19.25,16.75,0.0,0.0,5.25,14.75,5.5,21.0,23.0,16.75,34.25,0.0,61.0,9.0,0.0,18.75,0.0,39.25,38.25,6.0,25.25,0.0,17.0,12.25,0.0,7.25,0.0,0.0,11.25,0.0,0.0,,,,,,,,,,,,,,,,,,,,
50,,,,,,,13.0,11.0,0.0,9.75,0.0,10.0,10.25,9.25,0.0,0.0,0.0,0.0,0.0,38.5,81.25,71.25,79.0,27.25,78.0,10.75,5.75,17.0,0.0,10.5,12.5,31.75,18.75,13.5,0.0,36.75,38.25,43.25,0.0,27.5,15.75,7.5,9.75,44.5,0.0,16.0,0.0,0.0,25.25,0.0,0.0,10.75,0.0,0.0,26.5,0.0,0.0,,,,,,,,,,,,,,,,,,,,
51,,,,,,,0.0,8.0,0.0,35.0,16.25,0.0,33.5,15.0,0.0,0.0,33.0,7.75,51.5,36.0,62.0,15.0,47.25,15.75,56.0,22.75,0.0,38.0,27.25,14.5,15.75,9.5,26.0,19.5,27.75,0.0,19.0,0.0,6.0,0.0,83.25,0.0,38.25,47.0,43.5,0.0,18.75,0.0,0.0,0.0,19.0,0.0,44.0,0.0,0.0,48.5,0.0,5.5,,,,,,,,,,,,,,,,,,,
52,,,,,,,7.25,20.5,23.75,0.0,11.5,52.25,0.0,0.0,0.0,0.0,0.0,0.0,15.5,43.25,92.25,50.75,50.5,33.5,53.5,17.75,41.75,12.0,0.0,6.0,0.0,16.25,5.5,9.25,29.0,5.25,11.25,0.0,25.75,6.5,11.0,32.25,0.0,31.25,31.25,6.25,10.25,0.0,14.5,15.5,0.0,8.0,0.0,0.0,5.0,0.0,0.0,0.0,,,,,,,,,,,,,,,,,,,
53,,,,,,,,5.0,24.0,20.5,20.5,0.0,30.25,7.5,0.0,8.25,9.75,19.25,59.25,31.0,38.0,37.0,67.25,24.5,35.25,12.0,0.0,21.5,13.75,23.0,26.25,10.5,31.0,25.5,9.0,0.0,0.0,0.0,19.5,0.0,61.25,11.25,7.25,15.75,19.25,0.0,21.25,0.0,0.0,0.0,14.25,0.0,13.0,0.0,0.0,30.25,17.0,0.0,,,,,,,,,,,,,,,,,,,
54,,,,,,,,10.0,26.0,0.0,4.5,36.0,0.0,0.0,0.0,0.0,0.0,4.5,9.25,34.75,94.75,57.25,58.75,42.0,27.25,19.5,32.75,4.75,4.75,11.0,10.25,5.75,5.5,21.5,21.0,5.25,21.25,0.0,26.75,17.25,6.25,12.25,0.0,32.5,19.5,6.25,6.0,0.0,6.5,4.5,0.0,0.0,0.0,0.0,9.25,0.0,0.0,0.0,,,,,,,,,,,,,,,,,,,
55,,,,,,,,11.75,40.0,0.0,11.75,37.25,0.0,0.0,0.0,0.0,0.0,9.25,21.0,44.75,94.0,85.5,52.75,55.75,45.25,24.75,25.25,0.0,9.5,5.0,15.5,5.75,5.25,40.5,10.0,0.0,18.5,0.0,20.5,10.75,16.25,22.75,0.0,22.0,17.5,0.0,11.75,0.0,0.0,9.25,0.0,0.0,0.0,0.0,4.25,0.0,0.0,0.0,,,,,,,,,,,,,,,,,,,
56,,,,,,,,5.5,8.5,6.25,0.0,3.0,13.0,6.75,0.0,0.0,0.0,0.0,0.0,46.0,67.5,94.5,59.5,20.5,35.5,39.0,13.5,11.25,0.0,8.0,8.75,9.25,25.0,21.5,11.25,37.25,27.5,17.75,6.25,13.0,14.0,16.75,0.0,26.25,0.0,12.5,0.0,0.0,25.25,0.0,0.0,11.75,0.0,0.0,8.25,4.75,0.0,3.25,,,,,,,,,,,,,,,,,,,
57,,,,,,,,32.0,40.25,0.0,11.0,84.5,0.0,0.0,0.0,0.0,0.0,7.75,18.75,63.25,88.0,59.0,44.5,44.25,18.25,17.75,32.25,5.75,6.0,14.25,15.0,7.0,9.0,34.5,20.0,6.75,27.75,0.0,61.5,15.25,24.75,41.0,0.0,18.75,45.75,7.25,0.0,0.0,13.0,11.75,0.0,7.5,0.0,0.0,0.0,0.0,0.0,0.0,,,,,,,,,,,,,,,,,,,
58,,,,,,,,,8.5,20.5,15.0,0.0,28.75,26.25,0.0,29.5,40.0,26.75,43.25,46.5,32.75,13.5,73.25,14.5,23.0,5.75,14.5,44.75,25.25,9.5,17.0,29.75,42.75,0.0,17.25,10.75,10.25,0.0,6.5,0.0,88.25,12.5,48.75,34.0,37.25,0.0,38.75,0.0,0.0,0.0,17.75,0.0,11.25,0.0,0.0,62.0,0.0,24.25,21.5,,,,,,,,,,,,,,,,,,
59,,,,,,,,,36.0,12.75,12.75,18.5,0.0,18.75,0.0,0.0,0.0,13.5,0.0,59.0,62.0,43.25,62.0,38.5,28.75,29.5,18.75,20.25,7.0,7.75,16.5,25.5,15.0,22.75,7.75,40.0,42.0,14.75,35.75,7.0,10.0,47.75,22.25,41.25,29.5,17.5,17.0,0.0,13.25,7.0,0.0,20.0,0.0,0.0,19.25,6.0,0.0,0.0,5.75,,,,,,,,,,,,,,,,,,
60,,,,,,,,,9.5,12.75,0.0,7.0,10.0,27.0,0.0,0.0,0.0,0.0,0.0,39.5,61.5,65.5,80.75,34.5,63.0,25.0,29.5,22.25,0.0,19.25,14.0,25.0,17.5,5.25,0.0,25.0,44.5,40.25,6.5,12.75,10.0,18.5,22.25,72.75,0.0,8.0,0.0,0.0,11.25,0.0,0.0,26.0,0.0,0.0,23.25,6.0,0.0,6.0,5.75,,,,,,,,,,,,,,,,,,
61,,,,,,,,,3.0,0.0,0.0,5.5,5.5,6.0,0.0,0.0,0.0,0.0,0.0,26.25,55.0,93.5,58.75,20.75,20.5,19.0,15.25,25.25,0.0,26.0,3.75,22.25,15.75,17.5,14.75,39.0,25.75,3.75,8.5,23.0,6.25,11.0,18.25,18.25,0.0,0.0,0.0,0.0,28.25,0.0,0.0,11.0,0.0,0.0,14.25,11.75,0.0,0.0,10.25,,,,,,,,,,,,,,,,,,
62,,,,,,,,,59.0,0.0,0.0,44.0,0.0,0.0,0.0,0.0,0.0,7.5,12.0,55.25,100.0,42.75,49.25,15.75,33.5,14.75,24.75,4.5,0.0,9.5,4.5,5.75,5.25,18.75,16.25,21.25,18.5,0.0,44.75,9.0,0.0,31.0,0.0,39.5,29.5,15.5,10.75,0.0,0.0,7.75,0.0,0.0,0.0,0.0,4.0,0.0,0.0,0.0,0.0,,,,,,,,,,,,,,,,,,
63,,,,,,,,,20.5,5.75,13.25,0.0,22.0,55.75,0.0,9.0,20.0,33.0,30.5,37.25,35.5,59.25,60.0,15.5,33.75,14.25,20.75,21.25,15.75,23.5,17.75,36.5,24.75,51.0,23.0,15.25,8.25,0.0,0.0,0.0,70.25,0.0,38.75,35.25,30.5,0.0,49.0,0.0,0.0,0.0,7.5,0.0,21.25,0.0,0.0,55.5,21.0,15.5,6.0,0.0,,,,,,,,,,,,,,,,,
64,,,,,,,,,20.0,11.5,0.0,11.25,0.0,15.5,0.0,0.0,0.0,13.25,8.25,37.5,57.0,64.5,72.75,49.25,40.25,24.25,29.75,28.25,8.5,12.75,5.25,5.75,15.75,24.0,0.0,24.5,28.5,24.5,9.5,30.0,6.75,24.25,11.75,27.25,18.5,18.0,22.5,0.0,23.0,13.0,0.0,7.0,0.0,0.0,11.25,0.0,0.0,7.75,12.25,5.0,,,,,,,,,,,,,,,,,
65,,,,,,,,,0.0,7.75,0.0,7.5,10.75,7.25,0.0,0.0,0.0,0.0,0.0,23.25,46.0,86.0,76.0,15.0,41.25,21.0,11.0,10.75,0.0,20.0,4.0,9.75,4.5,21.75,4.5,30.0,21.75,21.5,4.25,17.5,10.5,11.0,7.0,6.5,0.0,10.0,14.25,0.0,0.0,0.0,0.0,14.75,0.0,0.0,9.5,8.25,0.0,3.5,3.5,7.25,,,,,,,,,,,,,,,,,
66,,,,,,,,,,0.0,7.0,0.0,13.5,40.0,0.0,6.25,7.5,46.5,24.25,36.75,28.75,32.75,77.25,34.5,57.5,13.5,7.5,41.75,15.5,14.5,25.0,13.25,17.75,41.5,27.5,16.75,17.0,0.0,15.25,0.0,33.75,10.0,63.5,59.75,20.0,0.0,33.0,0.0,0.0,0.0,6.0,0.0,26.25,0.0,0.0,26.75,10.0,7.75,25.25,0.0,,,,,,,,,,,,,,,,,
67,,,,,,,,,,13.25,0.0,9.75,3.75,17.0,0.0,0.0,0.0,0.0,0.0,47.0,58.0,100.0,67.0,18.25,51.75,24.25,24.5,18.5,0.0,21.0,12.25,5.75,34.25,10.25,9.25,34.5,22.75,39.0,11.0,19.25,0.0,13.5,24.5,19.0,0.0,5.5,12.25,0.0,47.25,0.0,0.0,9.75,0.0,0.0,25.25,9.0,0.0,6.0,8.25,4.5,,,,,,,,,,,,,,,,,
68,,,,,,,,,,6.5,0.0,6.5,3.0,6.5,0.0,0.0,0.0,0.0,0.0,35.25,33.75,82.25,53.0,11.5,23.25,6.5,11.75,15.75,0.0,17.75,3.5,15.5,3.25,11.75,4.25,18.0,31.0,12.5,10.25,24.0,4.25,8.75,17.5,27.5,0.0,10.25,4.5,0.0,20.5,0.0,0.0,6.5,0.0,0.0,2.75,4.25,0.0,5.75,0.0,0.0,,,,,,,,,,,,,,,,,
69,,,,,,,,,,15.75,0.0,0.0,5.25,0.0,0.0,0.0,0.0,0.0,0.0,24.5,57.25,51.0,59.75,0.0,45.0,8.5,19.5,14.5,0.0,10.75,18.75,7.0,4.0,0.0,0.0,37.25,22.0,22.25,0.0,23.75,4.75,18.0,5.75,28.75,0.0,0.0,7.25,0.0,27.5,0.0,0.0,10.0,0.0,0.0,11.5,7.75,0.0,9.25,12.75,3.25,,,,,,,,,,,,,,,,,
70,,,,,,,,,,5.5,0.0,9.25,9.25,25.5,0.0,0.0,0.0,0.0,0.0,44.5,69.5,85.0,74.0,15.25,59.0,5.5,31.25,26.75,0.0,33.75,20.5,26.75,9.0,24.0,8.5,11.5,16.25,34.0,13.0,34.0,23.75,11.5,17.25,33.0,0.0,24.75,6.0,0.0,20.0,0.0,0.0,20.5,0.0,0.0,3.5,13.25,0.0,12.0,4.0,9.25,,,,,,,,,,,,,,,,,
71,,,,,,,,,,20.25,0.0,8.0,8.25,16.0,0.0,0.0,0.0,0.0,0.0,29.25,57.0,100.0,49.0,3.75,66.0,9.75,0.0,18.0,0.0,17.25,22.25,11.5,10.75,0.0,5.25,5.0,27.25,53.75,5.25,34.25,14.75,0.0,0.0,53.0,0.0,0.0,5.0,0.0,13.5,0.0,0.0,13.25,0.0,0.0,8.0,0.0,0.0,13.75,4.75,4.5,,,,,,,,,,,,,,,,,
72,,,,,,,,,,0.0,27.75,0.0,26.0,29.0,0.0,7.75,18.75,5.0,41.75,31.25,53.0,34.75,78.0,20.5,30.5,12.25,0.0,47.25,28.25,5.25,13.0,6.0,13.5,9.0,9.0,5.5,0.0,0.0,24.0,0.0,61.0,11.0,27.5,47.25,30.0,0.0,24.75,0.0,0.0,0.0,11.0,0.0,18.25,0.0,0.0,39.25,10.75,0.0,27.5,0.0,15.25,,,,,,,,,,,,,,,,
73,,,,,,,,,,28.75,0.0,10.5,8.25,18.5,0.0,0.0,0.0,0.0,0.0,33.25,63.5,61.0,61.5,30.25,71.75,20.75,5.25,23.0,0.0,13.5,0.0,26.0,17.0,16.0,0.0,27.0,45.0,20.5,11.5,23.5,8.0,0.0,0.0,39.0,0.0,13.25,0.0,0.0,19.5,0.0,0.0,5.25,0.0,0.0,14.75,4.75,0.0,4.75,8.5,0.0,38.5,,,,,,,,,,,,,,,,
74,,,,,,,,,,,0.0,16.0,4.0,18.5,0.0,0.0,0.0,0.0,0.0,40.75,63.25,63.5,80.5,31.5,65.25,26.25,11.0,21.25,0.0,26.75,0.0,20.25,18.25,24.0,0.0,41.25,42.75,33.0,6.5,19.75,8.0,0.0,0.0,44.0,0.0,13.25,7.5,0.0,19.5,0.0,0.0,16.5,0.0,0.0,15.75,0.0,0.0,0.0,4.0,0.0,31.5,,,,,,,,,,,,,,,,
75,,,,,,,,,,,0.0,0.0,11.25,11.75,0.0,12.5,24.75,42.75,42.0,30.25,27.75,53.5,37.0,15.25,21.0,27.75,4.75,24.75,12.75,21.25,33.0,10.0,9.75,47.0,0.0,13.25,9.0,0.0,5.5,0.0,52.75,11.0,64.5,50.25,5.5,0.0,21.5,0.0,0.0,0.0,11.75,0.0,12.25,0.0,0.0,42.0,11.25,13.25,24.5,0.0,3.75,,,,,,,,,,,,,,,,
76,,,,,,,,,,,0.0,14.5,4.25,13.25,0.0,0.0,0.0,0.0,0.0,52.75,58.0,56.5,86.0,21.0,58.5,24.25,10.5,17.5,0.0,17.25,0.0,12.75,12.5,18.0,18.5,37.25,42.25,35.5,5.0,32.75,6.5,14.5,25.5,35.0,0.0,8.25,6.25,0.0,20.75,0.0,0.0,5.75,0.0,0.0,14.0,10.0,0.0,6.0,5.0,4.25,30.0,,,,,,,,,,,,,,,,
77,,,,,,,,,,,0.0,8.75,4.5,18.25,0.0,0.0,0.0,0.0,0.0,26.5,80.0,90.5,62.5,13.75,74.75,17.75,16.75,12.25,0.0,4.75,5.25,22.25,15.0,22.25,5.0,36.75,43.25,28.75,0.0,27.5,13.0,13.25,12.5,23.0,0.0,23.75,5.75,0.0,13.75,0.0,0.0,18.75,0.0,0.0,22.0,0.0,0.0,7.75,9.5,11.25,32.0,,,,,,,,,,,,,,,,
78,,,,,,,,,,,4.75,62.5,0.0,0.0,0.0,0.0,0.0,12.25,36.5,57.5,99.75,68.75,36.25,49.0,12.25,11.5,0.0,7.75,13.0,0.0,22.75,0.0,23.75,19.5,20.5,18.5,35.75,0.0,18.75,5.5,10.25,17.0,0.0,43.75,31.0,6.5,15.75,0.0,5.0,15.25,0.0,12.0,0.0,0.0,11.0,0.0,0.0,0.0,0.0,0.0,0.0,,,,,,,,,,,,,,,,
79,,,,,,,,,,,13.0,66.75,0.0,0.0,0.0,0.0,0.0,14.75,0.0,62.5,93.75,43.0,45.75,35.25,26.25,20.75,28.0,7.75,5.75,0.0,15.5,0.0,6.75,38.5,20.75,32.5,24.5,0.0,21.5,23.25,11.75,48.75,0.0,9.25,44.5,15.0,0.0,0.0,8.75,14.5,0.0,14.0,0.0,0.0,12.5,0.0,0.0,0.0,0.0,0.0,0.0,,,,,,,,,,,,,,,,
80,,,,,,,,,,,36.25,0.0,28.25,19.0,0.0,16.25,8.25,54.0,48.0,21.5,36.75,14.25,72.75,39.75,5.25,7.5,7.5,42.25,33.75,0.0,15.25,16.5,19.25,9.25,0.0,23.5,15.25,0.0,9.25,0.0,61.5,0.0,13.25,65.75,12.0,0.0,37.5,0.0,0.0,0.0,21.0,0.0,20.25,0.0,0.0,30.25,21.75,21.75,7.75,0.0,0.0,0.0,,,,,,,,,,,,,,,
81,,,,,,,,,,,0.0,9.5,4.5,18.25,0.0,0.0,0.0,0.0,0.0,53.25,51.0,93.0,74.5,10.0,37.0,15.0,9.25,46.25,0.0,27.0,5.5,26.25,24.0,23.5,0.0,33.25,40.25,42.0,6.25,43.25,6.25,8.25,17.0,32.75,0.0,14.5,7.25,0.0,15.5,0.0,0.0,5.25,0.0,0.0,18.75,0.0,0.0,5.0,11.25,0.0,10.25,10.25,,,,,,,,,,,,,,,
82,,,,,,,,,,,0.0,0.0,12.75,34.75,0.0,8.25,21.25,51.5,41.25,15.75,56.5,21.5,44.25,7.0,66.0,12.75,8.25,23.25,31.0,5.25,14.75,16.75,9.0,14.5,18.0,23.5,8.5,0.0,14.75,0.0,37.25,21.75,12.25,89.75,56.0,0.0,26.5,0.0,0.0,0.0,7.5,0.0,19.75,0.0,0.0,51.5,11.25,0.0,5.0,0.0,12.5,0.0,,,,,,,,,,,,,,,
83,,,,,,,,,,,0.0,9.0,4.5,12.75,0.0,0.0,0.0,0.0,0.0,51.5,57.0,78.25,97.0,13.75,57.25,8.5,24.5,18.75,0.0,20.0,5.25,12.75,18.0,16.25,5.25,22.0,15.75,24.25,5.5,35.5,6.5,12.75,15.75,43.25,0.0,20.75,6.25,0.0,10.25,0.0,0.0,9.0,0.0,0.0,13.0,16.75,0.0,6.5,4.75,8.75,46.5,9.0,,,,,,,,,,,,,,,
84,,,,,,,,,,,,0.0,20.0,28.0,0.0,8.25,29.0,36.5,41.5,24.25,64.75,21.75,52.0,7.25,66.0,12.75,15.75,15.75,31.5,5.25,23.25,26.0,18.0,23.25,18.0,23.5,8.5,0.0,14.75,0.0,27.5,22.0,12.25,64.75,34.75,0.0,27.0,0.0,0.0,0.0,7.5,0.0,19.5,0.0,0.0,29.0,11.25,7.75,5.0,0.0,12.5,0.0,,,,,,,,,,,,,,,
85,,,,,,,,,,,,4.5,4.5,23.25,0.0,0.0,0.0,0.0,0.0,54.25,55.0,78.75,91.5,10.25,60.0,4.25,19.75,25.75,0.0,27.25,5.25,19.5,12.5,12.0,11.5,29.25,11.5,19.0,5.25,24.75,0.0,6.5,15.5,44.5,0.0,13.5,13.25,0.0,29.75,0.0,0.0,9.25,0.0,0.0,9.75,16.75,0.0,6.5,0.0,8.75,28.75,10.0,,,,,,,,,,,,,,,
86,,,,,,,,,,,,0.0,26.75,32.5,0.0,22.5,45.5,26.0,39.0,25.75,31.25,19.5,63.5,16.25,51.5,26.5,0.0,4.5,56.5,0.0,10.5,9.5,23.5,29.25,21.75,7.0,0.0,0.0,18.0,0.0,58.5,6.25,56.75,28.0,17.75,0.0,21.5,0.0,0.0,0.0,17.5,0.0,27.25,0.0,0.0,40.25,14.0,17.0,28.75,0.0,6.25,0.0,,,,,,,,,,,,,,,
87,,,,,,,,,,,,0.0,8.25,12.25,0.0,0.0,0.0,0.0,0.0,28.0,69.75,84.5,46.5,27.75,50.25,17.5,12.0,12.75,0.0,19.25,10.75,32.0,26.5,45.25,18.5,44.75,40.0,3.75,0.0,21.5,11.0,8.0,24.0,39.25,0.0,17.0,13.0,0.0,25.5,0.0,0.0,9.75,0.0,0.0,9.5,9.75,0.0,0.0,8.75,8.5,56.25,13.25,,,,,,,,,,,,,,,
88,,,,,,,,,,,,8.5,0.0,3.5,0.0,0.0,0.0,0.0,0.0,48.5,62.0,73.0,85.0,19.75,31.5,27.5,8.5,33.25,0.0,32.0,0.0,15.25,4.5,8.75,8.5,36.5,17.0,45.5,14.0,18.0,11.0,17.0,19.25,18.75,0.0,12.25,9.5,0.0,24.75,0.0,0.0,7.5,0.0,0.0,6.75,8.0,0.0,17.0,12.75,8.25,42.0,12.5,,,,,,,,,,,,,,,
89,,,,,,,,,,,,3.5,17.5,21.0,0.0,0.0,0.0,0.0,0.0,46.75,99.75,65.5,68.25,18.75,59.5,13.75,13.75,32.5,0.0,13.5,17.0,12.25,0.0,21.0,5.0,14.25,19.5,41.25,5.25,10.25,5.25,12.25,7.25,24.25,0.0,13.5,16.5,0.0,32.25,0.0,0.0,8.75,0.0,0.0,16.5,4.75,0.0,5.75,4.5,8.75,27.25,0.0,,,,,,,,,,,,,,,
90,,,,,,,,,,,,0.0,28.75,10.75,0.0,20.5,42.25,46.75,45.5,44.0,64.25,34.25,92.75,20.75,39.0,26.0,9.0,44.75,13.75,22.0,5.75,0.0,57.25,5.5,18.25,0.0,5.5,0.0,0.0,0.0,54.5,18.0,46.25,35.0,37.75,0.0,16.75,0.0,0.0,0.0,13.0,0.0,28.75,0.0,0.0,53.5,23.25,4.75,16.5,0.0,9.0,0.0,0.0,,,,,,,,,,,,,,
91,,,,,,,,,,,,9.75,8.5,15.0,0.0,0.0,0.0,0.0,0.0,56.75,60.75,79.0,57.5,7.0,31.75,20.25,14.5,26.5,0.0,24.5,0.0,14.0,24.75,21.0,0.0,36.25,39.0,43.5,11.75,14.75,23.25,0.0,0.0,54.75,0.0,0.0,0.0,0.0,18.25,0.0,0.0,24.0,0.0,0.0,11.75,6.0,0.0,7.75,11.25,5.5,10.5,7.25,11.5,,,,,,,,,,,,,,
92,,,,,,,,,,,,,11.25,10.75,0.0,0.0,0.0,0.0,0.0,46.25,67.0,79.5,57.75,7.0,25.0,23.0,10.0,32.5,0.0,16.75,0.0,8.5,19.5,24.25,0.0,30.0,14.0,33.5,3.5,22.0,13.25,0.0,0.0,39.5,0.0,4.25,0.0,0.0,10.0,0.0,0.0,9.75,0.0,0.0,14.5,6.0,0.0,0.0,4.0,5.5,16.0,2.75,6.75,,,,,,,,,,,,,,
93,,,,,,,,,,,,,43.25,24.5,0.0,18.75,50.0,36.25,36.5,40.75,43.75,39.25,73.75,20.75,36.0,31.75,0.0,52.5,21.75,20.0,14.75,0.0,54.0,14.25,26.75,8.5,5.5,0.0,8.25,0.0,40.0,18.0,31.5,19.5,24.25,0.0,16.75,0.0,0.0,0.0,20.5,0.0,27.0,0.0,0.0,42.5,21.0,4.75,16.5,0.0,0.0,0.0,0.0,,,,,,,,,,,,,,
94,,,,,,,,,,,,,10.5,14.5,0.0,9.5,28.75,21.0,12.75,31.5,19.25,43.25,62.75,29.5,23.0,4.75,12.75,35.75,24.75,6.25,14.75,10.25,40.25,31.25,0.0,10.5,14.75,0.0,12.0,0.0,85.25,6.75,23.75,56.0,29.5,0.0,23.75,0.0,0.0,0.0,17.75,0.0,13.75,0.0,0.0,49.5,14.0,0.0,4.5,0.0,5.75,0.0,0.0,,,,,,,,,,,,,,
95,,,,,,,,,,,,,5.25,0.0,0.0,0.0,0.0,8.0,0.0,51.5,80.5,66.0,66.0,38.0,32.25,25.0,0.0,25.25,0.0,5.75,0.0,13.5,24.75,24.25,25.75,22.25,42.75,0.0,10.75,30.25,10.25,63.75,9.25,29.0,6.5,6.25,22.75,0.0,19.25,20.5,0.0,7.75,0.0,0.0,14.5,0.0,0.0,0.0,0.0,0.0,0.0,5.75,5.5,,,,,,,,,,,,,,
96,,,,,,,,,,,,,8.5,12.5,0.0,0.0,0.0,0.0,0.0,46.0,66.0,78.5,49.25,7.5,53.5,17.0,3.25,30.0,0.0,22.0,12.25,11.25,6.5,24.25,11.25,24.0,28.75,21.25,5.0,11.0,4.5,14.25,22.75,0.0,0.0,0.0,10.0,0.0,20.5,0.0,0.0,4.5,0.0,0.0,4.25,0.0,0.0,3.5,4.75,11.75,23.25,0.0,5.75,,,,,,,,,,,,,,
97,,,,,,,,,,,,,27.5,39.0,0.0,7.5,29.0,27.0,43.0,24.25,33.5,37.5,28.5,14.25,30.0,7.75,7.5,49.25,21.5,7.75,16.75,7.75,33.5,32.5,8.25,15.0,15.5,0.0,14.75,0.0,65.75,8.25,24.25,72.5,40.75,0.0,9.75,0.0,0.0,0.0,7.25,0.0,34.75,0.0,0.0,29.5,10.0,0.0,6.0,0.0,12.75,0.0,0.0,0.0,,,,,,,,,,,,,
98,,,,,,,,,,,,,2.75,14.0,0.0,0.0,0.0,0.0,0.0,34.75,54.25,68.75,92.25,18.75,35.0,8.75,8.5,28.0,0.0,38.5,5.5,23.5,6.75,11.25,3.25,25.25,34.5,43.0,3.25,36.0,6.25,7.75,21.25,8.25,0.0,7.0,6.0,0.0,33.75,0.0,0.0,7.25,0.0,0.0,5.75,10.0,0.0,7.75,7.75,2.75,37.75,0.0,5.75,15.0,,,,,,,,,,,,,
99,,,,,,,,,,,,,30.5,11.5,0.0,13.5,15.25,20.25,32.75,12.5,54.0,8.25,55.25,18.75,36.75,13.0,0.0,39.75,49.5,6.5,9.0,0.0,14.75,24.0,0.0,0.0,24.0,0.0,8.5,0.0,90.75,10.25,34.5,35.25,36.5,0.0,15.75,0.0,0.0,0.0,19.5,0.0,17.5,0.0,0.0,55.5,10.0,14.0,0.0,0.0,7.25,0.0,0.0,0.0,,,,,,,,,,,,,
100,,,,,,,,,,,,,,18.5,0.0,0.0,0.0,0.0,0.0,33.25,61.25,100.0,69.0,10.75,41.75,18.5,8.5,27.75,0.0,3.0,11.5,25.0,29.0,24.75,6.0,29.5,33.25,29.0,6.5,20.0,18.0,8.25,9.25,28.5,0.0,10.75,9.75,0.0,24.25,0.0,0.0,12.75,0.0,0.0,5.25,17.0,0.0,8.75,7.25,10.75,51.5,5.5,4.75,12.25,,,,,,,,,,,,,
101,,,,,,,,,,,,,,16.75,0.0,7.5,15.25,20.0,51.75,12.5,47.25,14.75,67.25,24.25,43.0,13.0,6.0,33.75,43.0,6.5,9.0,0.0,7.5,24.0,0.0,6.75,24.0,0.0,8.5,0.0,82.5,18.75,44.25,35.25,19.75,0.0,15.5,0.0,0.0,0.0,25.25,0.0,11.75,0.0,0.0,55.5,17.75,13.75,12.0,0.0,13.0,0.0,0.0,0.0,,,,,,,,,,,,,
102,,,,,,,,,,,,,,31.0,0.0,6.0,34.5,19.0,39.0,19.5,53.25,30.0,59.25,12.0,55.5,6.25,12.25,27.75,22.25,6.5,28.5,17.25,40.5,14.25,20.5,0.0,7.0,0.0,6.75,0.0,70.75,8.75,10.5,44.0,20.25,0.0,34.25,0.0,0.0,0.0,18.25,0.0,26.0,0.0,0.0,61.25,16.25,6.25,25.75,0.0,13.25,0.0,0.0,0.0,,,,,,,,,,,,,
103,,,,,,,,,,,,,,10.75,0.0,0.0,0.0,0.0,0.0,45.5,83.75,98.75,71.5,11.5,48.5,15.75,30.5,16.5,0.0,40.25,5.25,11.0,14.5,10.5,10.0,53.5,26.75,31.75,5.0,58.0,16.25,12.5,7.25,54.75,0.0,10.75,6.0,0.0,18.5,0.0,0.0,20.0,0.0,0.0,17.5,4.75,0.0,4.5,12.0,7.0,29.75,11.75,12.0,21.0,,,,,,,,,,,,,
104,,,,,,,,,,,,,,0.0,0.0,0.0,0.0,0.0,0.0,52.25,34.25,84.5,48.25,20.75,55.0,14.0,15.0,25.75,0.0,10.75,12.0,19.75,5.5,18.5,6.0,45.75,22.75,59.75,5.0,23.5,6.75,6.5,0.0,26.25,0.0,14.5,13.0,0.0,33.5,0.0,0.0,15.0,0.0,0.0,4.25,5.0,0.0,10.5,0.0,9.5,33.25,4.75,9.75,16.75,,,,,,,,,,,,,
105,,,,,,,,,,,,,,45.75,0.0,7.5,16.5,39.0,34.25,34.0,35.5,42.0,41.5,29.25,55.5,8.25,8.75,49.0,31.25,6.5,16.0,16.75,35.75,44.25,0.0,9.5,15.5,0.0,7.0,0.0,68.25,8.25,47.5,22.75,54.25,0.0,25.0,0.0,0.0,0.0,29.5,0.0,24.5,0.0,0.0,22.5,8.0,17.25,21.25,0.0,21.0,0.0,0.0,0.0,33.25,,,,,,,,,,,,
106,,,,,,,,,,,,,,0.0,0.0,0.0,0.0,0.0,26.5,64.25,75.0,47.5,30.0,26.0,25.5,12.0,22.0,0.0,18.75,22.25,11.75,0.0,0.0,6.75,31.0,36.25,28.25,0.0,54.0,0.0,6.25,21.0,0.0,41.75,33.5,8.0,0.0,0.0,0.0,7.25,0.0,7.0,0.0,0.0,7.25,0.0,0.0,0.0,0.0,0.0,0.0,0.0,0.0,0.0,20.5,,,,,,,,,,,,
107,,,,,,,,,,,,,,,0.0,8.0,40.5,50.5,47.75,20.25,31.0,38.75,67.0,14.0,14.0,35.75,14.25,31.75,52.25,0.0,23.5,0.0,9.75,24.75,9.0,6.5,7.0,0.0,0.0,0.0,73.25,8.0,44.5,35.25,27.0,0.0,17.75,0.0,0.0,0.0,6.0,0.0,15.25,0.0,0.0,40.0,18.0,6.25,7.0,0.0,11.75,0.0,0.0,0.0,49.5,,,,,,,,,,,,
108,,,,,,,,,,,,,,,0.0,0.0,0.0,0.0,0.0,39.5,69.5,73.75,54.0,0.0,40.5,18.25,22.0,0.0,0.0,20.0,6.5,5.75,10.75,19.25,5.25,29.75,51.5,3.75,4.25,24.75,11.0,0.0,21.25,36.25,0.0,13.5,10.75,0.0,22.5,0.0,0.0,18.5,0.0,0.0,3.5,10.0,0.0,3.5,3.75,4.25,43.5,12.5,0.0,11.25,4.75,,,,,,,,,,,,
109,,,,,,,,,,,,,,,0.0,0.0,0.0,0.0,0.0,31.0,79.5,62.5,71.5,14.25,44.25,36.75,5.5,36.25,0.0,25.5,12.0,7.0,17.0,11.75,11.0,21.0,41.0,18.25,17.75,28.5,5.75,14.0,0.0,47.25,0.0,13.75,12.75,0.0,24.5,0.0,0.0,10.5,0.0,0.0,13.25,5.0,0.0,0.0,15.75,0.0,14.25,4.0,14.75,6.0,15.0,,,,,,,,,,,,
110,,,,,,,,,,,,,,,0.0,0.0,21.5,50.0,37.25,8.0,38.75,22.5,71.25,21.25,28.0,8.75,10.5,28.0,12.75,11.5,25.0,13.75,17.25,30.5,5.25,15.5,0.0,0.0,14.25,0.0,81.5,18.25,32.25,32.75,48.5,0.0,42.0,0.0,0.0,0.0,21.25,0.0,7.5,0.0,0.0,40.25,8.25,7.5,18.75,0.0,13.5,0.0,0.0,0.0,8.5,,,,,,,,,,,,
111,,,,,,,,,,,,,,,0.0,0.0,0.0,16.75,24.5,94.0,63.25,53.0,53.25,19.5,15.5,18.25,25.0,19.25,23.5,22.25,5.25,0.0,7.5,22.0,24.75,19.5,40.0,0.0,26.0,0.0,18.75,37.0,0.0,20.5,25.0,8.75,5.75,0.0,5.0,12.75,0.0,8.25,0.0,0.0,4.5,0.0,0.0,0.0,0.0,0.0,0.0,0.0,0.0,0.0,21.25,,,,,,,,,,,,
112,,,,,,,,,,,,,,,0.0,4.75,9.75,16.25,30.25,9.75,27.25,40.0,57.75,20.0,11.5,22.5,15.25,47.0,20.75,16.75,17.75,11.25,7.5,39.0,32.75,5.5,0.0,0.0,0.0,0.0,87.0,6.75,23.0,65.5,22.5,0.0,12.0,0.0,0.0,0.0,15.0,0.0,10.5,0.0,0.0,50.25,0.0,30.0,34.25,0.0,17.5,0.0,0.0,0.0,26.25,0.0,,,,,,,,,,,
113,,,,,,,,,,,,,,,0.0,0.0,0.0,15.0,25.75,69.75,76.25,74.0,38.25,56.5,13.75,5.5,24.25,8.0,0.0,20.0,6.5,0.0,16.75,29.75,15.25,30.5,44.25,0.0,61.25,0.0,0.0,54.0,0.0,44.5,52.25,11.75,7.25,0.0,16.5,8.0,0.0,18.0,0.0,0.0,5.75,0.0,0.0,0.0,0.0,0.0,0.0,0.0,0.0,0.0,36.5,7.0,,,,,,,,,,,
114,,,,,,,,,,,,,,,0.0,0.0,0.0,0.0,0.0,68.25,44.75,100.0,65.25,16.25,30.75,29.75,22.25,30.0,0.0,12.25,8.5,25.5,12.5,0.0,0.0,16.75,37.5,17.0,0.0,42.75,10.25,0.0,0.0,44.75,0.0,8.5,9.5,0.0,41.5,0.0,0.0,9.0,0.0,0.0,11.75,12.5,0.0,6.25,7.0,21.25,42.0,4.5,17.5,20.0,13.75,0.0,,,,,,,,,,,
115,,,,,,,,,,,,,,,,4.75,16.25,16.25,33.25,13.25,34.5,37.0,45.25,20.0,24.25,13.5,6.25,47.0,20.75,6.75,32.25,11.25,7.5,43.25,29.75,12.5,0.0,0.0,0.0,0.0,87.0,15.25,23.0,60.75,18.25,0.0,16.25,0.0,0.0,0.0,12.25,0.0,16.5,0.0,0.0,38.0,0.0,27.0,37.25,0.0,8.75,0.0,0.0,0.0,29.5,0.0,,,,,,,,,,,
116,,,,,,,,,,,,,,,,0.0,0.0,6.75,5.5,60.5,65.25,83.0,37.75,30.5,10.5,12.5,36.5,4.75,0.0,18.0,6.5,5.75,12.5,31.5,14.0,28.5,40.25,5.0,37.25,14.0,9.75,33.75,0.0,30.75,28.5,0.0,16.25,0.0,5.25,0.0,0.0,21.0,0.0,0.0,0.0,5.0,0.0,0.0,0.0,4.25,4.5,4.5,0.0,0.0,21.25,7.0,,,,,,,,,,,
117,,,,,,,,,,,,,,,,6.0,11.25,11.25,47.5,24.0,16.25,30.5,64.25,6.0,25.0,20.0,6.25,23.75,19.25,11.75,12.5,25.25,45.5,22.25,7.0,0.0,16.25,0.0,0.0,0.0,64.75,27.0,27.75,55.5,16.5,0.0,25.5,0.0,0.0,0.0,26.75,0.0,27.25,0.0,0.0,30.5,6.5,11.25,5.0,0.0,0.0,0.0,0.0,0.0,15.25,0.0,,,,,,,,,,,
118,,,,,,,,,,,,,,,,12.25,30.25,11.0,35.75,17.5,20.25,29.5,68.0,0.0,40.5,12.0,10.5,43.25,15.75,11.0,16.0,9.25,31.25,9.0,13.75,12.0,13.5,0.0,15.75,0.0,62.25,10.5,43.75,63.25,17.75,0.0,32.0,0.0,0.0,0.0,22.5,0.0,11.75,0.0,0.0,52.75,8.25,4.75,25.75,0.0,5.75,0.0,0.0,0.0,20.5,0.0,,,,,,,,,,,
119,,,,,,,,,,,,,,,,0.0,0.0,0.0,0.0,44.5,55.75,85.5,77.25,4.75,57.75,29.25,4.75,18.25,0.0,19.5,10.75,16.25,10.25,4.5,10.25,35.5,20.0,24.5,5.25,15.75,0.0,11.5,0.0,13.5,0.0,0.0,11.0,0.0,14.5,0.0,0.0,12.75,0.0,0.0,16.25,0.0,0.0,9.0,13.5,8.0,29.25,4.5,3.75,14.25,4.75,0.0,,,,,,,,,,,
120,,,,,,,,,,,,,,,,11.75,30.75,11.0,35.75,19.75,31.5,40.5,65.0,0.0,56.75,14.0,10.5,45.0,18.0,11.0,25.5,9.0,41.0,8.5,6.75,12.0,13.25,0.0,24.25,0.0,75.5,21.5,32.75,66.75,20.75,0.0,37.5,0.0,0.0,0.0,24.5,0.0,13.75,0.0,0.0,48.75,8.25,13.5,19.25,0.0,5.75,0.0,0.0,0.0,20.25,0.0,,,,,,,,,,,
121,,,,,,,,,,,,,,,,0.0,0.0,0.0,0.0,31.5,55.75,80.75,82.75,13.5,53.75,27.25,21.25,29.5,0.0,4.75,10.75,26.25,16.5,24.5,5.25,52.5,32.75,38.0,5.25,25.5,6.25,16.75,7.5,35.5,0.0,13.75,11.75,0.0,20.5,0.0,0.0,16.0,0.0,0.0,11.0,13.25,0.0,0.0,12.5,0.0,53.0,0.0,4.75,9.75,4.75,0.0,,,,,,,,,,,
122,,,,,,,,,,,,,,,,0.0,25.25,30.25,40.75,6.5,28.0,45.75,61.0,13.25,57.0,5.75,13.5,24.75,28.75,14.5,21.25,7.5,20.5,25.25,0.0,12.25,15.25,0.0,12.25,0.0,52.25,19.0,25.0,35.25,29.25,0.0,0.0,0.0,0.0,0.0,29.25,0.0,35.5,0.0,0.0,48.25,0.0,17.5,33.0,0.0,5.75,0.0,0.0,0.0,31.75,0.0,,,,,,,,,,,
123,,,,,,,,,,,,,,,,0.0,0.0,10.75,26.25,61.25,71.5,55.0,24.5,26.25,27.25,23.25,28.0,10.25,6.0,9.5,7.0,0.0,0.0,44.25,24.75,11.75,11.75,0.0,44.75,5.25,7.75,61.5,0.0,9.75,23.0,24.75,11.75,0.0,0.0,0.0,0.0,0.0,0.0,0.0,4.0,0.0,0.0,0.0,0.0,0.0,0.0,0.0,0.0,0.0,16.75,13.75,,,,,,,,,,,
124,,,,,,,,,,,,,,,,,38.25,31.5,34.5,32.75,66.0,43.25,61.25,33.5,54.75,21.0,7.25,37.0,31.75,0.0,33.75,10.25,24.75,24.0,8.25,8.25,15.75,0.0,24.0,0.0,65.75,8.5,61.5,47.5,20.0,0.0,37.75,0.0,0.0,0.0,7.25,0.0,21.0,0.0,0.0,22.25,17.75,0.0,14.5,0.0,6.0,0.0,0.0,0.0,32.0,0.0,0.0,,,,,,,,,,
125,,,,,,,,,,,,,,,,,0.0,0.0,0.0,52.0,45.5,87.25,75.25,0.0,67.75,35.25,16.75,35.25,0.0,23.25,9.25,21.25,14.75,16.25,9.0,23.25,45.25,28.25,11.75,26.25,16.0,26.75,8.25,32.5,0.0,26.75,18.5,0.0,38.0,0.0,0.0,10.25,0.0,0.0,18.25,5.25,0.0,9.75,4.75,6.25,56.5,4.75,19.25,20.25,10.75,0.0,33.5,,,,,,,,,,
126,,,,,,,,,,,,,,,,,26.25,22.0,49.0,25.0,42.25,25.0,24.75,21.5,62.0,13.75,8.25,27.25,37.25,8.75,29.5,7.25,17.75,18.5,0.0,0.0,0.0,0.0,8.5,0.0,46.25,10.25,22.0,49.25,33.75,0.0,19.0,0.0,0.0,0.0,16.0,0.0,28.0,0.0,0.0,30.25,0.0,0.0,37.5,0.0,7.25,0.0,0.0,0.0,12.75,0.0,0.0,,,,,,,,,,
127,,,,,,,,,,,,,,,,,0.0,7.75,7.5,60.75,68.25,91.5,60.25,20.75,46.0,16.0,19.0,38.25,0.0,16.0,6.5,32.25,6.75,23.25,0.0,25.25,44.5,9.0,8.5,11.25,31.5,7.75,9.5,22.0,11.25,24.0,0.0,0.0,12.75,0.0,0.0,25.5,0.0,0.0,25.5,4.0,0.0,4.0,15.0,8.75,34.5,0.0,5.75,10.0,13.5,0.0,30.5,,,,,,,,,,
128,,,,,,,,,,,,,,,,,52.5,31.25,48.25,19.75,23.0,19.0,42.5,16.75,21.0,15.0,0.0,32.0,36.5,8.0,24.25,0.0,17.0,8.75,15.5,9.0,17.75,0.0,0.0,0.0,93.0,0.0,33.0,19.0,28.25,0.0,10.0,0.0,0.0,0.0,8.0,0.0,12.25,0.0,0.0,45.75,10.25,13.0,15.5,0.0,13.5,0.0,0.0,0.0,6.75,0.0,0.0,,,,,,,,,,
129,,,,,,,,,,,,,,,,,50.25,31.5,38.75,30.5,53.5,52.0,64.75,14.25,65.25,16.0,15.75,62.0,21.25,15.5,16.25,0.0,27.25,27.0,17.5,0.0,8.75,0.0,6.75,0.0,82.5,21.5,54.5,39.0,37.75,0.0,20.25,0.0,0.0,0.0,42.75,0.0,17.5,0.0,0.0,57.0,10.75,16.5,9.25,0.0,13.25,0.0,0.0,0.0,26.75,0.0,0.0,,,,,,,,,,
130,,,,,,,,,,,,,,,,,0.0,0.0,0.0,15.5,60.75,89.0,81.75,33.25,58.5,23.75,19.75,28.25,0.0,30.5,0.0,11.5,16.25,18.0,6.25,45.0,44.25,31.75,0.0,18.0,14.0,20.75,0.0,31.5,0.0,7.0,6.5,0.0,6.5,0.0,0.0,20.0,0.0,0.0,22.0,5.0,0.0,4.75,0.0,9.5,46.0,9.0,4.75,15.25,4.75,0.0,21.0,,,,,,,,,,
131,,,,,,,,,,,,,,,,,0.0,9.5,19.25,42.25,88.0,38.75,33.75,15.0,28.0,15.0,15.5,11.5,16.0,10.25,7.0,0.0,18.75,28.75,25.5,17.0,31.75,0.0,25.75,6.75,0.0,15.25,0.0,19.0,63.75,7.5,7.75,0.0,17.75,12.0,0.0,5.5,0.0,0.0,0.0,0.0,0.0,0.0,0.0,0.0,0.0,0.0,0.0,0.0,16.0,6.0,33.75,,,,,,,,,,
132,,,,,,,,,,,,,,,,,17.0,40.75,25.25,18.0,38.5,17.0,65.5,23.25,66.75,23.5,16.0,16.0,43.5,0.0,10.25,9.25,9.5,9.5,19.0,18.5,17.75,0.0,0.0,0.0,68.5,23.0,53.25,67.25,23.5,0.0,42.0,0.0,0.0,0.0,0.0,0.0,23.0,0.0,0.0,50.5,11.5,16.75,32.25,0.0,8.0,0.0,0.0,0.0,16.5,0.0,0.0,38.5,,,,,,,,,
133,,,,,,,,,,,,,,,,,,31.5,24.75,18.25,18.0,17.0,47.0,31.75,66.75,15.0,15.75,16.0,43.5,0.0,0.0,9.25,9.5,30.5,9.0,8.25,17.75,0.0,10.0,0.0,68.0,11.0,52.5,67.5,48.5,0.0,53.75,0.0,0.0,0.0,0.0,0.0,23.0,0.0,0.0,50.5,0.0,25.75,23.5,0.0,8.0,0.0,0.0,0.0,26.0,0.0,0.0,39.0,,,,,,,,,
134,,,,,,,,,,,,,,,,,,7.25,15.25,59.0,67.5,66.75,69.75,56.25,33.25,17.5,38.25,11.0,0.0,19.25,0.0,0.0,0.0,27.75,16.0,33.5,63.5,24.75,24.25,8.5,8.25,27.5,18.0,18.0,52.0,9.75,8.25,0.0,19.25,8.25,0.0,25.5,0.0,0.0,17.5,0.0,0.0,0.0,0.0,0.0,10.75,0.0,0.0,0.0,0.0,6.5,34.0,22.5,,,,,,,,,
135,,,,,,,,,,,,,,,,,,15.0,22.75,44.25,80.5,63.0,62.0,79.0,29.75,22.0,35.25,0.0,0.0,7.5,0.0,0.0,9.0,15.25,24.5,17.5,55.75,0.0,32.75,17.5,8.25,38.5,0.0,12.5,63.0,9.75,18.25,0.0,15.5,8.25,0.0,22.5,0.0,0.0,14.25,0.0,0.0,0.0,0.0,0.0,0.0,0.0,0.0,0.0,7.75,6.5,34.0,9.25,,,,,,,,,
136,,,,,,,,,,,,,,,,,,0.0,12.25,60.5,58.5,65.0,53.0,42.25,59.5,21.75,28.25,23.0,6.75,24.0,13.75,6.75,6.5,19.5,14.0,30.75,57.75,37.5,14.0,0.0,41.0,25.25,28.0,39.25,27.0,8.0,8.25,0.0,19.25,0.0,0.0,10.5,6.0,0.0,10.25,6.5,0.0,5.75,11.25,5.25,22.25,0.0,0.0,0.0,5.75,6.5,6.25,28.0,,,,,,,,,
137,,,,,,,,,,,,,,,,,,20.5,35.5,45.75,53.0,46.5,54.75,9.75,28.5,12.0,18.75,37.75,23.25,17.75,6.75,4.75,24.75,34.25,5.5,33.25,30.0,8.5,9.0,0.0,58.75,5.25,6.5,22.25,15.25,0.0,15.75,0.0,9.75,5.25,14.25,7.25,8.0,0.0,3.5,24.75,0.0,8.5,0.0,3.5,15.0,3.75,0.0,4.0,25.0,0.0,8.25,20.75,,,,,,,,,
138,,,,,,,,,,,,,,,,,,26.75,59.5,27.5,36.25,35.25,74.75,18.0,44.75,5.75,19.5,35.0,29.5,15.0,13.75,0.0,17.0,37.25,6.75,9.0,9.5,0.0,22.25,0.0,88.5,8.0,10.0,44.0,26.25,0.0,10.75,0.0,0.0,0.0,20.25,0.0,19.75,0.0,0.0,39.25,8.0,8.5,6.0,0.0,13.5,0.0,0.0,0.0,21.25,0.0,0.0,28.5,,,,,,,,,
139,,,,,,,,,,,,,,,,,,6.25,12.25,43.75,47.0,75.25,63.5,16.25,52.75,18.0,13.75,24.0,0.0,19.0,6.75,10.5,24.25,19.25,16.25,40.75,4.5,23.0,6.75,34.0,14.0,6.5,7.5,16.25,0.0,8.25,0.0,0.0,14.5,0.0,0.0,10.0,0.0,0.0,5.5,11.5,0.0,4.25,0.0,4.5,19.75,10.5,10.0,8.75,10.25,0.0,12.75,25.0,,,,,,,,,
140,,,,,,,,,,,,,,,,,,46.5,32.5,36.25,19.25,35.5,67.75,17.25,43.75,17.25,9.5,50.75,60.5,0.0,8.75,18.5,8.75,29.5,25.5,9.0,0.0,0.0,0.0,0.0,34.0,10.0,38.0,51.0,25.25,0.0,24.75,0.0,0.0,0.0,9.5,0.0,23.75,0.0,0.0,18.0,0.0,0.0,16.75,0.0,14.5,0.0,0.0,0.0,16.25,0.0,0.0,45.75,,,,,,,,,
141,,,,,,,,,,,,,,,,,,6.0,30.0,49.25,87.75,44.75,59.75,40.5,34.75,14.0,34.75,8.25,13.5,8.5,14.5,0.0,8.75,29.75,20.75,15.0,29.0,0.0,37.0,23.75,10.25,45.75,0.0,63.0,49.75,30.0,0.0,0.0,30.25,6.0,0.0,15.25,0.0,0.0,13.0,0.0,0.0,0.0,0.0,0.0,0.0,0.0,0.0,0.0,25.75,12.25,6.5,8.5,,,,,,,,,
142,,,,,,,,,,,,,,,,,,0.0,11.5,32.0,75.75,57.75,48.5,23.75,9.75,22.25,17.75,0.0,6.0,4.0,7.0,0.0,13.75,31.25,15.0,0.0,28.0,0.0,37.25,7.0,21.5,8.0,0.0,25.25,33.25,21.5,5.0,0.0,10.75,6.0,0.0,3.75,0.0,0.0,0.0,0.0,0.0,0.0,0.0,0.0,0.0,0.0,0.0,0.0,12.0,6.0,32.0,0.0,,,,,,,,,
143,,,,,,,,,,,,,,,,,,,5.5,56.75,78.75,65.25,41.75,29.0,58.25,19.0,16.0,26.5,0.0,5.75,5.25,9.0,22.5,41.5,0.0,34.25,37.75,22.75,30.75,36.75,10.0,30.0,0.0,66.5,14.5,26.25,17.0,0.0,14.75,0.0,0.0,12.25,0.0,0.0,0.0,0.0,0.0,6.25,6.0,0.0,22.0,6.0,7.25,28.0,11.25,0.0,27.0,20.75,5.75,,,,,,,,
144,,,,,,,,,,,,,,,,,,9.0,25.0,47.5,100.0,36.75,27.25,28.25,23.0,14.0,15.75,0.0,10.5,0.0,5.25,0.0,0.0,18.75,6.25,20.0,16.25,0.0,41.5,17.5,7.75,38.25,0.0,45.25,44.25,6.25,13.5,0.0,6.5,6.0,0.0,0.0,0.0,0.0,4.0,0.0,0.0,0.0,0.0,0.0,0.0,0.0,0.0,0.0,14.75,6.0,11.25,6.75,9.75,,,,,,,,
145,,,,,,,,,,,,,,,,,,,42.5,31.75,62.5,52.5,53.25,6.0,24.25,26.5,15.0,48.5,41.0,0.0,25.0,15.75,22.5,14.0,6.75,7.25,6.75,0.0,7.25,0.0,83.5,16.75,20.5,21.25,49.25,0.0,27.5,0.0,0.0,0.0,24.25,0.0,5.75,0.0,0.0,32.0,11.75,9.5,6.0,0.0,0.0,0.0,0.0,0.0,6.5,0.0,0.0,22.0,6.5,,,,,,,,
146,,,,,,,,,,,,,,,,,,,17.75,49.5,75.5,47.25,71.0,43.25,12.5,29.25,20.0,0.0,12.75,0.0,0.0,0.0,15.5,20.5,6.75,48.0,20.75,0.0,27.75,0.0,17.5,43.25,0.0,9.5,34.0,0.0,8.75,0.0,6.75,12.25,0.0,0.0,0.0,0.0,0.0,0.0,0.0,0.0,0.0,0.0,0.0,0.0,0.0,0.0,6.25,20.25,15.5,0.0,6.5,,,,,,,,
147,,,,,,,,,,,,,,,,,,,7.5,60.25,66.0,77.75,53.5,0.0,34.0,19.0,6.25,19.5,3.75,14.25,11.75,13.25,33.75,17.25,12.0,34.25,17.25,22.5,8.75,24.5,11.5,8.25,8.5,59.25,5.25,11.75,6.25,0.0,7.0,3.75,0.0,5.75,0.0,0.0,7.75,5.0,0.0,0.0,4.75,0.0,35.0,6.0,0.0,14.75,8.75,0.0,16.0,17.25,20.0,,,,,,,,
148,,,,,,,,,,,,,,,,,,,58.25,50.25,37.75,53.0,88.5,40.25,55.0,46.5,8.25,36.75,57.0,24.0,34.75,20.75,30.0,16.75,30.75,18.75,0.0,0.0,9.25,0.0,34.0,8.5,28.0,32.25,18.0,0.0,18.75,0.0,0.0,0.0,8.0,0.0,26.75,0.0,0.0,6.25,14.25,6.25,52.25,0.0,16.0,0.0,0.0,0.0,26.25,0.0,0.0,27.0,6.25,,,,,,,,
149,,,,,,,,,,,,,,,,,,,36.75,61.75,58.0,63.25,38.75,36.0,41.25,19.0,17.5,20.75,8.75,18.5,16.75,18.25,4.0,10.5,13.25,3.75,13.75,7.25,19.75,18.5,0.0,16.5,0.0,24.25,8.5,8.5,4.25,0.0,3.75,0.0,8.0,11.75,8.0,0.0,5.5,6.5,0.0,0.0,16.5,0.0,3.0,0.0,0.0,0.0,3.5,0.0,10.25,35.0,12.75,,,,,,,,
150,,,,,,,,,,,,,,,,,,,15.0,46.25,85.25,65.0,60.25,22.0,30.75,10.5,17.25,13.25,0.0,11.0,6.75,0.0,13.0,24.25,31.5,15.0,32.25,0.0,32.5,21.75,10.0,44.75,0.0,21.5,34.25,17.0,9.5,0.0,0.0,10.75,0.0,11.25,0.0,0.0,12.25,0.0,0.0,0.0,0.0,0.0,0.0,0.0,0.0,0.0,32.5,12.75,7.0,6.75,13.0,,,,,,,,
151,,,,,,,,,,,,,,,,,,,,26.25,49.0,100.0,52.0,7.0,60.25,18.5,12.75,29.25,0.0,11.25,11.25,20.25,16.5,38.0,14.25,29.5,26.5,47.25,22.75,17.25,10.75,16.0,0.0,34.5,0.0,4.75,14.0,0.0,4.5,0.0,0.0,12.75,0.0,0.0,23.25,7.75,0.0,11.0,11.0,3.75,35.0,11.5,0.0,0.0,9.75,0.0,7.75,55.5,11.5,3.5,,,,,,,
152,,,,,,,,,,,,,,,,,,,,12.75,42.0,26.75,55.5,33.75,58.5,7.0,16.5,18.5,32.5,24.25,23.75,18.75,0.0,39.25,18.5,0.0,6.75,0.0,0.0,0.0,85.5,15.0,49.5,35.0,33.5,0.0,10.0,0.0,0.0,0.0,0.0,0.0,26.0,0.0,0.0,44.25,0.0,6.25,6.0,0.0,10.75,0.0,0.0,0.0,17.5,0.0,0.0,7.0,7.75,8.25,,,,,,,
153,,,,,,,,,,,,,,,,,,,,42.5,43.25,100.0,56.0,3.25,57.75,5.5,19.75,47.25,0.0,3.5,6.5,7.25,22.75,22.25,15.25,27.25,19.5,36.5,11.25,13.5,4.75,0.0,0.0,41.25,0.0,12.0,0.0,0.0,9.25,0.0,0.0,5.75,0.0,0.0,21.5,4.0,0.0,3.5,8.0,3.25,27.5,4.5,3.75,7.25,13.25,0.0,10.0,49.5,3.75,0.0,,,,,,,
154,,,,,,,,,,,,,,,,,,,,16.25,24.5,40.25,58.25,22.75,25.5,13.75,15.5,53.75,22.0,14.25,52.5,7.25,0.0,51.0,8.25,0.0,17.0,0.0,6.5,0.0,66.5,11.0,22.75,50.0,50.75,0.0,17.75,0.0,0.0,0.0,41.75,0.0,12.75,0.0,0.0,57.0,9.75,7.25,0.0,0.0,20.75,0.0,0.0,0.0,30.0,0.0,0.0,23.25,15.25,0.0,,,,,,,
155,,,,,,,,,,,,,,,,,,,,52.0,55.25,87.5,59.5,24.75,29.0,5.5,25.0,45.25,0.0,24.75,13.25,6.0,14.75,37.25,8.5,39.75,39.75,19.5,16.0,13.25,8.25,18.75,21.0,24.0,0.0,0.0,18.0,0.0,7.5,7.75,0.0,26.0,0.0,0.0,16.0,0.0,0.0,7.0,11.25,0.0,55.5,4.75,10.75,13.25,14.0,8.25,26.0,36.75,5.0,6.75,,,,,,,
156,,,,,,,,,,,,,,,,,,,,16.5,28.25,43.75,71.5,16.5,45.5,5.75,30.75,44.25,32.5,17.5,16.5,31.0,16.5,6.75,8.75,9.25,24.75,0.0,10.25,0.0,82.75,10.5,19.25,35.0,23.0,0.0,29.75,0.0,0.0,0.0,21.75,0.0,30.75,0.0,0.0,40.0,0.0,0.0,15.0,0.0,7.75,0.0,0.0,0.0,16.5,0.0,0.0,36.0,8.25,0.0,,,,,,,
157,,,,,,,,,,,,,,,,,,,,,93.25,45.5,39.25,22.5,12.25,27.0,22.0,11.75,13.5,5.0,0.0,0.0,20.5,37.75,17.75,26.75,17.75,0.0,43.5,14.25,15.25,66.25,0.0,7.25,36.75,23.75,16.75,0.0,0.0,0.0,0.0,6.5,0.0,0.0,17.5,0.0,0.0,0.0,0.0,0.0,0.0,0.0,0.0,0.0,4.75,12.5,19.5,7.25,11.75,35.5,6.5,,,,,,
158,,,,,,,,,,,,,,,,,,,,,,38.0,35.25,24.75,6.75,2.75,35.5,10.25,4.0,3.0,0.0,0.0,3.5,3.25,13.5,10.75,14.75,0.0,32.0,12.5,7.75,11.25,0.0,22.0,33.0,3.75,17.0,0.0,10.75,0.0,0.0,13.25,0.0,0.0,6.0,0.0,0.0,0.0,0.0,0.0,0.0,0.0,0.0,0.0,11.0,9.75,21.5,11.0,0.0,14.0,6.75,12.0,,,,,
159,,,,,,,,,,,,,,,,,,,,,,43.0,38.5,17.75,26.0,20.5,11.75,4.5,4.75,27.5,0.0,0.0,16.25,54.0,13.25,9.75,32.25,0.0,40.0,16.5,22.75,37.0,0.0,49.25,48.0,10.5,6.0,0.0,0.0,9.5,0.0,0.0,0.0,0.0,12.75,0.0,0.0,0.0,0.0,0.0,0.0,0.0,0.0,0.0,4.5,4.75,34.5,0.0,9.75,5.0,7.75,15.5,,,,,
160,,,,,,,,,,,,,,,,,,,,,,49.5,53.75,60.5,26.75,27.75,39.0,11.5,0.0,0.0,5.25,0.0,13.25,20.0,24.0,10.25,46.25,0.0,19.25,15.25,0.0,0.0,0.0,35.75,30.5,18.0,5.75,0.0,17.25,11.25,0.0,8.25,0.0,0.0,14.5,0.0,0.0,0.0,0.0,0.0,0.0,0.0,0.0,0.0,29.5,13.25,19.25,0.0,0.0,16.75,11.75,8.5,,,,,
161,,,,,,,,,,,,,,,,,,,,,,46.75,55.0,31.75,32.75,8.75,7.75,47.25,43.5,24.25,9.0,6.0,22.25,22.25,14.0,8.75,0.0,0.0,10.0,0.0,57.0,0.0,49.25,33.5,23.25,0.0,16.75,0.0,0.0,0.0,14.75,0.0,16.0,0.0,0.0,42.75,20.5,0.0,5.0,0.0,7.25,0.0,0.0,0.0,11.25,0.0,0.0,43.25,0.0,8.25,30.25,18.5,,,,,
162,,,,,,,,,,,,,,,,,,,,,,89.0,80.25,10.5,47.25,11.5,10.5,32.25,0.0,19.0,7.0,21.75,0.0,9.5,5.0,27.25,32.5,19.0,5.0,23.75,8.25,5.25,10.5,17.25,0.0,17.25,0.0,0.0,21.75,0.0,0.0,3.75,0.0,0.0,15.5,10.5,0.0,4.0,12.0,11.5,57.75,12.0,6.0,6.5,0.0,0.0,26.5,17.75,48.25,0.0,5.0,4.25,0.0,,,,
163,,,,,,,,,,,,,,,,,,,,,,,84.25,34.5,21.25,17.0,11.75,54.75,24.75,24.0,40.5,20.75,34.75,16.75,22.5,0.0,13.25,0.0,0.0,0.0,84.75,20.0,63.25,46.0,41.0,0.0,63.0,0.0,0.0,0.0,6.0,0.0,18.75,0.0,0.0,76.75,22.0,14.75,17.5,0.0,19.75,0.0,0.0,0.0,51.25,0.0,0.0,40.25,0.0,0.0,24.0,43.0,0.0,,,,
164,,,,,,,,,,,,,,,,,,,,,,,69.25,19.75,62.75,19.0,17.75,35.25,0.0,32.75,3.75,22.0,23.5,29.25,3.5,29.75,30.0,30.0,7.25,34.25,4.25,0.0,14.75,38.25,0.0,0.0,7.5,0.0,16.25,0.0,0.0,26.75,0.0,0.0,21.0,13.0,0.0,0.0,0.0,3.25,24.75,3.25,5.75,14.5,3.5,0.0,15.25,31.75,26.5,0.0,3.5,8.75,0.0,,,,
165,,,,,,,,,,,,,,,,,,,,,,,74.0,0.0,36.75,5.75,6.0,36.5,29.0,6.5,10.25,0.0,23.75,32.25,22.25,13.75,0.0,0.0,6.5,0.0,52.25,20.75,32.0,38.5,41.5,0.0,34.25,0.0,0.0,0.0,30.5,0.0,20.25,0.0,0.0,37.0,14.5,6.25,0.0,0.0,11.5,0.0,0.0,0.0,20.75,0.0,0.0,44.0,21.25,13.5,15.5,38.5,0.0,30.75,,,
166,,,,,,,,,,,,,,,,,,,,,,,,0.0,36.0,5.75,6.0,34.75,37.5,15.0,18.25,0.0,13.25,21.75,12.25,22.75,0.0,0.0,6.5,0.0,51.0,8.5,17.75,51.5,27.75,0.0,33.25,0.0,0.0,0.0,29.75,0.0,11.75,0.0,0.0,44.0,25.75,6.25,0.0,0.0,11.5,0.0,0.0,0.0,11.5,0.0,0.0,34.0,12.5,13.5,14.75,29.25,0.0,37.5,,,
167,,,,,,,,,,,,,,,,,,,,,,,,18.0,21.5,0.0,25.5,0.0,0.0,7.75,0.0,0.0,14.25,25.75,27.75,9.75,36.25,0.0,47.25,9.0,10.0,33.0,0.0,0.0,60.25,23.25,0.0,0.0,18.25,12.0,0.0,25.25,0.0,0.0,4.5,0.0,0.0,0.0,0.0,0.0,0.0,0.0,0.0,0.0,12.5,0.0,26.25,5.25,21.5,18.5,7.75,16.25,26.25,4.25,,,
168,,,,,,,,,,,,,,,,,,,,,,,,49.5,25.5,12.5,7.5,0.0,4.0,12.25,12.75,0.0,0.0,15.75,4.25,23.25,19.0,0.0,26.0,4.5,7.25,45.25,0.0,8.5,33.0,0.0,15.25,0.0,17.25,3.75,0.0,15.5,0.0,0.0,17.75,0.0,0.0,0.0,0.0,0.0,0.0,0.0,0.0,0.0,15.75,10.5,6.0,4.25,5.75,4.25,7.75,5.25,9.25,8.75,,,
169,,,,,,,,,,,,,,,,,,,,,,,,42.75,0.0,16.0,32.25,9.0,9.5,12.75,19.0,0.0,5.25,38.75,31.5,24.75,32.25,0.0,50.25,0.0,6.0,44.5,0.0,46.0,30.0,0.0,37.25,0.0,27.0,11.75,0.0,0.0,0.0,0.0,15.5,0.0,0.0,0.0,0.0,0.0,0.0,0.0,0.0,0.0,15.0,20.25,21.75,19.5,12.5,30.5,14.0,18.0,32.5,7.0,,,
170,,,,,,,,,,,,,,,,,,,,,,,,14.75,57.5,5.75,0.0,24.5,14.0,0.0,22.75,20.75,9.0,17.25,18.5,0.0,0.0,0.0,8.5,0.0,71.0,20.25,33.75,57.75,33.5,0.0,26.5,0.0,0.0,0.0,16.5,0.0,8.75,0.0,0.0,60.5,0.0,0.0,13.25,0.0,8.5,0.0,0.0,0.0,16.5,0.0,0.0,46.25,0.0,6.5,17.25,36.0,0.0,40.75,0.0,,
171,,,,,,,,,,,,,,,,,,,,,,,,,62.25,21.25,6.0,48.0,0.0,42.75,14.0,14.25,21.25,26.0,13.75,36.5,36.75,36.75,14.75,49.75,10.0,16.5,10.25,34.75,0.0,8.75,16.75,0.0,39.25,0.0,0.0,24.25,0.0,0.0,11.0,0.0,0.0,7.5,0.0,4.25,24.25,5.75,7.25,30.25,12.75,0.0,37.75,23.25,57.0,6.75,6.0,11.75,0.0,17.5,0.0,,
172,,,,,,,,,,,,,,,,,,,,,,,,,46.25,15.0,6.25,35.0,16.5,13.5,9.25,0.0,38.25,38.0,5.5,14.25,8.75,0.0,12.5,0.0,80.5,11.0,44.0,60.25,48.0,0.0,24.75,0.0,0.0,0.0,24.25,0.0,22.75,0.0,0.0,36.25,18.75,14.25,14.0,0.0,12.25,0.0,0.0,0.0,35.0,0.0,0.0,39.5,0.0,0.0,28.5,31.5,0.0,35.25,0.0,,
173,,,,,,,,,,,,,,,,,,,,,,,,,57.0,12.25,30.25,13.0,6.25,25.75,6.75,40.0,7.25,20.5,13.25,28.75,28.75,50.5,20.0,22.25,18.75,8.75,0.0,21.25,0.0,17.25,17.25,0.0,30.5,6.0,0.0,12.75,0.0,0.0,0.0,14.25,0.0,0.0,0.0,0.0,24.0,12.5,5.75,26.5,6.0,6.5,22.5,47.25,33.75,6.75,6.75,0.0,0.0,0.0,0.0,,
174,,,,,,,,,,,,,,,,,,,,,,,,,29.5,32.5,33.75,0.0,6.25,22.25,5.25,0.0,14.75,43.75,11.25,23.25,25.5,0.0,13.75,0.0,32.25,0.0,0.0,33.25,6.75,8.0,15.5,0.0,0.0,10.75,0.0,15.5,0.0,0.0,9.5,0.0,0.0,0.0,0.0,0.0,0.0,0.0,0.0,0.0,11.0,5.0,25.75,0.0,0.0,11.25,34.75,5.25,39.5,10.5,0.0,,
175,,,,,,,,,,,,,,,,,,,,,,,,,35.5,17.25,23.0,12.25,0.0,6.0,14.75,0.0,24.5,32.75,19.5,13.25,5.0,0.0,47.5,9.0,16.0,38.5,0.0,48.75,35.0,28.5,5.75,0.0,6.25,10.5,0.0,7.25,0.0,0.0,16.25,0.0,0.0,0.0,0.0,0.0,0.0,0.0,0.0,0.0,15.5,0.0,14.5,9.0,4.75,18.25,7.75,5.25,15.25,0.0,0.0,,
176,,,,,,,,,,,,,,,,,,,,,,,,,50.25,12.75,14.5,46.25,15.5,15.75,22.25,7.75,23.25,33.5,15.75,9.5,7.0,0.0,6.75,0.0,63.25,19.75,40.5,44.25,17.5,0.0,27.25,0.0,0.0,0.0,13.25,0.0,6.0,0.0,0.0,52.0,17.5,6.25,12.25,0.0,0.0,0.0,0.0,0.0,27.5,0.0,0.0,39.75,0.0,16.5,26.5,24.0,0.0,25.0,0.0,0.0,
177,,,,,,,,,,,,,,,,,,,,,,,,,9.5,21.0,33.5,0.0,6.0,19.25,14.0,0.0,0.0,41.0,9.25,13.0,13.75,0.0,39.0,15.75,19.0,29.5,0.0,6.0,38.75,11.75,15.5,0.0,0.0,12.75,0.0,17.5,0.0,0.0,0.0,0.0,0.0,0.0,0.0,0.0,0.0,0.0,0.0,0.0,3.75,9.0,18.75,0.0,8.75,0.0,4.0,8.0,20.75,16.75,0.0,22.0,
178,,,,,,,,,,,,,,,,,,,,,,,,,,24.5,11.75,31.0,6.25,6.5,22.0,16.0,31.25,7.0,6.75,7.0,0.0,0.0,14.5,0.0,68.5,16.5,20.0,30.75,17.5,0.0,39.0,0.0,0.0,0.0,12.25,0.0,11.5,0.0,0.0,38.0,0.0,6.5,6.0,0.0,12.5,0.0,0.0,0.0,14.0,0.0,0.0,69.25,6.25,6.75,6.5,25.5,0.0,36.5,0.0,0.0,
179,,,,,,,,,,,,,,,,,,,,,,,,,,24.5,12.0,31.0,6.5,6.5,21.75,16.25,31.25,7.0,6.75,7.0,0.0,0.0,14.5,0.0,68.5,16.75,20.0,31.0,17.5,0.0,39.25,0.0,0.0,0.0,12.25,0.0,11.5,0.0,0.0,38.0,0.0,6.5,6.0,0.0,12.5,0.0,0.0,0.0,14.0,0.0,0.0,69.25,6.25,6.75,6.5,25.5,0.0,36.75,0.0,0.0,
180,,,,,,,,,,,,,,,,,,,,,,,,,,7.75,23.0,53.0,30.5,0.0,8.5,17.0,26.5,15.75,32.5,9.0,8.25,0.0,0.0,0.0,67.0,10.0,49.0,83.75,52.0,0.0,58.0,0.0,0.0,0.0,28.5,0.0,13.5,0.0,0.0,56.5,21.0,7.5,8.25,0.0,7.25,0.0,0.0,0.0,24.5,0.0,0.0,36.0,14.0,17.25,24.25,14.0,0.0,36.5,0.0,0.0,
181,,,,,,,,,,,,,,,,,,,,,,,,,,,25.5,11.0,11.75,16.75,4.25,0.0,0.0,31.0,29.5,9.75,35.5,0.0,35.75,17.5,6.75,52.75,0.0,8.25,28.75,29.0,6.5,0.0,19.5,9.0,0.0,6.25,0.0,0.0,5.75,0.0,0.0,0.0,0.0,0.0,0.0,0.0,0.0,0.0,0.0,11.0,15.25,5.75,13.0,12.5,16.5,13.5,14.5,9.5,0.0,23.25,0.0
