,2020-03-01,2020-03-08,2020-03-15,2020-03-22,2020-03-29,2020-04-05,2020-04-12,2020-04-19,2020-04-26,2020-05-03,2020-05-10,2020-05-17,2020-05-24,2020-05-31,2020-06-07,2020-06-14,2020-06-21,2020-06-28,2020-07-05,2020-07-12,2020-07-19,2020-07-26,2020-08-02,2020-08-09,2020-08-16,2020-08-23,2020-08-30,2020-09-06,2020-09-13,2020-09-20,2020-09-27,2020-10-04,2020-10-11,2020-10-18,2020-10-25,2020-11-01,2020-11-08,2020-11-15,2020-11-22,2020-11-29,2020-12-06,2020-12-13,2020-12-20,2020-12-27,2021-01-03,2021-01-10,2021-01-17,2021-01-24,2021-01-31,2021-02-07,2021-02-14,2021-02-21,2021-02-28,2021-03-07,2021-03-14,2021-03-21,2021-03-28,2021-04-04,2021-04-11,2021-04-18,2021-04-25,2021-05-02,2021-05-09,2021-05-16,2021-05-23,2021-05-30,2021-06-06,2021-06-13,2021-06-20,2021-06-27,2021-07-04,2021-07-11,2021-07-18,2021-07-25,2021-08-01,2021-08-08,2021-08-15,2021-08-22,2021-08-29,2021-09-05,2021-09-12,2021-09-19,2021-09-26,2021-10-03,2021-10-10,2021-10-17
0,13.25,3.5,30.5,29.0,36.75,28.75,40.5,20.25,41.75,2.75,21.25,15.25,20.0,25.5,9.75,11.0,29.75,22.5,25.5,33.75,35.0,54.75,41.5,36.25,48.5,33.75,45.0,28.5,25.0,40.0,46.5,36.0,10.0,30.25,33.25,17.0,33.75,6.75,26.75,22.75,11.25,28.75,12.0,48.75,50.5,90.75,45.25,12.25,4.75,16.75,18.25,,,,,,,,,,,,,,,,,,,,,,,,,,,,,,,,,,,
1,17.25,0.0,80.75,41.25,15.25,3.5,34.5,41.5,7.5,25.75,26.25,21.0,24.75,5.5,2.5,8.25,18.5,21.25,26.0,72.0,59.5,74.5,56.0,70.25,68.75,20.5,47.75,50.5,39.25,26.25,33.5,29.5,57.75,45.75,18.5,29.25,35.75,24.25,31.0,26.0,57.75,26.5,43.25,56.25,54.5,66.25,58.0,17.75,13.0,21.0,41.0,,,,,,,,,,,,,,,,,,,,,,,,,,,,,,,,,,,
2,7.5,9.75,18.5,35.5,51.25,26.0,43.5,28.25,36.75,12.25,14.0,19.25,17.5,25.25,12.75,25.0,27.0,26.75,23.25,40.25,26.0,56.5,43.75,42.75,47.0,40.75,30.5,46.25,23.25,25.5,33.0,36.5,25.5,39.5,24.5,32.25,45.25,22.25,25.75,23.0,14.0,61.75,23.25,51.75,56.75,100.0,48.5,22.5,15.75,9.5,19.5,,,,,,,,,,,,,,,,,,,,,,,,,,,,,,,,,,,
3,3.0,6.5,34.5,22.25,46.25,41.25,47.0,31.25,25.0,12.0,27.75,27.5,10.25,35.25,13.25,16.25,25.5,28.5,30.75,32.25,40.25,61.25,72.75,48.25,34.25,46.5,49.0,54.5,39.5,21.75,45.75,27.5,16.0,52.25,32.5,27.75,53.25,12.5,36.25,6.5,15.0,47.0,16.5,70.75,51.5,60.0,84.75,23.0,6.5,8.75,8.5,,,,,,,,,,,,,,,,,,,,,,,,,,,,,,,,,,,
4,13.0,0.0,44.75,21.75,22.25,9.25,23.25,30.25,5.75,17.5,20.5,25.0,32.5,5.75,7.5,7.5,25.0,12.25,20.25,65.25,53.25,52.25,38.25,40.0,58.25,5.5,34.0,44.5,30.0,24.25,23.75,19.75,30.5,45.75,27.75,22.75,20.25,11.0,17.75,24.5,40.25,16.0,31.0,54.25,53.75,73.5,62.75,11.75,31.5,20.0,28.75,,,,,,,,,,,,,,,,,,,,,,,,,,,,,,,,,,,
5,16.0,14.75,33.25,30.75,44.75,41.0,42.25,28.25,49.0,0.0,21.0,18.0,15.5,27.0,21.0,12.75,39.75,22.0,26.75,43.0,34.75,64.25,42.25,35.75,38.0,40.75,33.0,35.0,24.75,34.25,41.75,47.75,21.0,63.75,29.5,11.0,39.75,15.75,34.5,15.5,6.75,43.5,22.5,70.25,86.0,79.0,54.0,20.0,16.25,14.25,11.25,,,,,,,,,,,,,,,,,,,,,,,,,,,,,,,,,,,
6,11.5,6.25,42.5,23.5,44.75,18.5,41.75,35.75,26.0,8.75,22.0,14.0,12.5,21.5,10.0,8.0,30.5,21.0,21.5,42.0,29.0,58.25,52.25,53.75,51.25,39.5,37.25,39.25,25.75,36.5,37.75,44.5,27.25,32.5,29.0,36.5,41.0,5.75,30.75,13.0,20.5,34.25,22.5,55.0,80.75,88.25,58.0,13.0,9.0,19.75,16.0,,,,,,,,,,,,,,,,,,,,,,,,,,,,,,,,,,,
7,15.0,0.0,57.5,35.5,8.75,3.25,34.5,33.0,10.0,23.75,18.0,26.5,26.5,10.0,10.0,7.75,22.5,17.0,28.0,49.25,57.0,94.75,44.0,58.75,48.5,18.0,62.0,31.5,47.75,27.0,39.25,42.5,43.75,27.0,27.5,23.5,24.5,15.75,25.5,20.0,47.0,38.75,55.75,77.25,79.5,83.75,60.0,0.0,21.25,25.5,17.0,,,,,,,,,,,,,,,,,,,,,,,,,,,,,,,,,,,
8,7.5,10.25,29.5,44.0,27.5,28.0,45.75,32.25,29.25,8.0,26.0,19.0,12.5,20.0,26.0,23.25,19.75,25.25,17.75,45.75,20.25,55.5,38.75,26.5,71.25,29.5,28.5,39.5,27.5,44.0,38.25,19.75,24.75,57.75,46.0,35.75,29.25,17.25,34.75,23.75,34.25,47.75,22.25,88.0,70.0,84.75,47.75,27.5,9.25,9.0,10.75,,,,,,,,,,,,,,,,,,,,,,,,,,,,,,,,,,,
9,,2.75,43.0,25.75,20.5,9.25,59.5,31.25,27.5,19.75,17.5,15.25,25.25,15.25,6.75,10.5,19.75,21.5,15.0,73.75,47.75,58.75,45.0,50.5,56.0,22.0,50.5,49.0,31.25,40.5,55.5,36.5,32.5,39.0,29.0,33.0,35.75,12.75,36.0,24.5,45.5,21.25,28.0,66.5,69.75,79.5,80.0,6.5,17.25,20.0,37.5,20.25,,,,,,,,,,,,,,,,,,,,,,,,,,,,,,,,,,
10,,0.0,58.25,27.75,27.75,10.0,46.75,35.5,13.0,25.25,13.25,16.5,34.25,16.0,0.0,8.25,21.25,24.5,15.5,78.25,52.25,59.5,48.0,44.75,50.25,14.0,53.0,53.25,37.0,44.0,44.0,32.75,44.75,42.25,29.0,41.25,41.5,20.0,40.5,36.0,47.5,30.0,39.5,64.0,75.25,74.25,73.25,6.5,21.5,15.75,42.25,24.0,,,,,,,,,,,,,,,,,,,,,,,,,,,,,,,,,,
11,,5.0,42.75,19.75,40.0,25.25,20.25,25.0,25.75,6.0,14.25,20.25,14.5,5.75,12.0,17.25,33.75,25.25,29.5,54.5,45.0,66.5,56.25,35.5,42.5,37.25,31.0,48.25,31.25,31.0,42.25,28.25,17.75,33.25,12.25,22.5,44.0,11.0,21.5,15.25,8.5,35.0,20.5,58.5,69.0,91.75,54.0,2.75,15.5,19.75,14.0,7.5,,,,,,,,,,,,,,,,,,,,,,,,,,,,,,,,,,
12,,11.75,23.0,24.75,34.25,41.5,33.0,43.0,38.75,5.0,16.5,18.0,13.75,23.5,12.25,9.25,42.5,26.75,32.25,31.5,38.25,48.0,47.25,53.75,32.75,49.5,33.5,48.25,16.5,41.25,46.25,29.0,21.25,48.5,39.0,29.0,29.0,21.5,14.75,15.5,9.75,62.75,24.5,70.5,66.75,92.5,61.5,11.75,13.75,13.25,18.0,2.25,,,,,,,,,,,,,,,,,,,,,,,,,,,,,,,,,,
13,,0.0,53.5,25.0,18.75,8.5,33.0,29.5,9.0,19.5,16.25,14.0,18.75,11.5,7.25,4.5,10.75,20.75,20.75,43.5,65.0,78.5,57.75,49.25,65.75,5.0,36.5,40.5,31.25,27.0,43.25,30.75,53.5,22.0,25.0,24.75,20.0,8.75,32.0,12.25,45.5,26.75,55.5,56.75,51.25,95.0,62.0,12.0,16.5,18.0,23.0,18.0,,,,,,,,,,,,,,,,,,,,,,,,,,,,,,,,,,
14,,12.0,20.75,19.5,36.75,29.0,46.5,25.75,41.25,1.5,31.75,12.25,17.5,28.75,19.25,17.5,18.0,19.75,21.5,46.0,40.5,63.25,47.0,30.5,47.0,50.25,49.75,38.0,22.25,30.5,50.75,34.75,13.0,39.25,52.25,19.0,19.5,5.25,18.0,2.25,4.25,54.5,21.25,59.0,60.0,81.75,59.0,11.25,13.25,19.75,17.75,4.5,,,,,,,,,,,,,,,,,,,,,,,,,,,,,,,,,,
15,,10.0,27.5,26.25,28.5,42.75,25.0,30.25,33.25,10.25,13.0,15.5,16.25,27.5,30.75,14.5,32.75,26.5,30.25,52.75,16.0,48.75,75.25,40.25,54.75,41.0,35.5,57.25,27.0,21.5,58.5,31.75,22.25,45.0,48.25,20.0,43.75,11.25,20.25,17.0,11.5,43.75,26.75,80.75,69.75,59.5,65.75,7.25,16.25,13.0,21.0,0.0,,,,,,,,,,,,,,,,,,,,,,,,,,,,,,,,,,
16,,16.25,48.25,33.5,41.5,19.75,32.0,38.0,38.0,11.25,32.75,26.75,15.0,24.0,12.5,19.5,47.0,41.0,40.5,67.25,46.25,46.75,55.25,52.5,47.5,32.25,44.25,50.75,30.25,19.5,49.75,30.25,27.0,71.0,32.75,22.0,60.75,27.5,38.0,34.0,26.0,51.5,29.25,60.25,62.0,100.0,65.75,15.0,19.0,6.75,41.5,6.75,,,,,,,,,,,,,,,,,,,,,,,,,,,,,,,,,,
17,,0.0,42.0,25.25,47.5,22.25,40.25,35.25,42.25,10.75,21.75,22.0,23.5,18.0,19.75,21.75,37.5,28.5,32.5,61.25,41.5,54.0,65.75,45.5,32.5,59.5,31.75,68.0,37.5,36.75,43.0,61.25,18.0,80.0,29.75,14.5,22.25,27.75,28.5,21.75,16.25,49.0,18.0,75.5,67.0,75.0,82.25,14.25,16.5,12.75,15.75,5.5,,,,,,,,,,,,,,,,,,,,,,,,,,,,,,,,,,
18,,,23.0,14.75,44.0,20.5,33.0,31.0,28.75,3.0,18.5,27.0,6.75,22.5,19.75,12.25,33.5,19.75,44.5,51.25,41.0,75.5,48.25,37.75,45.0,55.25,31.0,48.75,20.25,24.5,33.25,32.0,17.5,25.0,40.0,21.25,36.75,14.25,18.25,33.25,7.75,53.0,34.0,85.25,69.25,75.0,40.25,14.75,6.5,8.75,13.0,4.25,26.0,,,,,,,,,,,,,,,,,,,,,,,,,,,,,,,,,
19,,7.5,4.75,10.75,25.5,17.25,36.75,31.25,37.5,17.75,11.75,15.0,13.0,14.25,8.5,6.75,24.25,15.25,23.75,85.5,29.5,60.0,48.5,60.25,27.0,63.25,54.5,22.5,34.0,48.5,22.75,28.75,24.5,29.75,23.75,35.5,21.5,16.5,15.0,0.0,15.5,53.0,52.0,87.25,53.0,54.0,43.25,61.0,40.75,9.75,10.75,5.75,21.75,,,,,,,,,,,,,,,,,,,,,,,,,,,,,,,,,
20,,0.0,58.25,33.5,17.5,12.5,20.75,19.75,12.25,7.25,24.75,12.25,25.0,14.5,2.25,3.0,15.75,19.25,24.5,75.0,66.75,81.0,41.25,67.75,43.0,23.0,34.0,45.0,35.25,44.5,41.25,32.5,27.75,44.75,28.75,39.25,36.5,18.25,25.75,25.25,46.75,23.25,42.5,47.25,72.25,76.5,35.5,16.25,31.0,23.0,22.5,21.75,19.25,,,,,,,,,,,,,,,,,,,,,,,,,,,,,,,,,
21,,,27.0,26.5,36.25,26.5,35.75,33.25,28.25,8.0,26.25,30.5,13.5,19.25,9.75,16.0,25.25,26.5,34.75,31.0,52.0,68.5,59.25,32.75,41.25,47.5,45.5,29.5,17.25,16.75,43.75,39.75,19.0,45.0,44.0,25.75,38.0,24.25,24.75,17.0,16.25,56.0,23.5,51.75,53.5,87.75,74.25,10.5,20.5,8.5,13.75,2.25,15.25,,,,,,,,,,,,,,,,,,,,,,,,,,,,,,,,,
22,,,11.25,10.75,28.75,20.0,44.25,25.75,18.5,13.5,16.5,20.25,18.75,7.0,15.0,7.75,25.5,24.0,47.75,80.75,34.0,53.25,61.5,55.0,60.0,40.0,55.75,35.5,30.0,49.25,24.0,20.25,22.25,28.5,20.5,50.25,10.75,11.75,20.5,0.0,20.75,37.25,88.75,90.75,50.25,55.5,51.0,46.5,28.75,9.0,16.25,5.25,13.5,,,,,,,,,,,,,,,,,,,,,,,,,,,,,,,,,
23,,,32.25,22.0,19.0,18.5,51.25,26.5,20.5,11.25,23.25,24.5,16.25,14.0,9.0,10.0,26.5,19.0,20.5,73.5,45.75,60.5,45.0,45.75,40.5,33.25,42.25,33.25,37.0,34.75,28.5,20.5,30.0,34.5,22.0,31.25,19.5,21.25,14.75,6.75,40.5,50.0,28.5,83.0,70.25,74.0,54.0,26.25,18.75,13.75,12.75,7.75,8.0,,,,,,,,,,,,,,,,,,,,,,,,,,,,,,,,,
24,,,,9.5,27.0,20.75,22.5,29.0,26.5,11.0,26.75,19.0,26.5,15.75,9.25,11.0,19.0,30.5,42.5,71.25,31.0,44.25,66.5,51.25,53.5,43.25,69.25,29.5,42.5,48.75,27.75,35.5,38.5,20.5,23.25,31.5,20.5,23.5,30.75,0.0,37.25,61.25,67.75,76.0,30.5,55.75,58.5,48.5,33.75,5.25,13.75,0.0,24.0,11.5,,,,,,,,,,,,,,,,,,,,,,,,,,,,,,,,
25,,,,27.0,70.25,23.75,32.5,32.75,42.5,6.0,27.5,28.25,17.5,45.25,26.75,23.0,29.0,15.25,41.0,40.5,19.5,84.0,58.5,53.75,45.25,63.25,47.5,57.75,28.5,38.5,52.0,46.0,14.5,60.0,25.5,10.25,33.25,25.25,30.5,18.25,19.75,30.5,37.5,77.5,74.0,93.5,85.5,15.75,16.5,12.75,12.5,2.75,3.0,4.0,,,,,,,,,,,,,,,,,,,,,,,,,,,,,,,,
26,,,,27.0,47.25,23.0,27.75,37.5,31.0,10.75,19.75,22.5,11.0,27.0,24.25,20.0,12.75,19.5,26.0,38.75,35.5,53.25,36.0,53.25,48.0,39.75,45.0,45.25,29.75,32.0,36.5,57.0,12.75,35.25,33.75,8.25,45.75,17.25,28.5,16.5,22.25,53.75,18.25,37.25,70.5,73.25,38.5,13.0,17.75,17.25,22.5,5.5,11.0,5.75,,,,,,,,,,,,,,,,,,,,,,,,,,,,,,,,
27,,,,12.75,36.75,24.5,45.0,34.0,33.75,12.25,15.75,23.75,17.75,21.75,22.5,10.25,29.5,30.75,36.75,37.75,43.5,80.5,44.5,33.5,50.5,34.25,35.5,43.25,29.25,31.0,57.75,35.25,12.0,32.25,28.75,11.0,37.75,10.5,20.25,24.5,25.25,42.25,20.0,68.75,50.5,96.0,55.0,9.75,15.25,10.25,10.25,0.0,19.5,2.0,,,,,,,,,,,,,,,,,,,,,,,,,,,,,,,,
28,,,,2.25,22.0,11.75,34.0,31.0,39.0,4.5,13.5,14.75,18.75,6.0,10.0,11.0,23.0,28.0,27.5,88.75,28.5,40.5,67.75,40.0,37.75,54.0,46.25,30.0,21.25,30.75,25.5,14.75,27.5,28.0,35.0,35.5,30.5,15.0,26.25,0.0,35.75,27.25,60.5,59.5,49.5,54.75,69.0,62.75,35.5,5.75,13.75,2.5,7.5,5.25,,,,,,,,,,,,,,,,,,,,,,,,,,,,,,,,
29,,,,9.5,28.75,2.25,22.0,27.25,6.5,18.5,17.5,18.25,26.25,5.0,4.75,4.5,17.25,21.5,27.5,63.75,55.75,72.0,42.5,54.0,67.25,11.75,31.5,36.25,31.0,30.25,29.25,30.25,36.0,49.0,25.5,35.25,45.25,5.25,21.5,25.75,62.5,15.0,31.0,31.75,38.0,65.75,55.0,5.25,11.5,28.0,17.5,9.5,5.25,5.5,,,,,,,,,,,,,,,,,,,,,,,,,,,,,,,,
30,,,,23.0,42.0,36.75,30.25,45.75,31.25,5.0,32.75,21.75,18.5,38.75,24.0,14.5,34.75,40.25,31.5,48.0,45.75,64.5,65.5,55.75,34.75,53.0,55.0,59.5,32.0,40.0,61.5,27.0,28.75,41.5,34.0,34.75,32.0,29.5,37.5,11.75,19.75,51.0,27.5,51.0,69.5,59.0,69.5,15.5,14.0,6.0,15.25,2.5,19.5,2.5,,,,,,,,,,,,,,,,,,,,,,,,,,,,,,,,
31,,,,,26.25,7.5,19.75,30.0,15.75,17.75,17.75,13.0,16.0,4.0,2.25,2.0,22.0,4.25,22.0,51.75,36.75,64.25,40.5,60.75,58.5,16.75,36.75,49.25,31.75,32.75,53.5,34.5,42.25,39.25,18.5,16.25,14.25,13.0,34.0,14.0,66.5,26.25,19.75,72.75,68.25,91.75,58.75,11.5,22.75,25.25,44.0,28.75,13.5,0.0,8.25,,,,,,,,,,,,,,,,,,,,,,,,,,,,,,,
32,,,,,32.75,3.25,35.5,31.25,4.75,22.25,28.0,12.0,30.5,13.75,2.5,7.25,22.25,24.0,15.75,43.25,49.5,56.0,50.0,53.75,52.5,15.25,43.5,47.5,32.75,20.5,31.5,28.25,39.5,56.5,31.25,43.25,32.0,15.75,29.5,12.5,65.0,24.25,39.5,67.75,55.0,90.75,37.5,3.25,28.25,20.5,16.25,7.75,8.25,5.75,13.25,,,,,,,,,,,,,,,,,,,,,,,,,,,,,,,
33,,,,,16.75,12.75,37.25,28.75,14.75,14.0,22.75,14.0,27.75,3.25,18.0,12.25,17.25,18.75,41.75,71.5,19.25,44.0,51.0,44.25,24.0,35.5,27.5,35.25,30.25,50.5,19.75,21.5,29.25,34.25,14.5,28.5,29.25,20.75,19.0,0.0,20.25,49.25,49.5,93.25,37.0,39.75,55.25,48.75,28.0,11.5,22.0,4.25,10.75,12.75,1.75,,,,,,,,,,,,,,,,,,,,,,,,,,,,,,,
34,,,,,50.75,15.5,58.25,44.0,36.25,6.75,27.5,30.75,8.25,24.75,11.5,24.25,23.75,33.5,21.5,48.25,27.25,74.75,72.0,45.5,43.5,56.25,51.5,63.0,25.0,48.25,59.75,45.25,28.75,60.5,43.25,35.0,54.75,25.0,43.0,24.0,16.5,42.0,22.0,61.5,63.5,83.25,58.5,18.5,13.75,13.0,27.0,3.25,20.5,7.0,13.25,,,,,,,,,,,,,,,,,,,,,,,,,,,,,,,
35,,,,,51.25,37.75,28.0,30.5,37.5,7.5,14.0,26.5,14.0,31.5,26.0,18.25,55.5,29.75,34.75,36.0,40.25,57.0,51.0,44.0,46.25,58.75,68.75,54.0,31.75,44.5,39.0,44.5,21.25,29.5,48.75,45.25,23.25,27.75,32.0,25.25,27.25,42.25,13.5,65.5,64.0,88.75,87.0,10.5,9.75,18.75,22.0,6.25,18.0,0.0,9.0,,,,,,,,,,,,,,,,,,,,,,,,,,,,,,,
36,,,,,51.25,37.75,28.0,30.5,37.75,7.5,14.0,26.5,14.25,31.5,26.0,18.25,55.5,30.0,34.75,36.0,40.25,57.25,51.25,44.25,46.25,59.25,69.25,54.0,31.75,44.25,39.25,45.0,21.25,30.0,49.0,45.5,23.25,28.0,32.0,25.25,27.5,42.25,13.5,66.25,64.0,89.5,87.0,10.75,9.75,18.75,22.25,6.5,18.25,0.0,9.0,,,,,,,,,,,,,,,,,,,,,,,,,,,,,,,
37,,,,,34.25,19.75,28.75,28.0,39.75,8.5,15.75,23.75,22.75,25.75,15.75,20.5,24.0,27.5,18.75,49.75,33.5,44.5,52.0,37.75,39.25,44.5,32.5,46.5,18.0,31.0,42.0,34.75,6.0,36.75,27.75,18.0,44.0,10.25,20.5,14.75,13.25,27.0,18.25,68.25,54.25,94.25,43.75,13.25,10.0,14.75,11.25,4.5,10.25,7.25,9.75,,,,,,,,,,,,,,,,,,,,,,,,,,,,,,,
38,,,,,18.75,14.25,34.25,31.5,16.25,5.75,8.0,19.0,12.75,7.5,5.75,10.75,16.25,24.25,36.25,56.25,35.5,38.25,49.25,45.25,29.75,44.75,46.25,33.0,26.5,32.5,20.25,16.75,27.75,16.25,15.75,27.75,20.0,24.25,15.0,0.0,25.0,37.5,31.5,100.0,47.75,48.5,54.75,46.25,26.5,5.75,11.25,2.5,5.0,6.5,3.75,,,,,,,,,,,,,,,,,,,,,,,,,,,,,,,
39,,,,,37.25,13.5,22.75,38.25,10.75,16.0,13.75,19.25,21.25,13.75,9.25,12.0,27.5,23.0,20.5,47.25,25.75,53.75,42.0,50.5,44.5,27.0,27.75,31.25,35.0,25.0,39.5,31.75,29.5,43.5,23.25,19.75,36.75,18.0,30.25,20.0,46.0,19.5,34.0,71.75,71.0,74.5,53.75,6.5,12.25,14.25,34.75,5.0,16.5,7.75,8.75,9.0,,,,,,,,,,,,,,,,,,,,,,,,,,,,,,
40,,,,,,19.0,54.25,41.0,17.5,10.5,23.75,12.75,18.25,11.75,8.75,2.75,18.5,26.5,36.5,81.25,32.25,45.5,58.5,30.25,32.75,55.25,63.75,19.5,28.0,53.75,27.25,16.5,29.75,27.25,24.75,39.75,21.0,28.75,20.25,0.0,35.25,51.0,61.75,47.25,50.0,63.25,44.5,63.25,29.25,4.5,13.0,0.0,12.25,7.25,7.5,16.0,,,,,,,,,,,,,,,,,,,,,,,,,,,,,,
41,,,,,,19.25,31.25,27.0,30.25,7.75,25.0,18.5,14.5,30.75,19.0,17.25,30.0,23.5,28.0,36.0,30.75,46.25,37.75,45.0,48.75,40.75,24.5,22.5,12.75,31.5,20.5,24.75,18.25,33.25,29.25,14.25,32.75,20.25,13.25,19.25,15.0,51.0,25.75,34.5,78.5,96.0,39.75,8.5,7.5,7.0,7.5,4.75,11.25,2.5,11.0,15.5,,,,,,,,,,,,,,,,,,,,,,,,,,,,,,
42,,,,,,19.5,15.0,31.75,35.0,8.75,13.5,27.75,26.0,21.5,23.0,16.25,26.25,41.0,35.25,46.0,40.75,54.25,65.5,47.0,64.75,49.25,57.25,38.5,48.0,40.5,42.75,44.25,7.0,28.0,39.75,15.5,42.0,25.5,33.5,19.5,4.25,47.25,31.25,42.75,63.0,84.75,77.5,14.5,14.75,16.25,3.5,5.75,28.5,2.75,15.0,32.0,,,,,,,,,,,,,,,,,,,,,,,,,,,,,,
43,,,,,,11.0,31.75,28.0,33.0,2.0,25.5,32.5,12.5,10.5,3.0,17.0,27.25,29.75,26.25,43.5,52.0,60.25,50.25,36.25,33.25,37.0,56.75,54.5,31.0,29.75,38.75,38.0,17.5,46.0,47.25,33.25,45.25,17.25,17.75,16.5,30.75,37.75,26.25,51.25,59.5,95.0,30.25,14.0,9.75,14.25,12.5,3.25,19.25,4.75,15.0,26.25,,,,,,,,,,,,,,,,,,,,,,,,,,,,,,
44,,,,,,,38.5,39.75,22.25,7.75,16.0,22.5,16.5,5.25,8.0,10.75,23.0,32.75,38.5,74.75,47.25,25.75,61.25,48.75,43.5,44.25,55.25,29.5,33.0,32.5,26.5,17.25,25.75,33.25,20.25,39.25,25.5,34.25,29.0,0.0,36.5,40.5,63.75,80.0,55.5,76.75,62.25,59.0,28.0,11.75,5.75,3.25,18.5,8.25,8.5,15.0,29.5,,,,,,,,,,,,,,,,,,,,,,,,,,,,,
45,,,,,,,39.75,32.5,19.75,6.0,15.25,20.0,14.75,12.75,4.5,14.5,27.5,23.75,29.25,75.25,32.25,35.5,34.0,38.75,23.25,48.0,47.75,29.25,29.75,38.5,19.0,20.25,30.25,30.5,39.75,41.5,33.5,21.25,35.0,0.0,35.75,46.0,81.25,83.0,41.0,41.75,52.75,39.75,23.0,13.5,5.75,2.5,17.5,10.0,2.0,22.5,23.0,,,,,,,,,,,,,,,,,,,,,,,,,,,,,
46,,,,,,,30.25,24.75,11.0,24.25,18.0,30.75,20.0,13.0,5.5,0.0,19.0,21.5,25.75,56.5,49.75,68.0,58.25,40.5,66.0,18.0,43.25,30.5,33.75,29.0,34.5,29.25,29.75,42.0,33.5,59.25,27.25,11.75,28.25,27.25,64.75,25.0,51.5,55.25,90.0,84.25,32.5,9.5,19.25,17.25,20.5,21.5,8.5,3.5,11.0,3.0,30.25,,,,,,,,,,,,,,,,,,,,,,,,,,,,,
47,,,,,,,19.5,27.5,31.0,7.0,23.5,12.0,17.25,13.75,14.5,23.75,43.0,31.75,34.25,22.0,20.5,52.25,60.25,56.25,26.25,40.25,42.75,47.0,18.0,31.5,30.0,38.5,11.75,36.25,33.5,20.25,37.5,2.75,27.0,32.25,12.75,23.25,15.25,33.75,59.5,97.5,47.25,18.0,11.0,7.5,14.0,5.5,15.75,5.0,13.0,31.5,10.0,,,,,,,,,,,,,,,,,,,,,,,,,,,,,
48,,,,,,,33.5,26.75,9.75,23.75,17.5,13.75,20.75,11.75,0.0,0.0,18.75,29.0,27.0,73.0,45.0,74.0,50.25,57.25,69.25,7.5,38.25,45.75,36.0,28.5,46.0,36.5,24.0,47.0,20.75,47.0,37.25,9.25,31.0,26.5,67.0,24.25,38.5,73.75,59.75,91.0,61.25,9.25,26.25,14.25,20.0,8.0,11.5,2.75,13.0,11.5,20.25,,,,,,,,,,,,,,,,,,,,,,,,,,,,,
49,,,,,,,13.75,19.75,26.25,7.25,17.75,20.0,5.25,28.0,11.25,8.0,30.0,24.5,36.25,45.0,41.25,54.25,66.0,43.25,28.75,28.0,41.5,50.25,16.0,36.5,40.75,28.5,12.0,36.0,44.5,20.5,33.0,6.25,22.75,17.0,24.25,39.5,29.25,50.25,23.25,94.25,70.0,12.5,5.75,13.0,11.0,5.75,19.5,2.5,15.75,22.5,10.75,,,,,,,,,,,,,,,,,,,,,,,,,,,,,
50,,,,,,,36.25,31.0,19.75,4.5,19.75,18.0,21.0,14.75,5.25,13.5,12.0,45.75,31.0,98.75,46.5,46.0,45.5,41.75,29.5,36.25,39.75,32.25,16.5,42.25,30.0,31.25,21.25,20.75,27.25,21.5,23.0,15.25,25.25,0.0,26.0,41.5,68.0,59.25,61.5,49.5,76.5,44.75,41.25,7.75,9.0,2.0,18.25,8.5,0.0,2.25,32.25,7.5,,,,,,,,,,,,,,,,,,,,,,,,,,,,
51,,,,,,,27.25,45.25,7.75,19.5,23.5,22.75,27.75,4.75,4.5,3.5,13.75,30.25,22.75,64.0,40.0,73.75,45.0,46.75,63.75,13.75,16.5,31.75,23.5,31.25,53.25,41.0,22.75,32.5,16.75,40.75,17.75,10.5,24.75,22.5,70.25,11.25,13.75,54.0,53.5,92.75,39.0,0.0,37.75,8.75,29.5,16.25,9.25,2.5,13.25,5.0,23.0,23.75,,,,,,,,,,,,,,,,,,,,,,,,,,,,
52,,,,,,,,34.0,23.25,2.75,13.5,20.75,16.0,5.25,5.5,13.0,8.25,34.0,21.5,65.75,18.5,49.5,54.5,47.75,35.25,36.5,66.5,22.5,40.75,40.25,23.5,21.5,30.75,8.25,36.75,27.0,18.25,26.0,33.25,0.0,27.0,54.0,61.5,75.75,23.25,44.0,38.0,46.25,22.75,9.75,25.25,3.25,8.0,1.75,2.25,20.0,49.5,17.25,,,,,,,,,,,,,,,,,,,,,,,,,,,,
53,,,,,,,,35.25,10.0,14.0,27.75,15.5,24.5,3.75,2.5,7.5,14.25,24.0,8.75,69.75,48.0,70.25,68.0,40.75,60.25,8.25,28.5,36.5,27.0,32.0,55.5,33.0,26.5,41.5,7.75,28.0,30.0,13.5,16.75,32.5,49.5,27.5,28.75,84.75,58.5,55.0,57.5,2.75,28.25,18.75,32.25,15.5,8.75,0.0,5.5,1.75,18.25,18.25,,,,,,,,,,,,,,,,,,,,,,,,,,,,
54,,,,,,,,28.5,34.75,12.75,23.75,21.75,12.25,18.0,9.25,5.5,39.5,23.5,46.75,32.5,27.25,58.75,72.25,45.25,33.25,48.75,44.75,46.25,25.25,27.25,27.25,31.0,18.75,58.0,30.25,21.5,27.75,29.25,32.75,13.5,4.25,43.25,11.75,59.25,87.75,72.25,62.75,10.5,5.25,9.0,25.0,2.0,19.0,2.25,19.0,24.5,27.0,29.75,,,,,,,,,,,,,,,,,,,,,,,,,,,,
55,,,,,,,,33.0,24.75,11.75,30.25,24.75,13.75,15.5,17.75,23.75,37.0,29.75,32.75,48.25,42.5,47.0,68.0,45.75,65.5,51.0,52.75,58.0,28.0,55.75,34.0,39.0,18.75,61.0,46.25,21.75,32.5,18.0,20.75,28.0,16.5,41.25,33.5,40.0,69.0,70.0,57.0,20.75,3.25,10.75,11.75,3.25,15.5,0.0,15.0,25.75,21.75,16.5,,,,,,,,,,,,,,,,,,,,,,,,,,,,
56,,,,,,,,30.25,2.5,17.5,32.5,16.75,23.75,2.75,4.25,5.75,19.25,27.0,21.0,57.75,57.5,61.5,48.25,57.25,61.25,10.5,32.0,50.5,34.25,26.0,50.0,33.25,31.0,43.75,21.0,29.0,23.25,21.75,31.5,30.75,44.75,18.0,69.25,49.25,86.0,79.0,44.25,13.5,34.25,18.25,30.75,26.0,15.25,4.75,13.5,8.75,22.5,7.5,,,,,,,,,,,,,,,,,,,,,,,,,,,,
57,,,,,,,,,27.0,9.5,23.0,16.5,21.0,6.5,6.75,7.75,17.0,27.0,43.25,77.75,22.0,51.75,38.0,43.0,32.25,46.0,58.25,39.5,38.25,29.75,19.75,13.0,23.5,23.0,48.0,28.5,19.25,13.5,35.0,0.0,20.0,51.5,78.25,99.75,50.75,72.0,69.75,50.75,44.0,2.5,17.75,2.5,14.0,9.5,5.5,29.25,47.75,10.5,0.0,,,,,,,,,,,,,,,,,,,,,,,,,,,
58,,,,,,,,,25.0,4.75,15.25,27.0,26.25,21.0,13.5,20.0,27.5,26.75,35.75,28.0,20.5,71.75,36.75,49.75,51.0,58.0,54.5,53.75,31.0,36.75,48.5,35.5,17.0,38.75,41.0,31.25,46.75,28.75,23.25,22.0,14.5,53.75,24.5,50.5,48.25,80.75,58.0,6.25,16.0,16.25,23.75,3.25,27.5,2.5,5.25,25.5,7.0,27.75,26.5,,,,,,,,,,,,,,,,,,,,,,,,,,,
59,,,,,,,,,9.75,14.25,12.25,20.25,20.75,9.0,10.25,15.5,23.5,25.0,21.0,42.0,49.75,67.25,46.25,40.5,49.25,23.25,37.25,37.75,31.0,33.5,35.25,29.0,21.25,30.0,33.25,32.0,31.5,9.25,15.5,17.5,12.75,34.75,37.25,59.25,53.25,90.25,53.75,6.25,20.0,10.25,27.5,2.25,10.25,2.5,2.25,19.5,9.25,23.25,12.25,,,,,,,,,,,,,,,,,,,,,,,,,,,
60,,,,,,,,,32.0,8.25,23.25,22.75,20.75,31.5,15.0,19.0,29.5,29.25,42.25,48.0,61.25,75.75,64.0,55.5,56.75,56.5,56.0,52.75,37.75,47.5,66.0,40.25,29.5,49.0,45.25,28.25,50.25,22.75,33.75,19.25,21.25,79.5,32.5,89.5,64.25,87.5,58.75,11.25,14.0,9.75,16.25,3.25,16.5,3.25,15.5,35.25,12.25,20.25,33.0,,,,,,,,,,,,,,,,,,,,,,,,,,,
61,,,,,,,,,13.0,13.0,22.25,20.75,15.25,4.5,0.0,7.0,23.0,20.5,17.5,56.75,41.25,52.5,52.0,50.5,59.25,15.0,44.75,34.5,24.25,41.5,34.0,18.0,36.5,41.5,19.5,39.5,21.5,9.75,10.0,22.25,47.75,19.0,48.25,60.75,47.75,69.25,51.0,7.5,16.0,17.5,21.0,19.0,7.75,7.25,4.25,4.0,16.0,16.5,16.75,,,,,,,,,,,,,,,,,,,,,,,,,,,
62,,,,,,,,,20.5,9.5,19.5,29.25,20.5,5.5,2.75,13.5,21.25,40.75,38.25,90.0,53.25,52.5,48.0,39.0,43.75,51.75,60.0,30.25,29.75,55.25,17.75,16.25,40.5,27.0,47.75,28.5,16.5,18.75,26.0,0.0,41.0,38.0,60.5,66.0,53.75,66.5,59.0,71.5,32.5,6.0,9.0,6.25,28.75,5.75,2.75,18.25,23.0,14.25,0.0,26.75,,,,,,,,,,,,,,,,,,,,,,,,,,
63,,,,,,,,,34.5,7.25,19.0,13.25,22.5,24.0,9.5,15.5,23.75,34.75,24.5,36.25,34.75,71.5,53.5,52.75,46.75,43.75,39.0,32.25,21.25,38.25,46.5,47.25,22.0,38.0,34.25,14.25,26.5,20.75,21.75,15.5,11.0,23.0,14.5,31.25,50.5,86.25,48.0,9.5,9.0,9.0,18.25,0.0,18.75,5.25,7.5,23.5,13.0,11.75,24.5,,,,,,,,,,,,,,,,,,,,,,,,,,,
64,,,,,,,,,31.0,5.5,7.5,25.5,17.5,33.5,8.5,14.25,37.0,28.5,32.5,56.5,28.25,47.0,55.25,53.5,45.75,27.5,52.5,60.0,34.25,41.25,35.25,62.25,19.25,50.25,50.75,21.25,42.75,11.5,34.5,10.75,24.5,35.5,28.5,36.75,81.5,88.0,56.25,5.0,11.0,9.25,22.5,2.25,16.5,6.5,21.5,22.25,13.5,20.25,20.5,21.5,,,,,,,,,,,,,,,,,,,,,,,,,,
65,,,,,,,,,,6.25,16.5,21.25,16.75,12.25,10.0,9.25,10.75,16.25,20.5,78.75,41.5,46.75,47.75,48.25,33.5,38.5,39.5,26.25,27.25,32.75,16.75,15.0,26.0,18.25,25.25,27.75,24.5,16.25,17.25,0.0,24.0,41.5,55.0,92.5,60.5,49.25,55.75,49.75,16.0,3.0,4.75,2.0,10.5,5.25,6.5,20.75,32.0,5.75,0.0,22.5,,,,,,,,,,,,,,,,,,,,,,,,,,
66,,,,,,,,,,11.25,32.25,34.0,19.75,39.75,17.25,19.0,42.5,29.0,46.25,52.75,35.25,57.75,48.25,58.25,34.0,51.75,68.5,44.0,26.0,46.0,64.25,31.75,34.25,41.75,31.75,20.5,53.0,13.5,22.75,23.25,12.0,54.25,28.25,46.75,55.75,94.75,51.5,25.0,14.5,18.25,13.25,0.0,15.0,0.0,13.25,28.25,7.5,19.25,29.0,9.5,,,,,,,,,,,,,,,,,,,,,,,,,,
67,,,,,,,,,,5.0,10.25,19.25,13.25,25.75,8.5,26.0,33.75,33.75,29.75,31.0,66.25,41.5,59.75,48.5,33.0,47.25,51.25,47.5,26.25,31.25,39.25,60.5,34.25,45.0,31.5,22.0,41.75,16.5,24.5,18.5,19.75,55.5,43.25,60.75,55.25,95.75,54.5,20.25,12.5,19.0,9.25,5.5,12.75,6.0,14.0,32.5,7.5,21.0,21.5,18.0,,,,,,,,,,,,,,,,,,,,,,,,,,
68,,,,,,,,,,8.0,20.5,16.5,14.0,20.25,16.75,23.25,34.0,35.5,29.75,40.25,49.5,47.25,49.0,39.25,39.25,47.0,40.75,41.5,26.25,24.5,77.25,42.0,11.0,46.75,39.0,22.75,34.75,16.5,20.25,6.5,16.5,43.0,16.75,52.0,64.0,95.75,47.25,15.75,19.25,16.75,17.75,3.25,25.75,6.5,6.0,31.75,6.75,13.75,19.5,21.5,,,,,,,,,,,,,,,,,,,,,,,,,,
69,,,,,,,,,,9.5,21.5,15.25,16.5,25.75,13.25,28.75,25.0,21.5,23.0,54.0,45.0,40.0,48.75,39.5,31.75,36.0,59.75,28.0,26.75,40.0,57.25,42.0,28.25,36.75,44.0,29.0,32.5,12.5,12.75,9.5,18.0,49.0,28.75,47.0,52.5,100.0,63.0,9.0,14.5,16.5,13.75,0.0,13.0,2.25,11.25,26.25,20.5,19.25,26.75,18.75,,,,,,,,,,,,,,,,,,,,,,,,,,
70,,,,,,,,,,6.25,14.25,16.25,11.25,29.75,15.25,25.25,42.25,31.0,36.25,64.75,43.0,40.75,64.75,45.25,38.75,52.0,45.75,71.0,26.0,19.25,47.25,45.75,26.75,29.25,35.75,9.0,34.0,17.0,29.0,16.0,8.0,56.75,11.75,16.25,63.75,85.5,62.5,5.75,11.25,18.75,9.5,6.5,37.75,5.25,20.25,39.75,21.0,11.75,24.5,14.75,,,,,,,,,,,,,,,,,,,,,,,,,,
71,,,,,,,,,,14.0,22.5,30.0,11.25,11.5,4.75,7.75,21.25,35.0,39.75,85.0,22.5,45.0,21.5,39.0,44.5,59.0,68.25,25.75,26.25,33.5,21.5,33.0,18.75,28.25,40.5,44.0,15.0,15.5,22.25,0.0,33.0,45.25,32.0,62.5,34.75,77.5,43.25,47.5,31.0,3.0,22.5,4.75,6.75,10.25,2.0,4.75,45.75,9.25,0.0,37.0,30.25,,,,,,,,,,,,,,,,,,,,,,,,,
72,,,,,,,,,,7.25,29.75,24.5,21.0,26.5,17.0,27.75,33.5,37.0,32.75,35.25,50.5,41.25,53.75,49.0,34.75,49.25,56.25,46.0,33.25,29.75,43.25,39.5,23.75,40.25,37.0,32.25,38.0,14.75,33.25,11.25,9.0,52.5,12.25,30.75,38.25,97.25,65.75,12.0,5.25,19.75,18.5,5.75,10.75,5.75,2.25,18.0,21.5,16.5,20.75,14.5,9.25,,,,,,,,,,,,,,,,,,,,,,,,,
73,,,,,,,,,,,27.0,23.75,25.5,18.5,10.75,27.5,25.0,28.5,21.0,40.25,33.0,30.0,46.0,45.5,29.25,37.25,39.25,42.5,31.25,31.75,42.75,36.25,23.25,38.25,39.0,18.0,45.75,18.75,29.5,17.25,12.25,46.75,14.0,44.25,37.25,91.25,56.75,8.5,8.0,15.5,10.75,5.75,13.25,8.25,4.5,19.25,22.5,13.25,17.75,19.25,11.75,,,,,,,,,,,,,,,,,,,,,,,,,
74,,,,,,,,,,,19.5,9.5,19.5,11.0,9.0,6.75,15.5,22.75,29.5,85.0,24.75,26.5,59.5,39.5,44.0,33.25,50.5,20.5,18.75,32.0,24.5,26.0,27.75,13.5,25.5,33.0,20.5,18.75,15.5,0.0,29.75,42.75,63.25,82.75,22.0,64.25,65.75,37.5,21.0,6.25,9.75,1.75,11.25,9.0,4.75,14.5,53.75,0.0,0.0,22.0,17.25,,,,,,,,,,,,,,,,,,,,,,,,,
75,,,,,,,,,,,25.75,20.0,20.5,28.5,13.25,23.5,28.0,18.0,30.0,44.25,55.5,52.0,58.0,46.75,25.75,55.25,43.75,41.25,21.5,24.0,60.0,40.25,16.5,50.25,32.75,30.75,46.0,13.5,24.25,17.0,12.25,34.5,21.0,39.5,66.25,92.75,60.75,9.75,28.0,11.25,13.25,3.25,21.0,11.25,13.5,25.0,14.0,18.0,34.0,10.75,10.75,,,,,,,,,,,,,,,,,,,,,,,,,
76,,,,,,,,,,,21.75,14.75,13.75,18.0,16.5,23.75,43.25,36.25,22.5,41.5,38.75,72.75,68.25,44.25,39.75,55.25,54.5,60.25,39.75,47.0,61.0,28.25,14.5,43.25,47.0,17.0,40.75,11.0,31.5,16.0,19.5,62.75,26.25,57.0,78.75,83.5,57.0,15.0,6.25,12.75,11.5,0.0,20.75,6.5,19.5,35.75,15.25,22.75,32.25,22.75,12.0,,,,,,,,,,,,,,,,,,,,,,,,,
77,,,,,,,,,,,21.5,14.75,31.75,8.5,2.5,3.25,22.75,16.75,12.0,46.5,56.5,48.5,65.75,58.75,47.5,22.5,40.25,37.25,34.25,17.5,38.0,36.25,26.75,33.0,24.25,44.0,42.75,11.0,22.25,38.25,63.75,24.0,49.75,71.25,65.0,76.5,49.75,10.5,32.5,26.25,22.5,12.0,11.25,2.75,10.25,9.25,19.75,18.25,18.25,47.75,14.5,,,,,,,,,,,,,,,,,,,,,,,,,
78,,,,,,,,,,,31.0,28.0,22.5,13.5,2.75,3.5,28.0,20.25,36.75,74.0,42.25,63.5,30.0,56.0,71.75,21.75,37.75,21.25,35.75,20.0,57.5,29.25,37.25,39.75,24.5,27.5,41.5,11.25,20.75,17.75,55.0,20.75,38.5,67.5,57.75,80.25,57.0,6.75,10.25,25.25,25.5,33.0,14.0,0.0,11.25,9.5,23.75,20.0,27.5,26.5,18.75,,,,,,,,,,,,,,,,,,,,,,,,,
79,,,,,,,,,,,24.5,19.75,8.5,10.25,13.0,9.5,12.0,19.5,30.0,95.75,24.0,59.0,50.25,28.25,34.5,33.25,39.25,25.25,28.25,43.25,7.0,14.5,14.75,39.5,29.75,25.75,16.0,17.25,32.5,0.0,13.75,37.25,60.5,82.5,43.5,56.25,53.0,52.25,22.75,5.0,7.75,2.75,8.5,2.0,7.5,21.0,39.25,8.0,0.0,30.75,23.0,10.5,,,,,,,,,,,,,,,,,,,,,,,,
80,,,,,,,,,,,31.25,13.75,25.5,28.0,15.0,12.0,34.75,28.75,22.5,53.0,38.25,65.25,68.0,56.5,22.75,52.0,33.0,59.5,29.5,30.75,34.25,37.75,14.75,41.25,40.0,27.25,41.25,14.75,54.0,26.75,16.5,44.5,27.0,60.25,62.25,85.25,68.0,11.25,17.25,22.5,9.75,9.5,16.25,6.5,11.75,37.25,32.0,16.25,48.5,19.0,15.75,27.5,,,,,,,,,,,,,,,,,,,,,,,,
81,,,,,,,,,,,24.0,11.0,8.75,4.0,12.5,6.5,15.5,18.25,31.25,75.5,23.75,63.0,56.5,34.5,45.75,37.25,45.5,26.75,23.0,41.5,20.75,20.5,34.25,17.0,24.25,24.25,15.75,27.75,23.0,0.0,17.0,35.75,68.0,82.0,45.75,57.0,57.5,44.75,24.75,7.0,18.5,6.0,18.5,8.0,1.75,13.5,21.75,15.5,0.0,24.5,23.0,6.75,,,,,,,,,,,,,,,,,,,,,,,,
82,,,,,,,,,,,20.25,23.5,20.5,28.5,19.5,2.0,32.0,22.0,16.25,29.0,47.75,33.0,68.75,46.5,33.0,28.0,30.75,54.75,37.25,37.0,33.75,33.5,29.5,43.75,32.5,7.75,55.5,33.0,27.25,20.5,14.0,42.5,24.75,51.75,56.5,81.0,53.75,16.75,7.0,8.75,14.75,3.25,27.25,8.5,18.75,34.25,19.75,22.75,13.75,8.25,18.5,21.25,,,,,,,,,,,,,,,,,,,,,,,,
83,,,,,,,,,,,,17.0,12.0,4.0,12.25,6.5,17.0,22.75,36.25,84.5,25.25,67.5,67.25,50.0,39.25,40.0,46.25,29.75,22.5,58.25,20.5,27.75,43.75,18.5,31.5,41.0,19.5,29.25,28.75,0.0,21.0,37.75,64.25,82.0,64.0,65.75,56.75,60.25,28.25,8.75,20.0,4.0,18.0,7.75,0.0,21.0,34.75,9.75,0.0,36.25,29.75,2.5,,,,,,,,,,,,,,,,,,,,,,,,
84,,,,,,,,,,,,17.25,14.25,26.25,11.5,3.5,26.5,13.0,12.5,19.75,30.5,35.75,60.25,39.25,22.25,16.5,23.5,44.25,27.25,36.75,33.0,34.25,19.75,36.25,28.5,14.25,54.75,26.75,19.0,12.25,11.5,39.25,15.0,53.25,40.5,93.25,36.0,12.5,5.0,5.25,13.0,0.0,22.0,5.0,18.5,29.75,17.5,15.75,16.5,11.25,11.5,17.25,,,,,,,,,,,,,,,,,,,,,,,,
85,,,,,,,,,,,,23.5,20.5,3.5,7.25,22.25,12.25,31.5,52.5,86.75,30.25,83.5,74.0,46.25,40.5,45.25,63.5,31.5,55.25,56.25,24.5,28.25,35.75,33.0,28.75,33.75,31.0,33.25,30.0,0.0,31.25,44.75,64.5,78.0,53.25,69.25,55.25,67.5,26.5,6.0,29.0,6.25,8.75,7.5,3.25,18.0,36.75,6.5,0.0,25.75,36.75,11.25,,,,,,,,,,,,,,,,,,,,,,,,
86,,,,,,,,,,,,17.5,25.5,22.5,11.25,11.75,35.5,30.5,15.25,39.0,30.75,59.0,51.25,33.0,33.0,47.0,50.5,35.75,36.0,39.5,35.75,36.75,17.25,47.0,24.25,27.0,47.25,17.25,5.75,26.75,18.75,26.25,21.75,47.0,63.75,98.5,48.75,11.75,11.0,2.5,2.5,5.0,15.25,2.5,9.25,32.25,6.25,10.25,33.25,24.75,12.5,27.75,,,,,,,,,,,,,,,,,,,,,,,,
87,,,,,,,,,,,,22.25,15.5,22.75,13.25,19.75,45.5,35.25,25.75,27.5,25.25,32.0,48.0,47.75,29.75,38.25,31.5,37.75,19.75,31.25,39.0,30.25,21.75,36.75,39.75,22.75,43.5,9.25,30.75,15.25,20.75,40.0,25.5,48.5,49.25,85.75,31.75,11.75,14.25,13.25,19.25,5.25,9.5,4.75,12.75,24.5,18.25,20.0,28.0,12.5,10.75,14.75,,,,,,,,,,,,,,,,,,,,,,,,
88,,,,,,,,,,,,23.0,17.0,15.25,26.5,18.0,32.5,41.75,49.75,49.0,53.0,75.5,67.75,37.0,50.5,56.0,47.0,51.25,34.0,35.5,43.75,49.75,27.0,56.25,47.75,29.75,28.0,18.5,25.5,18.5,6.0,55.5,20.75,37.75,70.5,84.25,48.75,9.25,9.5,10.0,10.25,10.25,14.5,8.5,8.0,28.25,20.0,11.0,30.0,13.0,18.0,49.5,,,,,,,,,,,,,,,,,,,,,,,,
89,,,,,,,,,,,,27.5,20.0,8.0,14.0,2.5,15.75,33.0,60.75,85.0,38.75,49.0,38.75,48.25,54.25,65.25,64.5,50.75,29.25,35.25,29.25,33.75,37.75,10.0,38.0,25.25,30.5,16.25,34.5,0.0,27.75,32.5,68.75,93.5,68.25,61.75,37.0,65.0,30.25,2.75,14.5,5.5,10.25,10.0,2.5,3.0,47.75,13.0,0.0,30.0,32.25,10.25,0.0,,,,,,,,,,,,,,,,,,,,,,,
90,,,,,,,,,,,,16.25,19.75,27.25,11.5,11.75,28.0,30.25,36.25,34.75,40.5,60.25,72.5,50.25,48.75,58.25,46.0,52.75,28.5,58.5,30.0,43.5,23.25,59.25,51.0,22.0,48.5,21.75,21.0,21.25,15.5,63.0,27.0,48.75,69.25,81.0,40.0,13.25,6.5,18.75,12.5,2.75,18.5,2.75,8.5,27.0,7.75,28.25,28.25,24.5,21.0,30.5,22.75,,,,,,,,,,,,,,,,,,,,,,,
91,,,,,,,,,,,,,16.75,18.5,11.5,8.5,24.5,20.5,46.0,27.75,33.0,60.25,65.0,60.0,51.75,58.25,55.0,55.75,22.0,55.25,39.5,36.25,30.5,59.25,40.75,14.75,34.25,13.75,13.5,28.75,11.25,66.75,26.75,48.25,81.25,85.5,55.5,13.25,3.0,18.5,15.75,2.75,15.25,6.0,14.75,23.25,15.75,24.75,28.0,18.25,24.25,30.25,22.75,,,,,,,,,,,,,,,,,,,,,,,
92,,,,,,,,,,,,,13.25,3.75,11.25,9.0,21.0,22.0,27.5,76.75,32.25,38.75,43.75,25.5,40.5,42.0,62.75,20.25,33.25,39.25,12.75,16.75,32.25,28.5,29.25,26.0,15.75,21.5,35.5,0.0,23.75,36.25,50.5,90.5,55.75,58.75,58.0,28.5,20.5,2.25,11.75,4.25,11.5,15.0,4.5,15.0,27.25,16.0,0.0,21.0,29.75,9.25,3.0,,,,,,,,,,,,,,,,,,,,,,,
93,,,,,,,,,,,,,19.0,17.0,20.25,14.0,33.75,30.0,32.25,51.5,34.5,45.75,51.0,49.75,52.0,44.5,45.5,39.25,26.0,37.25,54.25,36.5,20.25,39.5,44.0,30.5,39.0,28.25,30.25,18.5,23.5,51.75,9.25,66.75,70.75,86.5,59.25,17.5,16.25,21.25,12.75,8.75,15.5,5.75,16.5,30.25,12.25,11.75,27.0,38.0,20.5,31.25,30.75,,,,,,,,,,,,,,,,,,,,,,,
94,,,,,,,,,,,,,10.0,14.5,15.25,21.5,32.75,32.25,18.5,40.0,19.0,56.75,49.75,30.0,37.75,30.0,48.75,57.25,19.0,39.0,46.75,28.5,11.0,48.5,30.75,16.5,32.5,16.25,19.25,9.25,26.0,43.75,22.75,55.0,69.25,98.75,62.75,18.25,9.0,17.25,7.5,0.0,10.0,7.75,5.25,30.5,11.5,9.25,34.25,25.25,15.25,31.75,9.75,,,,,,,,,,,,,,,,,,,,,,,
95,,,,,,,,,,,,,15.75,8.25,6.5,9.5,10.5,22.5,27.5,76.5,34.5,38.5,57.25,34.75,34.75,55.5,40.25,22.0,14.75,29.0,20.5,13.75,26.25,21.5,21.25,29.75,10.25,23.5,25.25,0.0,26.75,30.0,60.25,98.5,38.25,51.0,41.5,34.75,32.25,3.0,9.5,2.25,10.25,10.25,4.25,20.0,32.5,16.75,0.0,23.25,22.0,7.75,10.0,27.25,,,,,,,,,,,,,,,,,,,,,,
96,,,,,,,,,,,,,17.5,19.75,16.0,13.0,26.0,32.75,17.0,19.0,25.25,59.5,60.0,37.75,25.75,41.5,33.0,48.25,21.25,28.0,58.0,42.25,18.75,28.25,31.25,25.25,49.5,20.75,29.5,24.0,23.75,43.5,18.0,48.0,38.5,95.5,43.25,23.75,16.0,16.5,9.5,2.5,10.25,0.0,3.25,29.5,20.25,10.5,21.75,10.0,15.75,27.5,16.0,5.0,,,,,,,,,,,,,,,,,,,,,,
97,,,,,,,,,,,,,13.75,4.25,8.75,2.25,17.75,24.5,28.75,82.0,36.5,35.75,48.75,31.5,34.75,33.0,39.5,27.25,26.0,37.25,22.25,8.0,19.75,31.0,22.0,27.5,23.0,22.25,23.5,0.0,29.0,32.0,77.25,70.0,51.25,49.0,58.0,38.25,26.25,11.0,13.5,7.5,10.0,5.5,4.0,19.25,41.75,17.25,0.0,14.75,26.75,5.0,10.25,18.0,,,,,,,,,,,,,,,,,,,,,,
98,,,,,,,,,,,,,,16.5,13.0,30.0,24.0,36.75,28.75,40.0,15.75,59.75,42.25,47.25,24.25,47.25,38.5,43.0,28.5,36.75,46.75,42.0,19.25,25.75,37.25,20.5,25.75,15.25,24.75,12.75,18.5,58.0,14.5,74.75,56.5,74.75,41.75,9.75,5.5,12.25,10.75,2.75,11.0,11.0,19.0,30.75,28.0,13.5,19.25,24.0,10.5,34.5,30.0,5.75,,,,,,,,,,,,,,,,,,,,,,
99,,,,,,,,,,,,,,5.75,10.25,1.75,18.5,24.5,32.25,66.25,31.0,44.25,50.5,30.5,35.25,31.25,34.0,27.75,20.5,36.75,18.75,8.0,20.25,23.5,24.5,23.5,25.0,23.5,22.0,0.0,27.5,29.75,79.75,78.25,40.5,49.75,57.0,34.75,19.25,11.0,14.75,7.5,11.25,7.25,3.5,21.0,42.5,17.75,0.0,19.75,20.25,7.0,12.25,15.5,,,,,,,,,,,,,,,,,,,,,,
100,,,,,,,,,,,,,,5.25,2.75,11.5,24.0,20.75,23.75,64.75,39.0,64.5,58.0,25.25,40.0,47.0,57.75,40.5,43.5,41.25,26.75,30.25,56.5,32.0,35.25,30.0,13.25,6.75,30.5,0.0,47.0,34.5,71.0,65.25,60.25,89.5,73.25,52.0,46.25,12.5,24.25,3.25,18.75,5.75,8.75,17.0,42.0,18.25,0.0,27.0,21.25,10.25,13.0,13.0,,,,,,,,,,,,,,,,,,,,,,
101,,,,,,,,,,,,,,20.75,19.25,19.5,29.0,27.75,35.0,40.5,28.25,73.0,52.25,43.75,39.75,60.5,45.0,42.0,19.75,41.25,39.25,40.25,16.5,20.5,40.5,12.25,36.25,13.5,29.0,21.75,18.75,41.75,20.5,43.0,69.75,85.0,45.75,9.75,12.75,8.75,14.5,2.75,14.75,2.75,22.75,24.75,18.75,11.5,24.0,12.0,20.5,30.75,19.0,6.0,,,,,,,,,,,,,,,,,,,,,,
102,,,,,,,,,,,,,,13.75,8.0,14.75,29.75,12.5,11.75,29.5,34.0,59.75,37.75,30.75,34.5,29.75,41.5,43.5,16.0,36.5,24.25,27.0,7.25,33.75,22.75,10.75,39.75,15.75,10.25,4.75,3.25,31.0,12.25,61.75,44.5,97.75,55.25,5.25,12.75,8.5,6.25,2.5,7.25,4.25,4.75,19.75,7.5,4.75,29.0,20.0,7.0,17.0,22.0,2.25,,,,,,,,,,,,,,,,,,,,,,
103,,,,,,,,,,,,,,0.0,15.25,5.0,20.75,29.0,36.25,94.25,27.25,56.0,62.25,58.0,40.25,62.0,60.0,28.5,37.5,51.5,21.0,12.25,27.5,42.25,31.5,27.25,16.25,21.0,18.75,0.0,39.25,48.5,80.75,47.75,44.25,52.5,64.25,57.75,35.25,16.0,21.0,2.5,13.25,2.75,5.0,18.0,37.75,11.5,0.0,22.75,28.0,10.0,9.5,28.25,28.0,,,,,,,,,,,,,,,,,,,,,
104,,,,,,,,,,,,,,4.75,4.75,2.25,19.75,14.75,27.5,52.0,49.25,85.25,50.5,53.75,65.75,9.5,44.25,44.5,24.0,23.75,32.75,31.0,33.5,40.5,14.0,24.0,29.0,14.5,27.5,11.75,29.5,41.25,29.25,54.5,78.0,59.75,54.25,2.75,10.5,15.5,17.75,12.75,7.5,0.0,11.75,5.25,16.25,12.0,22.25,31.5,14.75,13.5,24.0,0.0,10.25,,,,,,,,,,,,,,,,,,,,,
105,,,,,,,,,,,,,,,8.25,11.0,14.5,34.25,32.5,65.0,63.25,55.5,40.75,40.25,64.75,36.0,58.0,39.0,27.5,48.0,29.25,25.5,26.5,9.25,22.0,29.25,19.25,26.0,16.5,0.0,26.25,33.5,63.75,91.75,61.0,74.75,60.0,46.5,37.25,15.25,20.5,0.0,17.75,0.0,2.75,31.25,55.5,11.75,0.0,45.0,29.0,9.5,9.5,15.75,30.75,,,,,,,,,,,,,,,,,,,,,
106,,,,,,,,,,,,,,,18.0,12.5,32.25,34.5,31.25,48.25,42.0,78.75,63.0,55.75,54.5,34.25,51.0,46.0,31.25,39.5,59.5,24.25,11.5,33.0,41.0,18.0,35.0,15.5,23.0,0.0,13.0,58.25,11.0,74.0,38.25,82.5,63.0,22.5,15.25,11.25,13.0,3.0,13.5,5.5,10.25,21.25,21.75,14.5,17.0,28.25,24.0,37.0,31.75,5.75,17.75,,,,,,,,,,,,,,,,,,,,,
107,,,,,,,,,,,,,,,9.5,13.75,44.5,18.5,25.0,23.0,21.5,47.0,60.75,45.75,52.25,46.25,51.0,45.5,19.0,26.5,42.75,39.75,25.25,47.25,39.0,16.5,52.5,13.25,27.25,23.5,3.75,41.0,25.25,54.25,76.75,84.5,45.75,13.75,4.0,20.0,14.25,0.0,9.25,3.75,12.75,32.75,16.25,8.75,34.25,17.0,12.75,23.0,17.0,6.0,10.5,,,,,,,,,,,,,,,,,,,,,
108,,,,,,,,,,,,,,,6.25,8.5,18.0,23.5,20.75,77.0,35.0,37.25,44.0,44.0,42.0,39.5,38.5,32.5,17.75,23.75,22.25,9.25,14.25,21.75,23.25,23.25,21.75,17.75,29.75,0.0,8.0,32.5,47.5,83.5,38.0,47.25,57.75,52.25,30.25,12.0,12.5,1.75,13.25,6.5,2.0,14.0,19.25,13.75,0.0,23.5,16.5,9.5,7.0,13.5,16.75,,,,,,,,,,,,,,,,,,,,,
109,,,,,,,,,,,,,,,0.0,3.25,27.5,22.0,31.25,65.25,58.0,88.0,65.0,54.25,60.25,14.5,46.0,37.25,35.0,26.25,48.0,34.0,19.25,45.25,28.75,28.75,35.0,6.0,22.5,27.75,48.75,23.0,65.0,60.25,65.25,82.75,78.5,10.5,42.25,12.25,36.5,14.5,9.5,3.25,20.25,3.5,34.75,10.75,25.75,55.25,3.25,23.75,36.0,0.0,15.25,,,,,,,,,,,,,,,,,,,,,
110,,,,,,,,,,,,,,,15.5,5.25,14.25,38.0,27.0,85.25,44.25,48.5,67.75,33.25,45.75,45.5,57.25,30.25,34.75,24.25,26.0,38.75,40.0,23.25,32.0,27.5,15.25,23.75,19.0,0.0,27.5,28.25,40.0,91.75,65.5,58.5,45.0,50.5,35.5,6.0,20.25,3.25,16.75,0.0,2.25,24.25,42.25,12.25,0.0,29.5,18.5,18.0,9.5,34.0,19.25,35.5,,,,,,,,,,,,,,,,,,,,
111,,,,,,,,,,,,,,,3.0,8.25,21.75,26.25,24.0,80.75,46.75,86.0,50.5,52.25,65.25,9.75,52.25,36.5,23.75,33.25,39.75,28.5,30.25,24.75,33.25,30.25,35.5,3.0,8.75,23.0,43.75,13.0,26.75,66.25,56.0,60.0,56.5,3.0,27.25,29.5,37.25,14.25,14.75,2.75,8.25,9.0,20.5,11.25,12.5,37.25,11.0,27.0,22.25,0.0,14.75,15.0,,,,,,,,,,,,,,,,,,,,
112,,,,,,,,,,,,,,,17.25,15.75,40.0,33.0,52.0,30.75,46.5,68.75,64.0,39.25,52.0,63.25,52.0,56.0,30.0,46.0,50.0,47.5,14.75,55.0,37.75,15.0,53.25,21.0,9.5,19.5,20.5,48.0,23.5,63.75,42.0,74.5,91.25,14.75,10.25,12.25,6.75,5.75,18.25,6.75,6.5,28.5,21.0,7.0,22.25,12.5,11.0,36.0,20.25,7.25,10.75,30.25,,,,,,,,,,,,,,,,,,,,
113,,,,,,,,,,,,,,,,8.5,15.5,41.0,31.5,83.5,43.5,47.0,68.5,45.5,50.75,54.25,68.5,33.75,48.0,25.5,37.75,36.5,42.5,26.0,36.0,28.0,14.25,31.25,18.0,0.0,30.75,19.75,52.25,86.75,72.75,69.75,55.5,57.5,37.0,9.5,18.0,3.25,20.5,0.0,5.75,29.25,41.75,22.5,0.0,36.25,26.25,13.25,7.0,33.25,12.25,39.5,,,,,,,,,,,,,,,,,,,,
114,,,,,,,,,,,,,,,,20.0,44.25,34.0,50.25,48.0,42.25,74.75,43.5,43.5,39.25,51.75,46.5,43.75,34.75,45.5,53.75,39.25,18.0,44.0,27.0,26.0,52.0,21.0,13.0,18.0,30.0,35.0,27.75,70.5,50.0,84.5,70.75,14.0,16.0,14.0,20.0,8.5,9.25,6.0,9.0,17.5,20.5,10.0,18.75,17.0,9.25,29.25,9.75,7.25,13.0,26.75,,,,,,,,,,,,,,,,,,,,
115,,,,,,,,,,,,,,,,7.25,27.5,20.5,31.25,77.25,29.75,49.0,49.75,22.75,39.25,37.25,59.25,30.25,21.5,40.5,21.75,16.75,23.75,14.5,22.5,27.0,11.25,10.5,23.75,0.0,19.5,39.0,39.25,98.75,50.25,60.5,55.75,44.5,32.0,5.0,2.5,1.75,13.5,7.5,2.25,25.25,39.75,12.75,0.0,36.5,12.5,5.5,9.25,13.0,15.75,26.0,,,,,,,,,,,,,,,,,,,,
116,,,,,,,,,,,,,,,,13.0,15.25,29.25,25.25,69.5,32.0,53.5,49.0,28.75,33.75,31.0,42.0,31.25,28.0,27.25,13.25,18.0,21.25,15.5,22.25,20.5,15.75,30.75,21.25,0.0,22.75,42.25,48.0,97.5,37.0,54.0,72.75,35.5,24.5,9.5,9.5,4.0,10.5,7.5,1.75,14.25,37.75,11.5,0.0,28.25,17.75,8.25,2.75,17.0,26.25,30.75,,,,,,,,,,,,,,,,,,,,
117,,,,,,,,,,,,,,,,12.25,36.5,31.5,12.5,33.25,28.75,41.75,63.0,38.75,24.5,52.0,33.5,45.0,20.0,29.5,47.75,39.25,15.0,26.0,41.25,19.75,26.75,19.75,18.25,21.5,10.75,27.25,11.75,63.75,41.25,79.25,40.25,13.25,4.75,13.25,7.75,5.5,16.0,2.75,5.0,19.5,6.75,15.5,18.25,12.25,9.25,18.75,24.5,2.25,19.25,14.25,,,,,,,,,,,,,,,,,,,,
118,,,,,,,,,,,,,,,,12.5,18.0,29.5,19.0,88.25,39.25,54.25,62.0,30.0,43.25,38.0,44.5,29.5,30.75,41.5,9.75,16.5,28.5,22.5,32.75,17.25,21.75,25.5,26.25,0.0,20.75,43.0,53.75,73.75,40.75,64.75,67.5,49.25,41.0,15.0,4.75,4.75,23.75,5.5,2.75,15.25,52.25,16.0,0.0,28.25,19.75,6.5,6.0,26.75,35.25,25.5,,,,,,,,,,,,,,,,,,,,
119,,,,,,,,,,,,,,,,10.5,21.25,26.0,19.25,21.5,32.5,63.75,48.75,39.75,43.25,54.5,44.5,45.25,25.25,32.25,44.25,38.75,18.75,52.25,41.25,23.0,30.25,18.5,27.0,14.75,17.75,33.5,38.5,30.0,56.0,85.0,54.75,21.75,10.5,13.5,14.25,2.5,13.75,5.5,7.75,20.75,14.25,11.25,26.75,17.75,8.0,39.5,36.25,6.0,13.75,14.0,,,,,,,,,,,,,,,,,,,,
120,,,,,,,,,,,,,,,,15.5,27.5,28.75,46.25,87.0,31.25,59.25,55.75,43.0,53.75,46.5,60.25,33.0,37.0,34.25,25.75,37.5,37.75,10.75,33.75,7.75,21.75,16.0,33.25,0.0,34.0,36.5,57.0,91.25,50.75,72.75,67.5,45.25,42.75,6.25,17.0,2.0,13.5,7.0,5.75,25.75,48.5,12.0,0.0,18.5,16.5,16.5,13.0,24.5,21.5,29.25,,,,,,,,,,,,,,,,,,,,
121,,,,,,,,,,,,,,,,4.75,10.25,19.0,19.0,72.5,40.25,85.0,55.5,62.75,67.25,12.5,25.75,43.0,20.75,29.25,36.0,42.25,34.25,38.5,32.0,34.5,24.0,14.75,23.0,13.25,34.0,23.0,36.0,64.75,58.5,65.5,68.5,3.5,24.0,32.75,38.5,14.75,8.25,6.0,7.5,8.75,20.5,14.25,17.0,26.5,13.75,22.75,15.5,0.0,11.5,8.75,,,,,,,,,,,,,,,,,,,,
122,,,,,,,,,,,,,,,,,15.75,25.25,32.0,73.75,37.0,45.5,29.0,34.25,44.5,40.0,60.25,32.75,28.5,28.25,24.25,12.75,27.75,6.75,13.0,38.0,17.25,14.0,13.75,0.0,34.75,25.25,71.0,64.75,33.0,70.75,61.5,30.5,27.5,8.25,16.75,0.0,14.75,5.0,2.75,16.0,33.25,9.75,0.0,13.0,8.0,5.25,9.0,24.75,20.0,11.25,9.5,,,,,,,,,,,,,,,,,,,
123,,,,,,,,,,,,,,,,,34.0,25.0,28.0,42.75,39.25,44.5,57.75,67.75,49.75,60.0,52.5,28.75,29.75,39.0,63.0,29.0,24.75,53.0,55.0,29.5,36.0,13.5,27.25,29.25,23.75,32.5,11.0,49.0,55.75,85.0,83.5,15.25,14.75,13.5,17.25,6.5,17.75,2.75,5.5,40.5,25.0,17.5,18.25,30.0,9.25,31.5,15.5,7.25,0.0,28.25,44.25,,,,,,,,,,,,,,,,,,,
124,,,,,,,,,,,,,,,,,17.5,22.5,30.0,80.5,27.75,58.5,57.25,27.75,49.75,54.75,61.75,19.5,27.25,31.5,17.0,24.75,22.25,19.25,32.25,18.25,26.75,20.0,29.0,0.0,39.25,41.25,77.25,60.75,62.0,69.0,55.25,42.75,17.25,5.0,12.5,0.0,11.0,7.75,7.5,19.0,21.25,16.0,0.0,32.0,25.5,11.25,5.75,21.25,31.5,27.0,9.75,,,,,,,,,,,,,,,,,,,
125,,,,,,,,,,,,,,,,,46.75,12.75,28.25,36.5,36.25,56.25,59.0,48.5,64.5,55.0,51.25,48.5,21.75,40.0,43.75,49.0,21.5,48.0,42.5,21.75,35.0,17.25,28.5,26.0,21.5,50.25,32.0,60.75,68.75,78.75,69.0,12.25,16.75,6.0,16.75,7.5,25.25,0.0,8.75,24.25,12.0,12.5,31.5,19.75,8.25,11.5,23.5,5.5,15.5,24.0,50.75,,,,,,,,,,,,,,,,,,,
126,,,,,,,,,,,,,,,,,18.0,32.25,40.0,70.0,31.5,72.25,55.0,28.5,34.5,48.75,53.75,24.75,47.0,45.0,28.5,14.0,39.0,29.0,29.25,26.25,32.5,24.0,18.5,0.0,15.25,30.25,88.5,84.25,59.5,53.25,45.75,39.25,35.75,3.0,10.25,3.0,10.75,2.25,4.75,16.0,25.25,3.0,0.0,21.25,26.75,9.25,10.5,17.5,22.25,37.0,6.25,,,,,,,,,,,,,,,,,,,
127,,,,,,,,,,,,,,,,,20.25,39.0,37.0,71.5,37.0,34.75,57.0,32.25,43.25,40.75,44.25,34.5,16.0,15.0,29.75,14.0,18.75,19.75,30.5,20.0,17.5,22.75,26.5,0.0,14.0,50.5,64.25,81.75,44.25,68.0,52.25,36.0,29.0,2.0,8.75,0.0,16.75,10.5,0.0,15.0,52.0,3.5,0.0,23.0,12.0,3.75,10.75,21.75,25.5,24.0,17.25,,,,,,,,,,,,,,,,,,,
128,,,,,,,,,,,,,,,,,17.5,43.75,33.5,64.25,34.25,39.25,57.75,33.75,43.0,35.75,51.0,36.25,22.5,17.75,28.75,17.25,22.25,21.75,29.75,17.75,21.0,24.5,32.25,0.0,9.75,52.75,71.25,81.75,44.5,69.75,63.25,37.75,22.75,2.5,12.25,2.5,12.75,6.5,2.5,6.75,47.75,6.0,0.0,26.5,17.75,9.25,11.5,25.75,36.0,25.75,15.5,,,,,,,,,,,,,,,,,,,
129,,,,,,,,,,,,,,,,,22.0,26.5,42.25,23.75,31.25,48.75,55.75,42.75,31.75,49.25,49.0,38.5,24.75,30.75,36.25,31.0,16.0,38.75,40.0,28.75,44.0,32.5,20.75,14.0,24.0,41.0,15.0,83.75,66.25,94.0,45.0,9.25,6.5,16.25,14.5,3.5,11.0,3.5,12.0,33.0,16.25,8.25,40.75,31.0,17.25,32.75,23.25,3.75,12.25,17.5,28.0,,,,,,,,,,,,,,,,,,,
130,,,,,,,,,,,,,,,,,15.5,28.75,29.0,60.5,37.0,71.0,30.5,46.25,59.75,26.25,30.5,36.25,28.5,21.25,39.75,20.75,18.0,27.75,34.5,49.25,22.75,3.5,25.25,20.5,42.25,12.75,39.25,65.5,77.75,90.5,63.75,12.75,24.5,25.25,29.5,15.0,13.75,5.75,7.75,5.5,23.0,0.0,8.0,28.25,13.5,29.0,32.25,0.0,17.5,18.5,33.25,,,,,,,,,,,,,,,,,,,
131,,,,,,,,,,,,,,,,,20.25,25.0,46.0,84.25,35.5,39.25,50.5,27.0,30.75,39.0,44.25,24.25,24.75,33.25,14.0,20.25,25.0,31.5,40.0,18.25,18.75,9.5,14.0,0.0,24.5,33.5,48.0,85.25,51.75,62.25,43.25,39.0,22.0,8.75,15.25,2.0,14.0,7.75,2.75,13.75,31.25,23.75,0.0,15.25,30.5,9.5,10.75,17.5,20.0,19.25,13.75,27.75,,,,,,,,,,,,,,,,,,
132,,,,,,,,,,,,,,,,,,25.5,33.5,71.75,31.0,35.0,48.5,32.75,35.0,37.25,40.5,27.5,17.75,31.75,17.25,24.0,28.75,29.5,44.0,28.5,22.5,13.25,14.25,0.0,28.5,20.75,50.0,95.25,61.5,74.5,47.75,49.75,28.25,9.0,18.5,2.0,8.75,7.75,5.75,8.25,39.5,18.75,0.0,21.25,28.5,12.75,10.75,18.0,20.25,19.5,14.0,31.0,,,,,,,,,,,,,,,,,,
133,,,,,,,,,,,,,,,,,,18.75,21.25,58.25,45.0,68.0,45.25,52.0,45.5,32.5,45.5,40.5,17.25,33.5,33.75,41.25,24.5,52.5,41.0,31.5,39.75,18.25,19.25,36.75,10.75,45.25,32.25,60.0,51.5,92.0,70.0,13.5,17.75,6.75,19.5,14.75,8.0,2.5,24.0,19.75,32.0,5.5,17.5,44.0,20.25,33.25,24.0,3.0,15.25,18.75,33.25,27.5,,,,,,,,,,,,,,,,,,
134,,,,,,,,,,,,,,,,,,14.5,24.25,62.75,56.25,60.0,53.5,67.25,53.5,15.0,40.5,56.75,36.25,43.75,37.25,42.5,29.0,44.25,34.0,34.0,35.25,17.75,16.25,35.0,30.75,34.75,34.75,57.0,69.5,100.0,67.0,10.5,23.5,19.75,27.25,15.25,11.0,3.25,24.75,12.5,37.0,15.75,11.75,45.0,21.25,41.0,26.25,0.0,15.0,23.25,37.5,37.0,,,,,,,,,,,,,,,,,,
135,,,,,,,,,,,,,,,,,,33.5,20.5,45.75,19.5,64.75,60.5,51.0,33.5,41.5,47.0,30.25,17.25,41.75,52.75,38.75,11.5,42.5,45.75,29.25,28.75,18.0,28.5,22.25,14.75,54.5,22.0,46.25,47.25,86.5,63.5,12.0,9.0,5.25,8.75,5.25,16.5,2.5,15.25,34.75,13.5,2.75,26.25,25.75,7.75,9.0,23.5,9.0,11.0,8.5,12.0,22.75,,,,,,,,,,,,,,,,,,
136,,,,,,,,,,,,,,,,,,29.25,28.75,63.25,41.5,58.5,62.5,60.75,36.0,24.5,49.0,54.5,38.0,40.25,38.75,44.75,25.25,47.75,38.25,41.25,38.25,17.75,13.0,28.25,20.5,60.5,45.0,43.75,68.5,100.0,71.0,10.25,15.0,19.75,11.5,17.75,10.75,5.75,24.25,20.25,27.0,3.25,21.5,34.25,12.0,35.5,31.5,2.75,9.25,17.5,31.0,16.5,,,,,,,,,,,,,,,,,,
137,,,,,,,,,,,,,,,,,,41.25,22.75,72.75,51.5,41.0,59.5,31.25,40.5,49.75,53.5,30.5,20.0,32.5,34.75,23.25,11.75,21.75,19.0,33.0,23.75,19.0,21.0,0.0,24.75,30.75,52.0,89.0,45.75,69.75,58.0,65.0,30.0,7.75,20.75,7.0,16.0,0.0,5.0,14.0,35.5,11.25,0.0,28.5,18.75,9.0,5.75,20.25,27.0,32.0,8.0,23.5,,,,,,,,,,,,,,,,,,
138,,,,,,,,,,,,,,,,,,20.25,23.25,42.75,24.0,49.25,59.5,46.75,58.0,32.0,58.0,41.25,15.5,29.75,31.5,43.25,7.5,29.75,51.25,22.75,33.5,18.5,16.5,18.75,23.25,41.5,25.25,54.75,57.5,93.5,65.5,5.75,10.25,20.0,8.5,5.75,9.25,3.25,8.75,25.0,23.25,0.0,17.5,23.0,9.25,20.0,16.0,0.0,7.25,26.0,21.75,33.25,,,,,,,,,,,,,,,,,,
139,,,,,,,,,,,,,,,,,,21.25,38.75,86.0,32.5,35.0,69.5,38.75,37.25,37.0,44.5,42.75,31.0,46.0,15.75,26.25,38.25,27.5,28.5,30.5,12.0,11.5,23.75,0.0,17.75,47.0,77.5,62.25,46.75,50.5,53.25,64.0,34.5,8.25,17.5,2.75,15.75,9.0,5.0,19.25,38.75,11.0,0.0,34.75,28.25,12.0,6.0,11.5,37.25,26.5,13.5,25.0,,,,,,,,,,,,,,,,,,
140,,,,,,,,,,,,,,,,,,28.5,26.0,70.0,47.5,64.25,43.0,66.25,41.25,30.25,39.75,38.25,25.75,23.75,33.75,25.0,19.0,35.25,24.5,35.0,35.25,19.25,26.0,33.0,46.0,15.0,37.5,58.25,60.75,88.75,34.5,0.0,32.0,18.25,28.5,21.75,11.25,3.25,7.25,9.0,24.0,14.25,14.0,31.5,6.25,29.25,17.75,0.0,12.0,14.25,6.5,48.0,,,,,,,,,,,,,,,,,,
141,,,,,,,,,,,,,,,,,,39.5,26.5,52.25,23.75,66.75,64.0,60.25,34.0,38.25,49.75,43.0,35.5,34.25,50.0,47.5,12.75,40.5,52.25,35.25,37.25,19.75,19.0,14.75,28.5,43.0,30.75,51.75,73.75,93.75,53.75,9.5,19.5,6.25,15.25,6.25,8.5,0.0,2.75,21.0,23.75,20.5,23.25,31.75,17.5,20.5,12.75,0.0,17.75,13.25,35.0,36.5,,,,,,,,,,,,,,,,,,
142,,,,,,,,,,,,,,,,,,23.5,32.5,77.25,46.25,58.25,56.25,45.75,73.0,13.75,35.75,31.25,12.75,24.75,42.5,21.5,34.25,49.25,27.5,26.5,20.75,16.25,22.25,33.0,64.0,28.0,53.0,61.25,60.25,79.5,68.0,12.5,17.75,19.0,28.0,13.75,14.25,2.5,8.0,12.25,18.0,13.5,11.5,44.5,20.0,27.75,22.0,0.0,5.75,11.25,30.75,45.75,,,,,,,,,,,,,,,,,,
143,,,,,,,,,,,,,,,,,,,21.5,54.25,41.5,63.25,55.0,53.25,53.0,18.0,29.5,42.25,20.5,36.0,27.0,48.0,34.25,18.0,26.5,42.0,40.0,11.75,15.5,19.5,32.75,33.5,48.25,60.0,62.25,68.5,57.0,5.75,20.75,23.25,8.75,17.25,8.75,3.0,0.0,19.0,35.0,19.0,11.0,30.0,28.5,23.75,11.25,2.25,17.5,24.0,17.75,49.5,26.75,,,,,,,,,,,,,,,,,
144,,,,,,,,,,,,,,,,,,35.75,19.5,53.0,53.25,72.0,53.75,58.75,59.25,18.25,32.75,39.0,23.5,32.75,30.25,49.5,34.75,20.75,24.75,47.5,30.5,6.75,15.75,20.25,39.5,28.0,52.5,78.75,51.75,59.0,60.75,3.25,23.75,28.25,18.75,17.25,11.25,3.0,0.0,14.5,38.5,22.0,11.25,35.0,31.0,24.25,14.25,0.0,15.25,26.75,18.25,53.5,19.5,,,,,,,,,,,,,,,,,
145,,,,,,,,,,,,,,,,,,,27.75,83.75,25.25,44.75,36.75,30.0,49.5,45.25,49.25,27.0,29.0,24.75,26.0,18.5,25.25,31.0,37.75,34.0,24.25,14.75,22.0,0.0,9.25,48.25,55.75,80.0,37.0,66.0,41.75,44.0,29.25,13.5,17.5,0.0,17.75,7.5,0.0,8.75,47.5,12.25,0.0,17.75,10.25,16.5,4.75,17.0,23.75,20.75,14.75,25.5,47.25,,,,,,,,,,,,,,,,,
146,,,,,,,,,,,,,,,,,,,26.0,48.25,37.25,53.25,43.0,58.5,68.0,23.75,41.0,33.75,35.75,35.0,48.0,34.75,40.25,43.75,29.25,32.0,34.5,17.0,16.75,24.5,33.0,44.5,42.75,65.25,91.5,78.0,64.75,10.75,22.25,20.75,12.25,14.25,22.0,5.5,8.5,10.0,29.5,11.75,24.25,29.25,17.5,32.5,32.0,0.0,16.25,19.0,26.25,42.75,54.0,,,,,,,,,,,,,,,,,
147,,,,,,,,,,,,,,,,,,,20.0,50.25,30.75,59.5,41.75,47.0,31.25,42.75,24.5,25.25,19.25,27.5,31.25,41.75,14.75,41.25,23.5,27.0,35.0,17.75,16.25,18.25,29.75,53.0,42.0,55.5,51.0,79.25,54.0,9.25,25.0,20.75,17.0,7.0,17.5,3.0,9.75,8.5,16.75,7.75,15.75,12.75,10.0,22.25,22.75,0.0,13.5,16.0,24.5,53.0,41.5,,,,,,,,,,,,,,,,,
148,,,,,,,,,,,,,,,,,,,22.0,78.5,31.25,40.5,47.75,25.0,56.25,22.75,35.75,28.0,29.0,42.75,26.75,23.25,26.75,31.25,13.0,32.25,26.75,18.25,25.25,0.0,38.0,42.75,63.0,80.75,45.25,45.25,56.75,27.25,23.25,7.25,12.25,6.5,13.5,4.75,0.0,14.75,44.75,5.25,0.0,22.5,24.5,10.0,8.0,11.25,22.0,8.25,18.0,16.25,40.25,,,,,,,,,,,,,,,,,
149,,,,,,,,,,,,,,,,,,,27.0,40.75,34.25,50.25,41.25,41.0,41.0,51.25,44.25,51.75,21.25,30.75,25.25,24.25,11.0,26.75,18.0,19.25,23.75,16.75,14.25,7.5,17.5,47.5,16.25,59.5,68.25,92.5,55.0,10.75,16.25,16.25,12.5,8.5,15.5,2.0,11.0,12.75,17.5,13.75,22.5,18.75,11.75,21.0,25.0,0.0,21.25,21.0,17.5,27.25,50.0,,,,,,,,,,,,,,,,,
150,,,,,,,,,,,,,,,,,,,20.25,52.75,54.25,46.0,61.75,57.75,54.5,17.5,30.75,50.5,26.75,36.25,32.25,35.75,34.5,59.25,21.25,55.75,28.0,11.0,32.25,25.25,51.75,45.5,78.0,56.0,74.75,76.25,30.5,14.25,32.5,18.75,24.25,18.5,15.25,2.5,11.5,7.25,21.75,9.5,17.75,37.25,8.5,33.5,36.5,0.0,31.25,6.5,20.75,65.0,39.75,,,,,,,,,,,,,,,,,
151,,,,,,,,,,,,,,,,,,,,49.25,38.25,53.75,31.25,45.5,37.75,64.5,47.25,32.0,32.5,32.25,50.0,56.0,14.0,42.25,26.5,19.25,33.0,20.5,18.25,28.5,11.5,52.75,9.25,62.0,64.5,86.5,36.5,10.0,16.5,5.75,11.5,8.75,12.25,0.0,6.25,29.25,14.75,14.75,38.0,19.25,20.75,34.25,27.25,3.5,12.75,41.75,41.0,27.25,47.75,74.75,,,,,,,,,,,,,,,,
152,,,,,,,,,,,,,,,,,,,,88.5,27.0,56.5,61.5,17.5,28.5,33.25,54.0,35.0,19.25,31.25,17.0,22.25,24.0,26.0,23.5,26.25,13.0,23.25,17.75,0.0,28.75,24.25,69.0,85.5,49.25,55.5,52.5,54.5,37.25,2.5,12.5,2.25,12.5,10.25,4.5,18.75,25.5,12.75,0.0,28.0,16.5,7.5,10.75,15.25,24.0,26.5,11.25,16.5,47.5,53.75,,,,,,,,,,,,,,,,
153,,,,,,,,,,,,,,,,,,,,76.75,28.75,57.5,57.5,19.0,29.5,32.5,54.5,30.0,22.75,39.0,12.25,24.0,18.5,25.75,25.25,28.25,10.25,17.75,14.75,0.0,25.0,32.0,90.5,80.25,45.0,36.75,42.5,56.0,31.75,0.0,14.5,2.0,14.25,8.0,4.5,13.75,25.25,12.75,0.0,31.5,18.25,5.0,5.75,15.0,21.0,28.25,10.75,10.75,46.75,44.5,,,,,,,,,,,,,,,,
154,,,,,,,,,,,,,,,,,,,,38.0,29.75,35.75,37.0,41.0,39.0,45.5,47.5,34.5,20.25,34.5,30.5,51.5,15.0,29.5,32.25,17.5,32.5,24.25,26.75,20.0,16.5,41.75,0.0,52.25,64.5,86.5,43.25,20.5,24.75,5.5,9.25,3.25,15.0,0.0,6.75,16.0,5.5,22.25,28.0,13.5,24.5,10.25,27.5,0.0,11.25,18.0,45.25,30.25,54.75,66.0,,,,,,,,,,,,,,,,
155,,,,,,,,,,,,,,,,,,,,69.75,50.0,32.25,48.25,17.75,44.5,29.5,48.0,21.0,15.5,29.0,19.5,12.5,30.5,29.0,27.0,22.75,17.25,19.75,18.0,0.0,31.25,45.5,53.25,66.25,57.25,48.75,63.5,44.5,28.0,14.75,16.5,4.0,9.5,9.5,6.5,16.5,35.25,5.0,0.0,15.0,16.75,8.5,2.75,12.5,12.25,11.75,7.25,19.75,36.25,30.75,,,,,,,,,,,,,,,,
156,,,,,,,,,,,,,,,,,,,,50.0,47.0,56.0,54.0,37.5,48.75,35.5,41.75,36.25,22.0,32.0,38.5,33.0,20.0,41.5,42.25,20.5,20.75,15.0,18.25,24.25,15.25,48.5,26.25,58.0,50.0,93.75,37.25,14.5,9.0,11.25,8.0,12.0,11.25,2.25,2.0,10.5,13.5,12.25,23.75,22.5,7.5,22.75,20.25,0.0,16.75,19.25,38.75,33.0,67.0,57.0,,,,,,,,,,,,,,,,
157,,,,,,,,,,,,,,,,,,,,64.5,24.0,43.75,51.0,16.5,37.0,28.5,50.5,33.75,22.0,28.5,22.75,20.5,28.25,21.25,19.75,22.5,11.5,26.0,14.0,0.0,23.5,38.75,40.0,66.75,35.5,34.0,51.25,40.5,19.25,4.5,14.75,4.25,13.0,4.25,0.0,13.25,21.0,6.75,0.0,28.25,22.25,10.75,7.25,23.0,14.0,16.0,6.75,10.25,27.0,43.25,,,,,,,,,,,,,,,,
158,,,,,,,,,,,,,,,,,,,,,44.0,71.75,39.25,30.75,41.25,15.5,28.25,33.0,18.0,31.25,34.25,32.75,24.0,37.75,16.0,17.5,35.25,0.0,19.75,29.0,42.75,18.25,33.75,52.25,48.0,97.25,52.75,10.75,32.5,21.25,19.5,9.5,14.75,2.0,9.0,7.0,20.0,9.0,16.5,30.25,16.0,20.0,24.5,0.0,16.0,17.0,15.25,44.25,26.5,40.25,51.75,,,,,,,,,,,,,,,
159,,,,,,,,,,,,,,,,,,,,,,58.25,64.5,48.75,64.75,17.0,35.5,44.75,15.75,41.25,50.75,44.5,20.5,34.5,39.0,44.75,31.5,15.75,26.75,18.5,28.0,39.25,56.25,69.0,34.0,49.25,54.25,16.25,48.75,25.5,27.25,11.25,13.75,2.25,8.25,14.0,35.75,10.75,13.0,37.25,11.25,20.75,17.0,0.0,18.25,9.0,17.0,34.5,40.5,60.25,42.5,30.5,,,,,,,,,,,,,,
160,,,,,,,,,,,,,,,,,,,,,,65.5,41.75,49.25,59.75,11.75,43.25,37.0,26.5,36.0,46.25,22.75,31.25,36.25,21.25,62.5,31.25,15.25,25.5,37.5,75.75,38.5,48.5,71.25,63.75,70.25,63.25,13.0,23.5,22.5,18.25,9.0,12.75,7.0,15.75,9.5,34.5,8.5,15.0,33.25,21.75,26.75,23.0,0.0,9.75,38.25,20.75,62.5,30.5,70.25,69.0,58.0,,,,,,,,,,,,,,
161,,,,,,,,,,,,,,,,,,,,,,64.0,49.25,59.25,79.25,9.25,59.75,39.75,23.25,31.75,46.5,27.0,46.0,47.25,37.25,45.75,30.25,17.75,20.75,25.0,57.0,30.75,55.0,70.25,73.0,63.0,55.5,3.25,29.25,17.75,28.75,21.25,6.25,9.25,8.75,13.25,19.75,5.5,31.0,31.25,21.5,41.0,16.5,0.0,23.5,19.5,32.0,65.75,26.0,55.75,54.75,42.75,,,,,,,,,,,,,,
162,,,,,,,,,,,,,,,,,,,,,,66.75,52.5,37.0,35.25,50.25,46.0,34.5,38.5,42.25,16.0,25.0,40.75,33.0,46.75,32.25,20.5,13.0,12.25,0.0,22.5,47.5,73.75,83.5,25.75,62.25,49.0,46.25,24.25,8.25,14.5,5.75,14.0,11.0,2.75,14.75,23.0,19.75,0.0,31.25,30.25,8.75,16.0,26.75,12.0,26.5,12.25,22.25,35.75,37.0,44.75,60.75,,,,,,,,,,,,,,
163,,,,,,,,,,,,,,,,,,,,,,60.0,33.0,34.5,28.5,33.5,29.5,47.0,21.5,42.75,34.25,31.25,10.5,47.5,27.0,13.5,34.0,11.75,17.75,16.25,21.75,23.75,20.75,48.0,52.75,84.25,54.5,11.25,4.75,0.0,10.75,0.0,15.25,0.0,3.0,21.5,3.25,10.0,26.75,18.5,15.0,30.75,21.25,8.5,13.0,21.5,23.75,18.75,56.0,71.25,51.0,74.25,12.5,,,,,,,,,,,,,
164,,,,,,,,,,,,,,,,,,,,,,,68.75,26.0,46.5,53.75,40.0,31.25,27.5,33.25,36.5,17.0,36.25,28.25,32.0,29.25,15.5,26.5,28.25,0.0,42.75,48.5,79.0,69.0,69.25,47.5,45.0,69.75,28.75,15.25,23.0,5.75,15.0,11.0,2.75,18.75,41.75,18.0,0.0,29.5,23.25,6.0,12.5,17.5,12.75,46.25,19.0,23.0,52.5,46.75,56.75,62.25,32.25,,,,,,,,,,,,,
165,,,,,,,,,,,,,,,,,,,,,,,45.5,36.5,30.0,35.25,26.0,37.5,16.5,24.5,23.75,22.5,15.0,46.25,25.25,17.25,30.75,16.75,18.5,2.5,8.5,31.75,6.75,52.25,58.25,91.5,40.25,10.5,13.0,6.0,10.25,0.0,12.0,4.5,0.0,16.75,13.5,4.25,28.75,14.75,14.75,22.5,12.5,4.25,11.5,21.25,33.75,12.0,49.25,60.75,46.75,27.5,9.0,,,,,,,,,,,,,
166,,,,,,,,,,,,,,,,,,,,,,,44.0,21.75,45.5,37.25,43.0,25.5,32.75,48.0,17.25,6.0,35.75,18.75,32.25,33.0,15.75,22.5,12.5,0.0,28.75,35.0,72.5,72.25,56.0,74.75,45.25,43.25,19.0,11.75,10.5,11.0,12.0,10.0,5.5,15.0,40.75,15.0,0.0,24.25,37.75,9.5,12.5,22.0,19.75,20.0,12.75,25.25,32.25,37.5,52.25,65.5,61.5,36.75,,,,,,,,,,,,
167,,,,,,,,,,,,,,,,,,,,,,,,19.0,38.25,51.5,48.5,24.5,30.25,39.75,23.25,16.5,29.75,21.0,34.5,25.0,16.25,18.0,9.0,0.0,36.5,41.0,90.5,59.0,42.75,59.5,42.25,42.75,24.25,8.0,7.5,5.75,6.5,12.25,3.0,22.25,53.0,13.75,0.0,25.5,25.0,9.0,9.75,15.75,16.5,42.5,5.5,25.5,38.5,55.25,44.25,64.5,45.0,33.25,,,,,,,,,,,,
168,,,,,,,,,,,,,,,,,,,,,,,,44.5,56.5,10.75,25.5,35.25,25.0,22.25,40.75,41.75,31.5,39.25,13.0,44.0,31.5,12.25,25.75,16.5,44.75,18.25,47.5,50.0,95.75,57.75,34.0,6.75,29.0,17.0,31.5,15.25,10.75,5.75,11.0,5.75,15.0,19.5,19.75,20.75,6.25,24.75,15.0,0.0,5.25,14.25,9.75,32.25,38.75,31.75,41.5,41.0,41.75,21.0,,,,,,,,,,,,
169,,,,,,,,,,,,,,,,,,,,,,,,48.75,41.25,15.25,28.5,36.25,23.25,42.0,32.25,24.0,33.25,29.5,17.25,23.25,37.75,11.75,18.5,38.75,56.5,20.75,66.25,66.5,67.75,86.0,83.75,15.75,35.25,18.5,16.0,30.0,16.0,2.75,10.5,8.75,34.0,16.25,21.25,29.0,13.25,26.25,9.25,0.0,20.0,11.5,24.25,30.5,38.25,46.75,56.75,41.75,30.25,11.5,,,,,,,,,,,,
170,,,,,,,,,,,,,,,,,,,,,,,,31.0,54.0,12.75,37.0,49.5,37.0,23.75,30.75,35.0,19.0,51.25,12.75,41.0,35.5,15.5,19.5,40.0,43.25,14.0,43.0,67.5,63.75,67.5,56.75,10.0,21.25,10.75,13.5,18.75,6.0,2.5,13.0,21.0,28.0,8.5,22.75,32.75,13.25,21.5,27.25,0.0,20.75,12.25,35.75,26.0,35.5,50.75,47.0,38.5,28.0,14.75,,,,,,,,,,,,
171,,,,,,,,,,,,,,,,,,,,,,,,32.5,29.75,42.75,41.0,33.0,29.0,37.0,20.5,18.0,32.5,21.25,25.5,33.75,17.0,17.0,13.25,0.0,27.0,40.75,67.0,82.25,38.75,69.5,66.75,74.25,19.75,2.5,14.75,5.25,10.0,7.0,0.0,17.25,20.5,7.5,0.0,20.5,16.25,7.75,10.75,13.0,29.5,38.0,4.0,13.0,30.0,40.0,45.5,48.25,41.25,34.75,16.75,,,,,,,,,,,
172,,,,,,,,,,,,,,,,,,,,,,,,,37.75,33.25,35.5,27.25,22.25,37.25,37.25,27.5,10.0,45.5,26.5,26.0,24.75,20.0,34.0,22.5,15.75,28.25,14.25,33.0,32.5,78.5,61.75,14.0,16.25,11.0,11.0,5.25,14.25,9.25,8.75,13.75,20.25,14.5,35.0,19.0,0.0,25.5,18.75,3.25,16.0,25.25,22.0,36.75,66.75,52.5,63.25,58.0,15.25,45.25,22.75,,,,,,,,,,,
173,,,,,,,,,,,,,,,,,,,,,,,,,29.5,46.75,41.0,35.5,25.5,25.75,24.75,22.75,33.25,25.0,17.5,40.25,29.5,14.25,2.5,0.0,16.5,40.25,44.5,53.75,41.25,46.25,49.75,50.25,24.0,12.25,16.25,8.0,12.0,7.0,8.0,16.5,34.25,8.0,0.0,26.25,20.5,10.5,5.0,16.5,14.0,21.5,11.5,13.5,20.5,39.5,57.5,60.0,44.75,26.0,16.5,,,,,,,,,,,
174,,,,,,,,,,,,,,,,,,,,,,,,,66.75,37.75,28.5,48.0,27.25,46.5,58.5,54.25,31.75,35.0,28.75,43.5,45.75,22.5,33.25,30.75,56.0,40.25,55.75,44.75,67.5,89.0,62.5,23.25,24.0,25.5,23.5,3.0,13.5,3.25,11.5,17.75,31.0,23.0,26.0,27.25,19.5,27.5,25.0,4.0,13.25,20.0,15.0,36.5,43.0,72.0,71.75,65.5,24.5,36.25,18.5,,,,,,,,,,,
175,,,,,,,,,,,,,,,,,,,,,,,,,49.0,18.5,21.25,57.75,18.75,30.0,40.0,19.75,33.5,32.0,18.75,42.5,38.5,14.25,14.0,27.75,59.75,9.5,37.5,49.5,70.75,82.0,51.5,12.25,34.75,22.75,23.0,20.25,4.75,5.25,7.25,5.75,21.75,13.25,18.25,32.0,18.0,4.5,16.0,0.0,16.25,18.5,11.0,25.75,14.0,38.25,14.75,45.25,7.75,22.25,16.75,,,,,,,,,,,
176,,,,,,,,,,,,,,,,,,,,,,,,,46.75,13.5,39.0,48.25,25.25,33.0,25.75,38.75,38.75,53.0,31.5,46.0,34.5,12.75,25.75,18.0,44.25,25.5,49.5,46.0,91.75,84.75,62.25,3.5,25.0,12.0,25.75,14.0,3.0,5.5,5.0,11.5,28.25,8.25,22.25,39.75,8.25,21.0,23.5,0.0,9.5,17.75,23.25,44.25,34.0,55.25,63.5,44.5,31.75,12.0,13.0,,,,,,,,,,,
177,,,,,,,,,,,,,,,,,,,,,,,,,59.25,16.5,23.25,44.0,29.0,32.5,37.5,26.75,41.5,34.0,17.5,41.75,23.75,17.25,22.25,11.5,40.25,16.75,39.5,54.0,73.5,86.5,40.25,3.0,19.25,11.25,28.25,17.25,5.25,2.5,18.75,9.0,29.75,15.25,15.0,40.75,8.0,28.0,23.75,0.0,14.75,21.25,2.75,23.0,39.75,43.75,39.5,59.25,30.75,28.5,13.25,,,,,,,,,,,
178,,,,,,,,,,,,,,,,,,,,,,,,,27.5,50.5,31.0,25.0,23.25,41.5,22.0,17.75,33.25,22.25,32.5,35.5,32.0,19.5,9.0,0.0,26.75,37.75,43.0,88.25,46.5,74.0,59.75,43.25,38.0,8.5,18.75,0.0,19.5,5.5,0.0,22.25,23.5,15.75,0.0,29.0,18.25,11.25,11.75,14.5,17.75,25.75,6.5,8.75,40.0,66.75,40.0,41.75,25.0,32.25,18.5,15.5,,,,,,,,,,
179,,,,,,,,,,,,,,,,,,,,,,,,,47.0,8.0,25.5,48.0,27.5,50.5,48.75,42.0,30.25,41.0,16.75,29.75,20.0,15.0,27.75,26.0,56.0,13.5,66.75,56.75,45.0,74.25,67.25,6.5,24.0,19.0,25.0,20.5,10.75,2.5,2.75,11.25,26.0,21.5,19.5,36.25,20.75,38.25,14.0,0.0,19.25,17.0,21.5,36.0,24.25,45.75,43.75,27.0,24.25,28.25,20.75,23.75,,,,,,,,,,
180,,,,,,,,,,,,,,,,,,,,,,,,,,52.75,26.75,31.75,18.25,38.5,20.0,5.5,20.75,18.25,19.0,30.5,8.5,16.5,11.25,0.0,35.25,46.25,43.25,88.75,58.25,60.5,57.5,43.5,15.5,5.0,20.0,9.75,15.75,2.75,0.0,15.75,31.0,14.5,0.0,14.5,17.25,5.0,5.75,22.25,17.5,14.25,14.5,13.75,41.5,29.25,40.75,52.0,39.5,21.75,11.25,19.25,,,,,,,,,,
181,,,,,,,,,,,,,,,,,,,,,,,,,,32.5,53.0,26.5,24.0,31.75,21.5,20.0,26.5,23.0,24.75,25.0,19.5,14.25,21.25,0.0,34.5,22.5,47.75,76.75,48.25,48.75,61.0,44.75,27.25,10.5,13.0,2.0,14.0,7.5,0.0,13.75,25.25,9.25,0.0,14.0,24.25,10.0,6.5,17.0,14.25,15.25,10.5,10.75,32.5,33.25,45.5,29.75,40.75,24.25,16.25,20.0,,,,,,,,,,
182,,,,,,,,,,,,,,,,,,,,,,,,,,,34.25,66.75,40.75,37.25,29.0,43.0,23.5,14.25,20.25,26.0,23.75,12.25,12.0,31.0,49.75,20.0,54.5,52.25,43.5,91.5,59.5,8.25,22.75,15.25,36.25,23.5,16.25,0.0,5.25,13.75,16.25,22.25,13.0,38.75,21.25,19.75,27.75,0.0,13.25,14.0,14.25,35.75,15.0,50.75,41.0,36.75,28.25,29.25,23.25,11.0,16.75,,,,,,,,,
183,,,,,,,,,,,,,,,,,,,,,,,,,,,45.25,45.5,46.25,48.75,21.0,16.5,27.0,32.0,34.5,39.25,23.0,13.5,24.5,0.0,11.75,54.75,82.5,93.0,33.0,68.25,55.0,54.0,32.75,6.5,11.75,3.5,25.0,11.75,8.5,25.75,25.25,17.75,0.0,14.25,14.25,16.25,13.25,29.5,24.75,25.25,6.25,17.5,35.25,53.25,60.5,53.75,35.0,38.5,17.0,21.0,32.5,,,,,,,,,
184,,,,,,,,,,,,,,,,,,,,,,,,,,,47.5,52.0,29.5,30.25,28.75,28.25,22.5,35.75,24.75,43.5,43.25,25.75,29.0,13.0,36.75,32.0,48.0,49.0,62.0,81.75,68.5,16.25,27.5,22.5,22.75,20.25,8.75,5.75,21.5,12.0,24.75,11.5,20.0,32.25,12.0,41.25,24.5,0.0,17.75,12.0,16.25,32.0,36.25,58.75,62.25,41.25,35.25,28.0,15.5,21.75,12.5,,,,,,,,,
185,,,,,,,,,,,,,,,,,,,,,,,,,,,41.5,37.5,15.75,33.25,39.0,27.5,16.5,39.75,20.5,40.75,17.5,5.0,20.0,14.25,43.0,22.25,36.0,53.5,73.75,70.25,33.75,9.0,23.25,18.5,25.75,14.5,12.25,0.0,13.75,10.75,24.0,13.75,23.75,34.75,6.25,26.5,12.0,0.0,14.75,2.0,23.75,37.25,25.75,35.25,40.25,49.0,25.0,17.5,5.25,7.25,15.0,,,,,,,,,
186,,,,,,,,,,,,,,,,,,,,,,,,,,,,46.5,34.75,45.5,59.25,47.25,30.25,39.25,27.75,50.25,33.75,19.0,30.25,28.25,34.25,20.25,53.0,76.25,65.75,50.5,64.5,11.5,25.0,37.25,33.25,23.25,13.0,6.5,12.75,10.5,39.0,19.5,30.5,51.5,9.25,31.75,21.5,0.0,17.75,7.0,34.5,40.5,27.75,69.0,45.0,35.75,45.0,21.75,18.0,25.75,14.0,18.75,,,,,,,,
187,,,,,,,,,,,,,,,,,,,,,,,,,,,,32.0,22.5,48.5,11.25,25.0,34.75,27.25,25.25,23.75,21.0,16.0,16.25,0.0,32.25,36.0,62.25,65.25,42.5,52.0,56.0,38.25,21.5,7.25,19.75,5.25,15.0,3.5,0.0,17.0,43.0,9.5,0.0,27.5,9.25,3.75,7.5,19.5,16.5,23.25,12.0,16.75,44.0,33.5,26.75,61.25,56.75,31.75,22.0,18.25,38.0,0.0,,,,,,,,
188,,,,,,,,,,,,,,,,,,,,,,,,,,,,43.5,25.75,47.25,14.75,15.75,20.75,38.75,14.25,22.75,10.0,13.0,25.5,0.0,34.5,50.25,69.75,92.25,47.0,71.0,78.75,69.75,38.0,12.25,26.75,3.5,16.5,3.0,9.0,17.0,39.25,12.5,0.0,35.75,28.5,12.5,3.75,9.5,12.25,18.0,0.0,17.0,47.0,55.0,68.0,71.5,65.25,40.75,27.75,28.25,26.75,7.25,,,,,,,,
189,,,,,,,,,,,,,,,,,,,,,,,,,,,,41.5,31.75,44.0,58.75,35.0,29.75,38.5,12.0,27.0,34.25,20.25,12.5,26.25,61.0,22.25,48.25,78.25,59.75,57.25,37.0,3.75,24.25,14.0,32.75,15.0,5.75,3.25,2.75,3.0,18.0,9.5,14.75,35.75,25.75,23.5,29.0,0.0,14.0,11.75,17.25,45.75,26.0,49.75,53.0,43.25,39.0,16.5,19.5,12.75,14.25,18.75,,,,,,,,
190,,,,,,,,,,,,,,,,,,,,,,,,,,,,,26.0,39.5,7.75,18.25,31.5,19.0,24.25,22.5,26.0,30.0,28.5,0.0,38.5,41.75,63.75,96.0,71.5,58.5,68.75,53.0,31.75,3.0,15.25,5.5,11.25,9.0,0.0,16.0,17.0,11.75,0.0,23.0,16.0,15.0,2.0,32.0,15.0,16.25,10.0,18.75,22.5,45.5,53.75,26.25,40.25,18.75,23.75,27.0,22.25,16.0,8.25,,,,,,,
191,,,,,,,,,,,,,,,,,,,,,,,,,,,,,21.25,50.75,35.5,30.5,22.75,34.0,37.0,28.75,37.75,15.25,27.0,14.0,28.0,34.0,36.5,58.0,55.75,100.0,32.0,14.0,26.75,11.25,14.25,13.0,10.75,8.5,11.0,18.5,11.5,8.75,19.25,31.5,29.75,32.75,27.5,6.75,17.75,28.75,17.75,18.5,46.25,63.25,42.0,53.0,23.25,31.75,19.75,19.0,9.5,31.0,9.0,,,,,,,
192,,,,,,,,,,,,,,,,,,,,,,,,,,,,,14.5,36.5,37.75,28.75,22.75,30.0,32.25,8.0,21.5,20.0,23.0,11.25,10.5,35.75,14.75,42.25,33.5,96.25,62.25,19.0,22.75,8.25,20.0,3.25,8.5,2.5,4.5,20.5,10.25,8.5,35.5,22.5,15.75,37.0,21.5,2.5,8.5,16.25,30.25,26.0,39.5,63.75,64.75,47.75,22.25,42.25,11.75,24.75,5.5,45.5,17.0,,,,,,,
193,,,,,,,,,,,,,,,,,,,,,,,,,,,,,30.0,46.25,12.25,19.5,23.0,18.75,25.75,35.0,19.0,19.75,27.0,0.0,20.25,49.75,64.25,87.0,52.75,63.25,69.0,66.75,12.5,12.0,9.5,2.75,12.0,11.5,2.5,12.5,34.0,3.25,0.0,34.25,21.25,3.5,0.0,18.5,37.25,24.25,9.75,19.5,28.25,44.5,68.0,54.5,65.75,37.25,9.75,23.5,19.25,6.0,0.0,,,,,,,
194,,,,,,,,,,,,,,,,,,,,,,,,,,,,,38.0,48.5,12.25,16.0,26.25,22.0,31.75,31.25,25.5,16.0,23.5,0.0,27.5,41.5,72.25,89.75,48.5,66.5,60.75,59.5,6.0,8.75,15.25,5.5,11.75,11.25,2.5,15.5,41.0,3.25,0.0,39.25,20.75,6.75,3.0,15.0,33.5,27.25,12.5,19.25,31.25,50.5,49.75,50.75,58.0,40.0,19.25,26.5,25.5,9.25,6.75,,,,,,,
195,,,,,,,,,,,,,,,,,,,,,,,,,,,,,34.25,35.0,17.5,14.75,31.75,27.5,23.25,33.0,26.75,37.5,14.0,0.0,27.5,34.5,78.25,84.5,64.0,61.75,63.5,59.5,23.75,12.75,11.5,5.5,8.5,13.25,2.75,12.5,28.25,12.25,0.0,21.25,22.0,8.5,6.5,27.75,22.75,9.5,29.0,23.0,36.75,49.25,43.5,47.75,38.25,29.0,33.0,27.25,32.5,2.5,9.5,,,,,,,
196,,,,,,,,,,,,,,,,,,,,,,,,,,,,,,31.25,15.5,19.75,14.25,30.75,34.75,29.5,14.0,29.75,24.5,0.0,34.0,37.75,63.75,95.25,63.0,71.25,38.25,33.75,26.25,13.75,8.25,5.25,13.75,5.5,5.0,20.5,19.75,7.75,0.0,28.5,21.5,14.75,8.75,20.0,36.75,26.0,15.0,11.75,40.5,30.75,54.25,55.25,40.75,25.25,21.0,11.25,31.25,12.0,8.75,0.0,,,,,,
197,,,,,,,,,,,,,,,,,,,,,,,,,,,,,,44.5,37.75,30.25,41.75,33.25,26.5,32.5,30.5,12.5,37.5,12.5,39.0,24.75,15.0,24.5,78.0,77.25,52.0,3.25,25.75,20.0,18.5,19.75,10.5,2.75,13.0,3.25,28.5,17.0,13.5,43.0,21.75,15.0,14.75,0.0,20.75,17.5,12.75,25.25,12.75,58.25,75.5,38.75,25.25,6.0,12.75,14.75,12.25,16.0,6.25,6.5,,,,,,
198,,,,,,,,,,,,,,,,,,,,,,,,,,,,,,31.0,18.25,11.75,26.5,29.25,41.0,33.25,22.5,36.0,30.5,0.0,34.0,70.5,75.0,66.25,54.5,61.75,32.5,35.25,25.0,11.75,8.25,2.5,17.0,8.25,4.75,11.5,27.75,15.75,0.0,37.25,18.25,5.5,6.25,27.75,23.0,29.5,8.25,12.0,33.5,50.0,47.25,42.5,39.25,28.75,19.75,24.0,32.5,12.0,6.25,0.0,,,,,,
199,,,,,,,,,,,,,,,,,,,,,,,,,,,,,,,44.25,41.5,6.5,26.5,18.0,14.75,19.5,18.0,16.25,22.25,14.25,44.25,25.0,54.0,59.0,79.75,55.5,5.75,8.0,0.0,11.5,2.75,2.5,8.25,8.25,26.0,15.0,15.5,21.75,12.75,19.5,25.75,27.25,2.75,11.0,17.0,23.75,23.75,75.0,71.25,57.75,53.25,17.75,43.5,28.0,21.0,17.5,39.25,12.5,3.0,,,,,,
200,,,,,,,,,,,,,,,,,,,,,,,,,,,,,,25.25,20.75,17.75,17.75,20.5,19.5,34.0,11.5,20.25,23.25,0.0,20.0,26.5,66.0,85.75,41.0,56.25,53.25,54.0,22.5,2.5,20.0,2.5,15.5,2.5,7.5,13.75,10.0,16.0,0.0,17.5,26.25,11.5,5.5,20.0,30.25,16.5,17.5,18.25,39.75,50.5,30.5,57.25,44.75,25.5,23.25,20.75,22.5,9.0,8.75,0.0,,,,,,
201,,,,,,,,,,,,,,,,,,,,,,,,,,,,,,,30.5,18.5,19.25,25.75,32.75,24.75,19.5,12.0,21.5,0.0,32.0,36.0,79.25,70.5,56.5,64.0,49.0,33.0,27.25,2.75,10.75,8.25,11.25,5.25,3.0,21.5,34.5,2.75,0.0,26.25,19.25,14.75,12.25,21.75,28.5,25.25,6.5,18.75,43.0,71.5,45.75,38.5,41.5,46.5,13.0,15.25,37.5,9.5,6.25,0.0,7.0,,,,,
202,,,,,,,,,,,,,,,,,,,,,,,,,,,,,,,20.5,19.25,23.25,21.75,34.0,28.75,18.75,32.5,23.0,0.0,25.75,40.0,71.0,58.25,57.0,61.25,55.75,50.0,24.75,12.0,14.5,0.0,14.75,8.5,2.75,18.75,29.5,5.75,0.0,28.25,31.5,15.5,15.75,31.5,33.75,28.0,9.5,19.75,50.25,47.5,74.25,22.25,51.25,27.5,22.0,16.75,25.25,9.75,3.25,0.0,0.0,,,,,
203,,,,,,,,,,,,,,,,,,,,,,,,,,,,,,,22.0,24.75,29.25,19.5,36.25,19.75,35.5,18.75,27.0,0.0,23.25,33.0,59.5,100.0,46.5,52.5,56.5,64.25,15.25,6.5,11.75,2.0,9.5,5.5,3.25,22.5,15.5,18.75,0.0,33.0,33.25,13.0,9.75,20.75,27.5,15.75,10.75,16.75,41.75,46.75,46.5,35.5,36.0,24.5,24.0,20.0,17.5,9.5,6.25,0.0,10.0,,,,,
204,,,,,,,,,,,,,,,,,,,,,,,,,,,,,,,24.75,29.0,27.25,48.0,27.25,47.0,52.0,17.75,17.5,26.75,53.25,29.25,25.5,62.25,52.75,79.75,51.75,7.0,17.25,16.5,37.75,19.0,9.25,3.25,9.5,12.5,26.5,6.5,21.75,39.25,12.25,34.5,30.0,0.0,16.75,7.25,12.25,40.0,24.25,53.0,39.5,65.0,24.0,10.75,16.75,14.75,13.5,23.75,22.0,14.25,0.0,,,,,
205,,,,,,,,,,,,,,,,,,,,,,,,,,,,,,,39.75,20.75,36.25,46.0,24.0,25.5,41.5,15.0,31.0,13.0,31.5,19.5,31.0,71.0,81.25,81.25,54.5,5.75,23.25,19.25,16.75,15.5,13.25,2.75,5.0,2.75,14.0,24.75,32.25,33.5,13.25,26.25,20.0,0.0,19.25,13.75,15.75,33.0,13.0,47.25,47.0,38.5,38.75,19.5,20.25,18.25,12.0,27.5,9.5,0.0,0.0,,,,,
206,,,,,,,,,,,,,,,,,,,,,,,,,,,,,,,27.75,31.0,21.75,43.0,24.0,17.0,30.5,10.5,29.25,11.25,5.5,46.0,19.5,48.25,42.75,100.0,51.75,9.75,15.25,6.75,11.75,1.5,2.5,0.0,3.75,17.5,20.0,10.25,34.75,13.75,12.0,24.25,16.25,5.5,10.75,4.75,21.5,19.75,55.75,34.75,42.5,34.75,11.25,44.25,12.0,23.0,13.5,44.0,12.0,4.75,16.0,,,,,
207,,,,,,,,,,,,,,,,,,,,,,,,,,,,,,,40.25,23.75,44.0,38.0,17.75,27.0,36.0,9.25,17.25,25.0,34.5,11.75,47.0,48.0,62.5,84.0,53.25,0.0,15.75,22.25,24.5,19.0,10.5,4.5,2.0,10.25,15.75,4.75,32.5,31.25,13.0,31.75,18.25,0.0,23.75,8.75,18.75,42.0,26.5,55.0,61.5,44.75,28.5,25.5,19.0,11.5,13.5,18.25,12.5,7.25,0.0,,,,,
208,,,,,,,,,,,,,,,,,,,,,,,,,,,,,,,,,8.25,24.0,22.75,21.75,16.5,20.0,19.25,0.0,26.5,42.5,62.5,67.0,40.5,43.25,49.0,38.0,19.5,14.0,14.5,0.0,6.25,9.0,1.0,11.5,27.0,7.0,0.0,23.25,26.75,13.75,5.25,17.75,25.75,30.0,16.5,18.75,28.75,40.25,40.75,32.75,30.25,30.25,3.25,9.75,19.75,8.75,12.25,0.0,7.5,2.5,0.0,,,
209,,,,,,,,,,,,,,,,,,,,,,,,,,,,,,,,,12.0,41.75,33.25,8.0,42.5,17.5,21.0,15.75,20.25,19.75,11.0,34.0,59.0,98.5,62.75,6.0,14.0,7.75,13.25,2.75,8.0,0.0,4.75,22.5,6.25,13.25,31.25,10.5,15.5,25.5,11.0,3.0,13.25,17.0,14.25,32.25,45.25,87.0,59.75,64.5,11.75,38.0,14.5,17.5,6.0,43.5,5.5,0.0,12.75,0.0,0.0,,,
210,,,,,,,,,,,,,,,,,,,,,,,,,,,,,,,,,34.25,39.75,26.75,39.75,36.75,20.5,21.25,39.75,37.5,18.5,35.25,66.25,62.0,72.0,56.5,10.25,32.5,12.0,30.75,9.5,18.75,3.25,8.5,12.75,46.25,15.0,25.25,32.25,17.5,26.75,19.5,0.0,12.5,13.0,30.75,24.5,14.25,58.0,67.25,42.0,27.25,25.0,17.0,34.25,26.25,16.0,3.75,0.0,0.0,0.0,0.0,,,
211,,,,,,,,,,,,,,,,,,,,,,,,,,,,,,,,,19.5,34.5,25.75,11.25,37.5,15.25,18.75,20.25,25.25,24.25,11.75,31.5,64.75,92.0,58.25,6.5,17.25,16.75,17.25,2.75,8.5,0.0,2.75,19.75,13.75,16.75,27.0,19.25,11.0,29.5,17.5,3.0,13.75,20.25,18.75,30.5,37.25,80.75,49.75,55.0,18.5,33.25,12.25,18.5,12.5,41.5,2.75,0.0,9.5,0.0,0.0,,,
212,,,,,,,,,,,,,,,,,,,,,,,,,,,,,,,,,22.75,32.25,23.0,34.75,38.0,12.75,19.5,42.5,42.0,22.0,39.0,72.75,71.25,81.0,53.25,10.0,26.0,8.25,30.0,19.5,9.25,5.75,5.25,9.75,34.5,9.0,18.0,28.75,17.25,29.0,19.25,0.0,22.75,15.5,33.5,26.5,31.5,81.0,53.75,44.0,25.75,15.0,26.5,20.25,19.75,16.5,3.0,7.25,0.0,4.25,0.0,,,
213,,,,,,,,,,,,,,,,,,,,,,,,,,,,,,,,,22.5,34.0,21.75,42.25,30.25,13.25,28.75,13.5,40.0,32.25,28.25,33.0,62.75,68.0,48.0,6.25,21.5,25.0,5.75,17.25,16.5,3.0,19.25,5.75,28.25,14.0,11.5,22.5,19.25,28.5,18.75,0.0,26.5,17.5,29.0,38.25,32.75,88.5,47.0,34.25,37.5,15.0,19.0,18.25,15.25,15.75,12.75,20.75,0.0,7.0,0.0,,,
214,,,,,,,,,,,,,,,,,,,,,,,,,,,,,,,,,,43.0,25.75,33.75,39.0,18.25,9.5,9.5,22.75,22.0,65.5,80.25,79.0,60.75,42.0,31.5,15.0,11.5,12.5,14.25,14.0,6.25,2.5,15.0,20.25,7.75,6.25,43.0,21.5,22.0,7.75,8.75,21.5,18.0,17.75,27.5,29.75,47.0,42.75,38.0,34.5,24.25,24.5,31.0,15.5,16.75,6.25,10.75,0.0,10.0,0.0,14.0,,
215,,,,,,,,,,,,,,,,,,,,,,,,,,,,,,,,,,44.5,30.25,47.25,33.5,15.25,24.25,24.75,54.25,21.5,45.25,40.0,68.0,78.25,74.0,12.75,29.0,25.25,37.5,31.75,13.0,3.0,17.25,14.75,40.0,20.0,14.0,37.75,13.75,15.0,22.0,0.0,21.75,13.75,19.25,38.75,24.5,49.25,62.75,29.5,40.25,23.5,33.5,30.5,18.25,15.75,4.25,0.0,0.0,8.75,0.0,0.0,,
216,,,,,,,,,,,,,,,,,,,,,,,,,,,,,,,,,,33.25,44.75,20.5,29.25,31.75,25.0,0.0,20.0,42.0,46.0,83.75,49.25,54.0,46.5,39.75,16.25,12.25,6.25,6.25,15.75,9.0,7.5,22.25,24.75,14.5,0.0,22.75,18.5,9.75,2.75,16.25,23.25,19.5,19.0,24.25,47.0,53.75,51.25,42.5,52.5,20.75,14.25,22.0,23.0,11.75,10.5,0.0,0.0,12.75,0.0,15.5,,
217,,,,,,,,,,,,,,,,,,,,,,,,,,,,,,,,,,52.25,26.75,21.25,40.0,19.5,22.75,17.0,7.25,34.75,11.5,53.0,65.5,73.25,59.5,19.5,14.75,3.25,5.5,5.0,11.25,5.0,10.75,29.75,18.0,8.25,22.75,17.0,16.5,33.5,11.75,3.5,17.75,20.0,25.75,21.75,72.0,72.75,74.75,41.25,15.75,50.0,12.25,28.5,12.25,53.0,15.0,6.0,0.0,0.0,11.25,4.0,,
218,,,,,,,,,,,,,,,,,,,,,,,,,,,,,,,,,,22.25,25.0,36.25,27.5,24.5,18.25,12.25,51.25,47.75,58.75,64.0,52.5,53.5,75.0,42.0,16.5,10.0,33.0,9.5,8.25,14.25,5.25,18.25,28.25,11.25,7.0,37.75,16.0,9.75,7.5,15.25,19.75,22.75,23.0,21.25,42.25,49.25,34.75,55.0,41.75,38.5,22.5,19.5,31.25,6.0,7.25,8.75,3.5,17.75,7.5,7.5,,
219,,,,,,,,,,,,,,,,,,,,,,,,,,,,,,,,,,36.5,33.0,44.25,24.0,32.0,11.75,11.75,39.5,50.75,46.5,77.5,84.75,58.0,62.75,46.0,16.5,17.75,23.5,3.0,29.75,8.75,5.25,24.0,30.5,21.75,4.75,21.0,28.25,13.5,6.75,19.5,13.0,34.25,16.5,27.75,34.0,56.5,50.0,52.75,55.0,37.75,29.5,10.5,22.25,6.0,10.75,6.0,0.0,20.5,8.75,12.75,8.25,
220,,,,,,,,,,,,,,,,,,,,,,,,,,,,,,,,,,51.0,37.75,15.75,30.25,19.75,26.5,14.25,18.5,41.5,41.75,67.25,56.0,60.25,58.0,24.0,22.25,2.5,22.75,3.25,15.0,8.5,2.5,18.75,19.5,15.5,6.75,15.0,16.75,25.75,20.5,10.5,12.25,29.75,25.0,35.0,62.5,68.0,58.25,43.5,18.75,32.5,22.0,34.25,5.5,40.75,10.75,0.0,17.0,0.0,8.75,7.5,3.25,
221,,,,,,,,,,,,,,,,,,,,,,,,,,,,,,,,,,,35.5,34.75,28.25,3.25,19.0,12.75,19.5,29.25,29.5,60.5,49.0,89.25,43.75,8.25,22.25,4.75,5.5,5.0,10.0,2.75,9.75,14.0,19.25,16.0,17.5,14.5,15.25,19.5,8.75,2.75,5.75,23.75,30.75,23.0,40.25,80.5,49.0,44.5,20.5,40.0,17.0,20.5,16.25,34.5,9.0,0.0,12.75,3.0,10.5,0.0,3.25,
222,,,,,,,,,,,,,,,,,,,,,,,,,,,,,,,,,,,37.5,44.0,30.25,23.5,23.5,12.75,38.75,47.5,58.0,93.5,38.75,63.25,64.25,37.5,21.5,11.75,21.75,10.75,9.75,3.5,0.0,21.5,36.5,7.75,8.0,47.25,22.25,0.0,3.75,19.5,17.5,18.5,28.25,35.75,63.5,46.5,62.5,55.75,31.75,47.5,20.5,23.75,30.5,21.25,11.75,0.0,7.5,9.5,7.75,18.5,10.25,
223,,,,,,,,,,,,,,,,,,,,,,,,,,,,,,,,,,,13.5,31.0,18.5,9.75,21.25,6.0,27.25,28.0,56.5,75.75,48.75,85.75,68.5,17.0,12.75,11.0,7.75,6.0,9.0,4.75,2.25,9.75,23.0,14.0,9.25,26.75,20.25,26.0,24.0,8.25,22.75,14.5,16.25,7.75,52.0,36.5,44.25,64.0,21.75,37.5,19.5,20.25,26.5,19.5,11.75,0.0,14.0,6.5,9.0,2.75,6.0,3.75
224,,,,,,,,,,,,,,,,,,,,,,,,,,,,,,,,,,,30.25,22.75,27.25,19.0,15.5,3.75,18.0,62.5,53.25,56.0,48.5,73.75,63.5,35.25,19.25,8.25,17.0,2.25,13.75,3.25,3.0,36.0,17.5,14.0,13.0,25.25,16.5,16.75,20.0,10.75,14.75,19.25,16.5,23.5,50.75,45.0,39.25,36.5,35.75,34.5,12.0,30.0,28.0,31.75,3.0,0.0,2.75,6.5,11.0,8.75,9.75,2.75
225,,,,,,,,,,,,,,,,,,,,,,,,,,,,,,,,,,,,13.5,29.75,30.25,30.5,8.75,18.75,41.75,58.5,67.5,59.25,87.25,40.75,23.0,4.5,5.5,8.5,3.25,18.0,2.75,6.75,9.25,24.5,10.25,8.75,23.0,11.5,19.75,11.25,7.5,15.0,19.25,27.75,15.0,52.25,40.25,53.25,43.75,16.75,25.0,15.75,20.5,11.0,19.75,11.75,4.0,19.75,0.0,3.5,6.25,6.5,2.75
226,,,,,,,,,,,,,,,,,,,,,,,,,,,,,,,,,,,,16.25,27.25,23.25,30.25,9.75,21.0,29.5,34.0,65.0,56.0,74.5,49.75,23.75,6.5,0.0,12.25,2.0,15.0,4.75,7.75,4.5,34.25,7.25,4.0,25.25,10.0,18.5,10.75,7.25,13.25,5.0,25.75,15.75,29.75,55.5,54.0,44.5,20.5,21.75,12.75,13.25,9.5,22.75,3.25,0.0,7.5,2.5,3.5,6.25,3.75,0.0
227,,,,,,,,,,,,,,,,,,,,,,,,,,,,,,,,,,,,31.75,36.0,21.0,14.75,11.75,32.25,33.25,20.0,36.75,54.0,88.5,52.0,7.5,21.0,14.25,24.75,8.5,8.0,4.0,6.25,18.5,7.5,15.75,25.5,16.25,18.75,23.25,30.5,2.5,8.25,7.0,23.75,25.5,62.5,73.0,57.25,51.75,9.5,29.75,11.75,11.0,7.25,29.0,9.25,0.0,3.0,5.0,2.25,7.25,5.25,15.5
228,,,,,,,,,,,,,,,,,,,,,,,,,,,,,,,,,,,,19.5,24.25,13.0,25.75,20.0,7.25,26.75,13.75,41.25,33.5,80.0,50.0,11.75,12.5,7.5,17.5,2.0,6.75,4.75,0.0,7.5,2.5,7.5,29.75,26.0,8.5,32.25,22.5,2.25,2.0,19.25,36.75,13.0,66.25,69.5,48.5,35.5,10.75,21.5,20.75,22.5,3.0,42.25,3.25,0.0,18.25,0.0,6.0,6.25,0.0,0.0
229,,,,,,,,,,,,,,,,,,,,,,,,,,,,,,,,,,,,27.75,27.75,23.0,23.25,18.5,22.75,29.75,34.25,50.75,40.0,74.5,47.5,7.5,12.25,2.25,11.0,9.25,5.5,0.0,10.0,21.0,22.75,9.75,24.0,13.75,18.0,16.0,15.25,3.75,19.75,16.25,21.5,18.25,60.5,55.5,52.5,37.75,12.5,34.0,11.25,24.25,10.75,34.5,12.25,9.5,8.75,0.0,4.5,3.5,0.0,2.75
230,,,,,,,,,,,,,,,,,,,,,,,,,,,,,,,,,,,,19.5,31.0,14.75,5.75,19.5,13.0,36.5,15.5,35.75,57.5,98.75,68.5,18.0,8.25,8.0,2.75,5.0,16.0,2.5,10.0,16.75,9.25,21.25,18.75,15.0,20.5,30.25,25.0,6.0,5.5,28.75,37.5,15.0,73.5,63.0,39.0,40.25,14.25,32.75,17.5,28.75,8.75,28.75,15.0,9.5,19.0,0.0,13.0,3.25,0.0,0.0
