,2020-03-01,2020-03-08,2020-03-15,2020-03-22,2020-03-29,2020-04-05,2020-04-12,2020-04-19,2020-04-26,2020-05-03,2020-05-10,2020-05-17,2020-05-24,2020-05-31,2020-06-07,2020-06-14,2020-06-21,2020-06-28,2020-07-05,2020-07-12,2020-07-19,2020-07-26,2020-08-02,2020-08-09,2020-08-16,2020-08-23,2020-08-30,2020-09-06,2020-09-13,2020-09-20,2020-09-27,2020-10-04,2020-10-11,2020-10-18,2020-10-25,2020-11-01,2020-11-08,2020-11-15,2020-11-22,2020-11-29,2020-12-06,2020-12-13,2020-12-20,2020-12-27,2021-01-03,2021-01-10,2021-01-17,2021-01-24,2021-01-31,2021-02-07,2021-02-14,2021-02-21,2021-02-28,2021-03-07,2021-03-14,2021-03-21,2021-03-28,2021-04-04,2021-04-11,2021-04-18,2021-04-25,2021-05-02,2021-05-09,2021-05-16,2021-05-23,2021-05-30,2021-06-06,2021-06-13,2021-06-20,2021-06-27,2021-07-04,2021-07-11,2021-07-18,2021-07-25,2021-08-01,2021-08-08,2021-08-15,2021-08-22,2021-08-29
0,2.0,5.0,9.5,35.5,1.75,10.0,32.5,30.25,27.75,2.25,6.75,15.5,13.0,19.0,8.75,2.0,25.25,38.0,64.75,49.75,32.75,80.5,84.25,49.5,61.25,55.75,46.25,70.5,30.75,50.0,37.0,21.0,25.25,27.25,8.75,13.75,30.75,24.0,10.0,24.0,27.25,3.0,27.0,33.25,48.75,17.5,22.75,26.75,16.75,11.75,6.5,,,,,,,,,,,,,,,,,,,,,,,,,,,,
1,2.75,10.5,16.0,11.75,2.25,26.0,32.75,27.0,30.75,1.5,14.5,9.5,14.75,44.75,0.0,29.25,34.0,25.25,52.75,100.0,43.25,64.75,82.0,45.75,67.75,42.25,34.5,48.5,33.25,39.5,59.25,39.0,16.5,11.5,0.0,21.0,18.25,27.25,16.25,23.0,8.5,24.5,32.75,22.75,51.75,54.75,23.25,30.0,22.25,6.0,5.5,,,,,,,,,,,,,,,,,,,,,,,,,,,,
2,2.5,3.25,19.5,35.0,4.75,19.5,34.75,43.25,35.25,1.5,13.75,20.0,16.25,21.0,9.5,2.75,30.0,37.0,67.75,54.5,49.0,85.25,70.0,66.0,49.0,54.25,48.5,78.25,49.5,43.25,36.0,22.0,30.25,26.5,15.5,10.0,25.75,25.5,23.25,37.25,17.5,14.75,15.0,32.0,44.5,17.75,16.75,21.5,25.0,13.0,10.5,,,,,,,,,,,,,,,,,,,,,,,,,,,,
3,5.25,5.75,8.0,29.0,12.5,14.25,45.5,23.25,29.0,10.75,8.25,11.0,17.25,19.0,14.0,2.5,36.75,41.75,63.5,56.25,35.75,70.5,83.25,53.5,50.5,47.0,71.5,83.75,44.25,51.25,20.5,42.0,31.25,36.75,15.75,13.25,26.0,28.25,27.0,24.0,42.25,16.75,26.25,53.0,47.5,10.75,40.5,23.25,18.25,8.25,7.25,,,,,,,,,,,,,,,,,,,,,,,,,,,,
4,7.5,12.0,11.25,7.5,5.25,22.75,42.75,27.75,28.5,19.0,21.25,15.75,18.5,25.75,0.0,24.0,21.0,24.0,34.5,83.75,63.25,58.75,92.25,50.25,73.5,31.75,41.0,36.5,43.5,41.25,41.0,27.0,17.25,13.5,4.75,20.5,16.0,18.0,9.75,25.25,26.75,43.0,31.0,29.5,39.25,46.25,33.0,31.0,21.75,13.75,2.75,,,,,,,,,,,,,,,,,,,,,,,,,,,,
5,2.25,5.25,4.75,42.5,5.0,22.25,36.75,28.5,23.75,12.0,13.0,20.75,15.0,16.25,18.0,4.25,33.5,27.0,60.75,43.75,47.0,67.5,95.0,67.75,58.25,56.75,37.5,66.25,51.75,41.25,22.5,31.75,35.0,22.25,11.75,18.0,40.0,33.5,18.0,25.25,27.25,9.75,28.5,39.75,45.5,15.75,31.25,37.25,29.75,12.5,14.0,,,,,,,,,,,,,,,,,,,,,,,,,,,,
6,2.0,9.75,10.0,29.5,2.0,12.75,48.5,34.5,22.75,7.5,17.5,18.75,13.25,15.75,7.25,14.0,32.5,28.75,59.25,73.5,48.25,71.0,61.75,64.5,64.0,47.25,44.5,33.25,31.5,35.5,34.0,32.0,25.75,17.5,14.25,10.0,18.75,31.25,8.25,16.25,34.0,22.0,29.25,24.0,38.5,23.0,27.25,29.0,27.5,10.25,6.5,,,,,,,,,,,,,,,,,,,,,,,,,,,,
7,9.5,2.5,10.75,13.5,4.0,26.75,16.75,22.25,20.25,18.75,19.75,9.5,20.25,25.5,0.0,37.0,27.0,30.5,31.25,83.75,40.5,47.75,57.5,55.0,74.25,48.5,25.75,45.5,16.25,23.0,49.25,17.0,15.75,9.75,4.0,21.75,17.75,11.0,6.75,39.5,20.0,39.0,22.0,18.5,50.25,36.5,31.0,24.75,12.75,5.25,4.25,,,,,,,,,,,,,,,,,,,,,,,,,,,,
8,6.0,6.5,15.25,25.5,11.75,21.0,33.5,37.5,21.75,5.0,15.75,11.75,25.0,29.5,9.25,32.75,31.25,36.25,47.75,64.5,46.5,61.0,72.25,51.25,70.0,45.75,43.75,45.5,46.0,53.0,37.25,28.0,30.5,15.0,9.25,18.0,13.25,18.5,8.75,8.0,32.75,33.75,53.0,43.25,40.5,46.0,29.25,23.5,23.75,12.0,19.5,,,,,,,,,,,,,,,,,,,,,,,,,,,,
9,,5.5,16.75,17.5,3.5,5.5,39.5,30.5,27.5,6.0,12.0,18.75,22.0,33.5,14.75,15.0,26.25,30.75,56.5,49.0,32.25,68.75,89.25,48.25,71.0,41.0,56.25,59.25,40.25,26.25,33.5,13.0,23.0,13.25,15.0,7.75,19.25,18.5,20.25,30.25,36.5,6.0,26.75,33.75,51.25,25.25,18.75,19.5,15.75,13.25,7.5,8.5,,,,,,,,,,,,,,,,,,,,,,,,,,,
10,,8.0,11.0,12.0,5.0,25.75,47.75,29.25,25.5,12.75,13.25,20.5,23.0,18.25,0.0,39.25,23.75,26.75,35.5,77.25,53.0,78.25,77.75,71.0,67.25,31.75,47.5,30.75,30.75,37.25,40.0,23.25,17.25,16.5,3.0,17.75,19.25,15.5,7.75,28.5,24.25,27.25,49.0,23.75,55.75,38.25,22.75,33.75,21.25,14.0,6.25,13.5,,,,,,,,,,,,,,,,,,,,,,,,,,,
11,,6.75,5.5,16.5,4.25,25.5,33.75,26.0,19.5,2.25,10.25,14.0,19.0,25.0,0.0,16.25,19.75,22.75,47.25,60.0,32.5,69.0,68.5,58.75,74.5,46.5,38.5,48.0,47.25,40.25,35.25,32.25,13.0,29.25,15.0,15.75,21.0,24.25,12.25,15.25,20.25,17.0,24.0,20.25,19.25,28.5,17.25,31.75,27.75,8.75,9.5,18.0,,,,,,,,,,,,,,,,,,,,,,,,,,,
12,,0.0,7.75,42.25,4.25,13.25,24.75,29.25,17.75,11.75,14.0,26.25,24.0,10.75,10.75,0.0,34.5,38.5,75.25,48.25,46.5,90.0,69.25,45.75,61.25,61.25,38.75,76.75,34.0,48.0,27.0,23.0,16.75,31.5,21.25,9.25,36.75,26.5,15.25,26.5,16.75,8.5,10.5,54.75,54.75,14.0,21.0,20.75,28.5,7.0,13.0,8.25,,,,,,,,,,,,,,,,,,,,,,,,,,,
13,,2.25,4.5,23.5,2.0,21.75,21.0,27.0,18.5,10.25,7.5,20.25,20.75,16.75,6.0,15.5,23.0,37.5,51.25,73.5,35.25,55.75,72.5,49.0,49.5,40.5,30.5,49.25,33.5,37.75,41.5,18.5,10.75,25.5,16.0,12.75,27.0,30.0,9.75,17.75,28.5,17.25,26.75,41.0,35.25,27.75,30.5,19.25,15.25,8.5,10.0,17.25,,,,,,,,,,,,,,,,,,,,,,,,,,,
14,,6.5,9.75,9.25,3.0,29.75,37.0,30.5,18.25,7.0,12.75,19.5,26.5,19.0,0.0,35.25,17.5,45.75,33.5,77.75,49.0,73.75,66.25,75.0,86.0,38.5,28.5,40.5,40.75,31.0,42.25,13.75,17.5,10.25,7.75,11.75,10.0,23.5,0.0,34.5,32.25,32.5,24.0,26.0,40.5,42.0,27.0,33.0,28.0,12.75,5.5,44.0,,,,,,,,,,,,,,,,,,,,,,,,,,,
15,,3.25,14.5,43.25,10.75,13.75,30.5,45.5,24.5,2.25,11.75,34.25,15.0,15.5,10.0,2.25,27.5,44.0,51.5,52.0,36.25,70.5,76.5,80.25,60.5,67.5,47.5,77.75,54.5,50.0,21.25,33.25,39.5,25.5,13.25,17.75,26.75,8.5,9.25,23.5,30.25,7.0,4.5,49.5,42.25,3.0,33.5,17.0,23.0,16.25,10.5,4.75,,,,,,,,,,,,,,,,,,,,,,,,,,,
16,,6.0,21.75,28.75,10.0,24.25,50.25,45.0,31.5,7.0,13.0,21.25,18.0,24.0,20.5,5.5,34.0,30.0,74.5,63.25,47.5,83.5,92.25,67.25,67.75,61.75,55.5,72.75,33.5,58.25,30.75,29.25,44.5,22.75,11.25,7.75,30.5,20.0,17.25,28.5,34.5,6.5,28.0,33.5,61.75,22.0,30.5,31.25,23.0,13.75,17.75,15.75,,,,,,,,,,,,,,,,,,,,,,,,,,,
17,,7.0,7.0,4.0,6.5,26.25,33.75,32.5,14.25,6.75,16.75,23.0,17.75,15.5,2.0,9.75,30.0,35.5,39.5,82.75,42.25,55.75,66.75,64.75,71.0,34.25,49.75,34.5,30.0,36.75,32.25,22.0,32.25,10.75,8.5,16.25,15.0,23.75,16.0,14.75,24.0,32.25,26.5,41.5,35.25,17.5,29.75,21.75,20.75,6.25,6.25,20.0,,,,,,,,,,,,,,,,,,,,,,,,,,,
18,,,18.75,33.25,7.75,16.5,35.25,39.25,32.75,4.0,21.5,30.5,21.0,15.25,9.5,7.25,35.5,42.5,69.25,40.0,40.5,95.5,71.5,61.0,62.5,60.75,45.75,66.5,41.0,37.0,32.75,35.75,30.5,28.25,14.25,10.25,19.75,26.75,8.0,14.75,15.75,12.0,32.75,67.5,43.75,19.75,29.0,16.5,24.25,13.0,12.25,2.25,20.25,,,,,,,,,,,,,,,,,,,,,,,,,,
19,,9.5,7.25,23.25,6.5,9.5,44.0,23.75,23.25,14.25,13.0,9.75,12.0,41.75,24.25,12.0,20.25,37.5,30.75,61.0,19.25,54.0,77.75,34.5,84.75,77.75,50.5,54.75,29.5,12.25,19.5,14.5,21.75,9.25,5.0,18.25,2.25,19.0,16.0,7.25,43.5,11.0,54.5,32.75,54.75,51.75,23.0,20.0,24.25,9.0,8.5,8.25,12.0,,,,,,,,,,,,,,,,,,,,,,,,,,
20,,12.5,15.0,12.25,2.25,27.0,27.5,19.0,27.25,12.75,12.0,13.5,22.0,21.0,0.0,39.0,19.0,36.0,32.0,96.0,49.25,52.75,71.75,58.75,75.75,41.75,42.25,36.25,26.25,38.75,55.5,36.25,7.5,24.25,5.25,16.75,19.0,18.5,6.5,43.5,28.0,40.75,23.75,30.0,39.0,47.5,36.25,41.75,23.5,19.5,8.0,24.25,6.75,,,,,,,,,,,,,,,,,,,,,,,,,,
21,,,18.0,42.75,2.75,22.0,35.25,38.0,33.25,6.75,18.5,27.25,27.0,28.75,10.75,5.75,41.5,44.5,80.25,54.5,48.0,86.25,81.75,76.0,49.25,52.5,43.5,67.75,64.5,53.25,24.25,24.5,39.0,34.5,34.25,27.25,34.5,29.75,15.5,34.0,36.75,11.0,20.5,46.5,54.5,26.25,18.25,39.75,30.75,8.0,7.75,18.25,23.75,,,,,,,,,,,,,,,,,,,,,,,,,,
22,,,26.75,22.5,11.5,10.0,35.5,24.25,29.0,9.0,10.25,16.75,14.75,48.0,22.5,12.75,27.75,46.0,50.25,56.25,30.5,60.0,97.75,60.75,79.5,59.0,65.5,43.25,28.25,23.75,22.75,16.75,25.5,17.0,12.25,15.5,4.75,36.5,15.0,2.75,47.25,9.25,44.75,28.0,60.5,43.25,35.0,22.75,26.0,8.75,20.5,16.5,6.0,,,,,,,,,,,,,,,,,,,,,,,,,,
23,,,13.5,21.5,6.25,18.75,26.25,28.5,24.25,9.5,21.25,20.25,5.75,22.5,8.0,17.5,35.0,26.75,71.0,64.75,45.0,68.0,91.25,76.75,72.75,69.5,53.5,65.25,21.25,36.5,20.25,28.25,25.5,17.0,12.25,9.5,37.0,9.25,33.75,31.5,29.75,26.5,24.75,24.25,56.5,24.25,19.25,30.0,19.5,10.5,9.5,10.25,15.0,,,,,,,,,,,,,,,,,,,,,,,,,,
24,,,,18.25,5.5,10.5,40.25,28.5,19.0,14.5,19.0,15.75,3.5,47.0,32.75,18.0,23.0,35.25,49.25,51.5,22.75,57.5,88.0,45.75,87.75,47.75,64.25,35.5,32.5,13.75,28.5,18.25,25.0,1.75,5.5,13.75,7.5,21.25,17.0,3.0,41.0,14.0,37.25,31.25,36.25,45.0,43.0,19.5,21.25,10.0,9.75,11.75,4.5,3.5,,,,,,,,,,,,,,,,,,,,,,,,,
25,,,,43.5,10.75,21.75,40.0,35.25,31.5,6.75,11.25,23.25,20.75,20.75,13.5,5.5,63.5,37.0,60.25,61.0,63.5,72.75,97.5,70.75,80.0,55.5,48.75,54.75,67.0,50.5,27.75,37.25,37.25,36.25,28.5,5.5,38.5,26.75,12.25,29.25,21.25,4.0,21.25,39.75,48.0,19.25,23.75,20.25,21.0,12.5,19.25,8.75,21.75,13.5,,,,,,,,,,,,,,,,,,,,,,,,,
26,,,,33.0,4.25,17.25,29.0,35.25,24.25,11.5,10.5,7.75,12.25,21.0,19.5,2.5,43.5,46.75,52.0,38.0,50.0,68.25,100.0,73.25,45.75,62.25,57.75,56.5,46.75,47.5,20.25,32.25,22.0,37.25,14.5,9.75,23.0,31.0,9.75,13.25,36.75,5.25,23.25,45.25,52.5,15.5,20.75,27.5,19.5,11.25,18.0,6.25,15.0,20.25,,,,,,,,,,,,,,,,,,,,,,,,,
27,,,,30.75,5.25,25.5,37.25,29.5,33.75,4.25,17.0,19.75,20.0,19.0,15.25,2.0,33.0,45.25,66.75,40.25,30.25,70.75,94.0,56.5,65.0,58.25,47.75,73.75,43.0,32.25,26.25,29.5,23.5,32.5,25.0,10.5,37.75,28.75,10.0,37.5,14.75,5.0,19.75,50.25,27.0,23.25,17.25,17.25,17.5,13.75,12.0,14.5,17.25,17.25,,,,,,,,,,,,,,,,,,,,,,,,,
28,,,,19.5,8.0,14.25,44.0,21.5,20.75,12.0,13.0,9.0,11.75,38.0,26.0,12.25,22.5,35.75,32.0,47.5,13.5,69.25,83.5,38.75,89.0,67.75,64.25,40.25,29.0,19.0,22.0,19.75,17.25,2.0,15.25,10.0,6.75,27.5,13.75,17.0,60.25,17.25,30.5,41.75,43.25,56.5,38.0,22.5,21.5,13.5,10.5,14.25,12.0,5.75,,,,,,,,,,,,,,,,,,,,,,,,,
29,,,,11.5,7.5,29.5,37.5,46.5,25.25,11.5,14.25,12.75,20.25,19.5,0.0,42.0,17.75,39.25,37.25,98.25,46.25,57.0,61.5,67.0,80.5,38.0,45.25,55.0,24.25,37.0,57.25,28.5,13.5,21.5,4.25,14.25,18.25,30.5,11.0,29.75,46.75,33.75,36.25,13.75,44.75,58.25,33.75,29.0,31.0,12.5,8.0,20.5,5.75,11.5,,,,,,,,,,,,,,,,,,,,,,,,,
30,,,,33.25,8.0,7.5,29.25,35.0,24.75,10.25,14.5,7.0,22.75,29.75,8.25,3.75,29.25,29.0,52.0,40.75,25.75,75.75,84.25,49.5,43.25,34.75,58.75,56.25,37.5,41.0,21.0,20.0,28.25,23.0,8.25,7.0,32.25,28.25,17.0,28.75,33.0,8.25,15.25,39.75,39.0,10.75,16.75,10.75,22.0,10.75,12.75,8.25,24.0,22.25,,,,,,,,,,,,,,,,,,,,,,,,,
31,,,,,5.75,11.5,34.25,35.25,14.5,11.5,12.25,13.25,1.75,24.0,0.0,21.25,21.25,27.0,39.25,53.75,44.0,36.25,45.25,50.0,99.0,33.75,38.0,42.5,27.0,33.75,66.75,26.25,7.75,15.0,9.0,13.25,14.75,14.0,20.0,28.25,16.25,34.0,28.25,16.75,34.0,34.75,35.5,24.75,13.25,15.75,6.0,31.0,7.5,17.25,6.5,,,,,,,,,,,,,,,,,,,,,,,,
32,,,,,2.0,31.75,31.25,18.25,22.25,7.25,12.0,15.75,14.25,13.0,0.0,33.0,29.5,27.25,33.0,81.25,38.75,65.0,93.25,52.0,71.5,31.0,33.25,42.0,27.5,33.25,40.25,17.25,14.25,14.25,2.75,6.25,8.75,21.75,6.0,23.0,26.0,37.25,16.25,32.75,35.25,34.5,34.5,14.5,14.75,7.5,4.25,26.75,12.25,8.75,8.5,,,,,,,,,,,,,,,,,,,,,,,,
33,,,,,11.75,14.5,52.5,20.75,16.25,11.25,15.5,7.5,6.5,53.25,40.0,13.25,27.25,40.0,31.75,54.5,37.5,52.25,92.25,53.25,97.5,42.5,82.75,41.25,41.25,21.5,22.0,28.0,30.75,13.25,14.0,10.0,7.75,25.25,17.25,11.0,43.5,10.25,42.0,48.25,39.75,39.5,21.5,24.0,20.75,10.0,16.0,13.75,8.0,12.5,1.25,,,,,,,,,,,,,,,,,,,,,,,,
34,,,,,6.5,15.25,45.5,39.0,23.0,8.25,15.25,21.75,26.25,26.5,14.25,2.0,37.0,28.25,60.0,47.0,40.0,80.25,65.5,70.0,42.5,56.0,52.5,49.0,34.75,46.0,28.75,20.0,32.25,24.25,22.0,5.5,32.0,21.0,20.0,16.75,46.0,6.5,15.5,30.0,45.5,13.75,25.25,20.5,31.0,7.0,8.75,6.25,24.0,13.25,12.25,,,,,,,,,,,,,,,,,,,,,,,,
35,,,,,7.0,15.75,24.0,28.0,36.0,7.25,14.25,23.75,12.5,19.5,17.75,2.75,25.75,30.25,62.5,36.75,42.75,43.75,83.5,56.0,67.75,48.75,48.25,54.25,44.0,28.5,11.5,24.75,28.25,30.75,18.0,6.25,30.5,33.75,21.25,15.75,37.5,7.75,6.25,22.0,48.25,13.75,17.5,25.75,23.25,11.5,17.5,10.0,20.5,20.25,11.0,,,,,,,,,,,,,,,,,,,,,,,,
36,,,,,6.25,9.25,25.75,27.5,33.25,10.5,11.25,20.25,14.25,16.0,14.5,0.0,19.25,22.75,65.75,45.0,36.25,57.25,79.75,46.0,61.5,49.5,55.5,67.5,43.25,28.25,15.75,32.0,31.5,22.25,11.5,2.5,31.0,34.0,8.25,14.75,35.0,7.75,6.25,16.5,40.75,18.5,16.75,31.25,15.5,13.5,21.25,6.5,19.75,16.75,12.0,,,,,,,,,,,,,,,,,,,,,,,,
37,,,,,4.5,16.75,25.0,26.5,25.5,12.75,11.25,11.75,27.0,8.0,8.25,0.0,33.5,43.25,50.25,50.0,41.5,64.75,91.5,58.5,43.25,60.0,62.5,75.0,42.25,34.0,24.75,19.75,15.0,21.25,11.25,11.75,34.0,32.75,18.75,12.75,33.5,5.5,26.0,40.25,53.75,8.75,23.0,16.75,16.5,8.75,11.0,8.5,18.25,15.75,3.5,,,,,,,,,,,,,,,,,,,,,,,,
38,,,,,16.0,9.75,65.25,24.0,16.0,5.5,8.0,18.75,10.75,43.75,18.5,6.0,18.25,31.5,32.25,35.75,14.25,62.75,77.5,39.5,86.75,70.25,74.25,47.0,35.75,22.0,15.25,25.25,20.0,7.0,11.75,16.25,9.5,21.0,12.0,8.0,48.25,25.25,55.75,59.5,83.0,47.5,26.0,23.5,19.0,4.75,8.75,8.5,6.25,11.75,5.75,,,,,,,,,,,,,,,,,,,,,,,,
39,,,,,9.25,20.25,42.0,37.5,30.75,17.25,15.25,19.25,23.5,16.0,8.0,2.25,31.5,37.5,69.75,54.0,40.0,89.5,89.0,42.5,78.0,45.0,53.5,56.75,31.25,53.0,16.5,33.0,35.75,35.0,28.0,9.75,26.5,9.25,17.75,24.0,33.25,6.0,17.25,37.75,53.5,21.0,18.0,24.0,19.75,9.75,13.5,6.75,21.25,16.75,11.5,8.25,,,,,,,,,,,,,,,,,,,,,,,
40,,,,,,10.75,39.25,21.75,21.25,13.5,11.75,11.25,14.0,28.5,25.5,16.75,19.5,34.5,31.25,45.0,28.0,44.5,96.25,34.75,66.25,35.25,50.75,31.75,26.25,18.0,9.25,22.75,14.0,8.0,12.25,13.5,0.0,18.0,11.5,7.0,41.0,16.25,56.25,19.75,59.0,31.5,23.75,16.5,18.5,9.0,8.0,6.75,6.5,4.5,2.25,15.75,,,,,,,,,,,,,,,,,,,,,,,
41,,,,,,17.25,43.0,34.75,33.0,12.5,17.75,25.25,23.25,21.5,24.5,8.0,38.25,39.5,50.25,50.5,52.5,70.0,95.5,77.75,66.5,67.5,65.75,69.0,43.75,45.25,34.5,34.5,41.75,36.25,21.75,12.5,29.5,31.5,20.75,39.75,20.25,14.0,16.25,38.0,67.0,14.0,25.25,26.25,18.75,11.75,15.0,9.5,24.25,13.5,11.75,22.75,,,,,,,,,,,,,,,,,,,,,,,
42,,,,,,8.5,31.75,26.5,33.5,6.0,6.0,19.0,19.0,24.25,6.5,4.5,28.5,41.5,38.0,56.0,47.25,84.25,80.75,49.25,65.0,63.75,46.0,65.0,52.75,29.5,28.0,41.25,32.25,22.75,15.5,8.5,15.5,44.0,20.5,25.75,33.25,5.75,29.5,43.0,50.5,26.75,23.0,34.0,24.75,8.0,18.5,9.5,27.25,17.25,8.0,21.0,,,,,,,,,,,,,,,,,,,,,,,
43,,,,,,,47.75,26.0,20.0,13.25,18.5,12.5,9.25,45.0,21.75,12.75,29.75,39.75,36.75,47.25,22.25,74.5,89.75,41.25,89.0,56.75,67.0,34.5,23.5,16.25,14.0,32.0,34.0,7.0,15.0,5.25,9.5,15.0,24.25,10.25,70.25,5.75,56.5,30.0,82.0,49.25,34.0,28.0,9.5,17.0,12.5,8.25,9.5,4.0,5.5,22.25,31.25,,,,,,,,,,,,,,,,,,,,,,
44,,,,,,,56.5,28.5,19.25,7.75,18.5,9.0,2.0,40.0,18.75,14.75,26.5,37.75,39.75,51.0,18.5,57.25,84.0,29.5,88.75,61.0,69.25,47.5,24.25,14.5,28.25,26.75,27.5,11.25,16.0,14.0,4.75,31.75,15.25,10.25,76.5,19.75,45.5,51.25,47.0,25.5,39.25,26.25,21.75,14.5,6.0,8.25,10.75,10.0,3.75,19.75,23.0,,,,,,,,,,,,,,,,,,,,,,
45,,,,,,,41.75,32.0,18.0,9.75,19.75,19.0,11.25,30.5,0.0,36.5,22.5,32.0,27.25,85.5,40.0,66.25,84.75,72.75,72.75,31.0,39.5,35.75,38.0,30.25,53.25,27.0,9.0,25.75,10.75,16.5,20.5,25.75,18.75,26.25,25.75,31.25,31.0,23.0,47.0,35.0,43.75,34.0,30.25,11.0,2.5,29.75,8.75,16.0,11.0,20.25,43.75,,,,,,,,,,,,,,,,,,,,,,
46,,,,,,,38.5,34.0,15.0,8.5,14.0,23.5,22.25,9.25,22.5,8.0,30.5,32.5,83.0,74.25,46.75,65.25,80.25,57.75,55.75,68.75,38.5,62.25,54.75,56.0,27.5,42.5,35.75,42.5,22.0,8.25,35.75,36.75,23.0,21.25,41.25,7.0,19.5,49.25,61.5,15.0,38.5,24.5,33.0,11.5,26.25,7.5,7.25,11.75,6.5,25.5,24.75,,,,,,,,,,,,,,,,,,,,,,
47,,,,,,,32.5,22.75,29.75,9.5,13.25,18.25,11.25,20.25,0.0,22.5,31.0,50.25,59.5,88.25,34.25,52.75,87.5,55.0,88.75,32.25,29.75,48.25,29.25,35.5,49.0,27.25,22.25,16.5,11.25,17.5,16.0,25.25,9.5,21.0,25.0,34.25,37.75,24.0,41.5,38.25,30.5,22.25,14.25,13.0,5.25,21.5,7.0,11.5,10.25,16.0,42.5,,,,,,,,,,,,,,,,,,,,,,
48,,,,,,,30.0,19.5,26.75,7.5,16.5,13.75,16.0,16.25,10.5,2.25,25.75,35.5,55.5,47.75,51.0,77.0,93.25,31.25,43.0,41.25,39.0,63.25,30.25,43.5,23.5,35.75,40.5,24.75,24.25,7.0,27.25,31.5,28.5,22.5,23.25,2.25,17.25,35.75,51.75,9.0,13.75,23.5,20.5,2.5,8.75,5.5,33.0,24.0,7.0,18.0,18.5,,,,,,,,,,,,,,,,,,,,,,
49,,,,,,,64.5,30.75,26.25,8.75,15.5,13.75,12.75,41.0,35.5,9.5,22.0,40.25,60.0,64.5,11.5,62.5,88.5,44.75,73.0,76.75,70.5,39.75,42.5,29.75,28.5,29.75,22.75,14.5,19.75,17.25,2.5,37.25,26.0,12.75,66.0,23.75,53.25,44.75,63.25,52.0,35.75,17.5,28.5,16.5,18.25,19.75,15.25,5.25,0.0,17.0,31.0,16.5,,,,,,,,,,,,,,,,,,,,,
50,,,,,,,33.25,53.25,19.75,15.75,21.5,26.5,20.25,26.0,0.0,49.75,25.75,36.5,56.25,72.75,55.5,42.0,83.75,73.5,70.0,49.0,50.0,43.75,42.0,44.25,72.75,21.5,22.0,21.0,11.0,5.5,22.25,20.5,11.75,27.5,20.5,50.0,32.5,37.5,47.25,39.0,14.5,44.0,19.5,19.5,5.25,26.0,12.5,12.5,4.5,15.25,68.25,42.0,,,,,,,,,,,,,,,,,,,,,
51,,,,,,,,26.5,31.5,10.75,8.0,15.75,2.75,49.75,16.0,5.75,15.25,20.0,31.5,51.5,25.0,52.0,100.0,39.75,81.0,49.25,45.75,52.75,35.5,13.0,13.0,28.0,29.0,12.75,12.5,9.25,9.25,17.75,19.75,7.75,50.5,10.0,49.75,47.25,65.0,47.75,34.5,21.0,15.75,14.75,6.0,10.0,9.5,10.5,3.25,19.5,40.0,29.0,,,,,,,,,,,,,,,,,,,,,
52,,,,,,,,42.75,13.0,15.25,14.0,23.75,19.5,31.5,0.0,47.75,24.75,43.25,29.5,77.25,53.75,60.5,72.75,80.5,70.0,52.5,58.5,45.75,45.0,50.75,58.0,31.75,27.25,15.0,8.25,14.0,19.5,25.25,17.25,26.75,22.5,48.5,27.75,32.5,28.5,47.25,14.25,49.75,25.25,16.25,4.75,25.0,5.25,12.25,2.25,14.0,45.5,62.25,,,,,,,,,,,,,,,,,,,,,
53,,,,,,,,35.0,17.25,10.25,15.25,23.0,20.25,22.75,2.25,30.75,21.5,46.0,37.5,51.75,51.75,60.25,73.0,81.75,71.0,52.75,54.0,53.75,27.75,46.5,40.0,28.25,33.75,16.5,10.0,13.5,20.0,27.0,16.75,22.5,18.75,26.75,31.0,27.5,27.5,39.25,19.25,35.75,24.25,12.25,11.0,15.75,11.0,12.25,6.0,13.0,35.25,44.75,,,,,,,,,,,,,,,,,,,,,
54,,,,,,,,35.5,30.25,12.0,8.0,16.25,21.5,27.25,0.0,30.25,24.75,43.0,36.5,70.25,49.5,69.5,83.0,64.25,56.75,46.0,38.5,36.75,36.0,40.25,52.25,28.75,5.75,17.5,8.25,15.75,17.75,14.75,16.25,31.0,33.0,48.25,25.25,40.25,39.75,56.25,32.5,38.75,11.75,13.25,9.5,23.0,11.5,20.25,4.5,8.75,53.0,46.0,,,,,,,,,,,,,,,,,,,,,
55,,,,,,,,29.75,32.25,10.75,21.5,18.25,12.0,18.75,0.0,35.25,9.0,28.0,47.5,68.75,49.75,54.0,63.75,59.25,80.0,37.25,38.75,44.5,32.0,31.0,53.5,20.0,21.75,15.75,6.75,18.75,10.75,37.0,13.75,31.0,20.25,43.25,44.5,21.5,37.5,43.75,26.0,30.0,25.5,12.25,6.0,17.25,12.25,10.75,11.0,25.75,46.75,50.5,,,,,,,,,,,,,,,,,,,,,
56,,,,,,,,,27.0,19.5,14.75,10.5,11.5,56.75,21.5,15.0,19.5,47.25,41.75,55.75,27.25,62.0,86.75,37.75,93.75,72.5,71.75,44.0,34.0,23.25,16.75,26.5,29.75,8.0,15.25,13.0,5.0,19.0,17.0,7.75,57.0,23.0,51.75,45.0,57.5,40.75,38.25,19.25,5.5,12.25,6.5,17.25,21.0,8.5,8.75,20.5,53.25,21.0,32.75,,,,,,,,,,,,,,,,,,,,
57,,,,,,,,,35.75,9.25,14.5,16.5,17.5,28.0,17.5,0.0,24.0,46.5,70.75,28.5,45.75,67.0,85.25,76.0,60.75,64.0,63.75,64.0,23.5,39.25,16.75,21.5,31.75,31.5,9.0,9.75,23.75,34.0,18.0,19.25,21.0,6.0,18.0,22.5,51.0,22.25,11.75,27.5,11.5,10.0,11.5,4.5,16.25,24.0,13.75,11.25,14.0,20.25,33.0,,,,,,,,,,,,,,,,,,,,
58,,,,,,,,,28.25,13.75,14.75,22.0,11.0,21.0,0.0,36.5,22.25,47.25,35.0,76.75,49.25,56.75,82.75,47.0,70.75,44.75,30.75,38.75,29.25,43.75,48.75,27.25,20.0,26.5,9.25,12.0,14.0,14.75,10.25,23.75,26.5,30.5,26.25,36.75,32.0,73.5,32.25,29.25,18.25,10.25,4.25,18.0,13.0,16.75,10.5,14.0,67.5,56.5,17.0,,,,,,,,,,,,,,,,,,,,
59,,,,,,,,,15.75,6.0,10.5,22.0,15.75,19.75,10.5,1.5,21.75,26.5,29.75,34.75,22.75,57.75,64.25,43.25,31.25,39.25,32.25,49.0,24.0,17.0,18.75,19.25,20.75,21.75,16.25,9.25,18.75,23.5,16.5,10.25,17.5,8.25,10.25,25.75,32.75,14.75,19.75,13.5,24.25,12.75,8.5,4.5,14.5,18.5,5.0,23.5,10.75,16.75,31.75,,,,,,,,,,,,,,,,,,,,
60,,,,,,,,,20.5,11.75,20.75,16.5,16.25,15.25,0.0,47.75,21.25,36.75,21.5,82.0,57.25,62.0,78.5,41.75,79.75,39.25,49.5,23.25,32.0,35.75,61.25,22.5,25.5,11.25,5.5,24.75,18.25,21.25,7.75,24.0,25.0,35.25,39.75,21.75,66.25,37.25,20.0,23.25,24.5,5.5,4.25,28.25,20.25,11.75,12.5,21.5,46.75,59.75,21.0,,,,,,,,,,,,,,,,,,,,
61,,,,,,,,,20.75,26.25,8.75,6.75,7.5,45.25,22.5,10.0,27.0,44.0,45.25,50.75,17.25,55.0,85.25,32.75,88.25,71.5,66.0,41.25,55.5,15.25,31.75,20.5,53.5,6.0,22.5,12.75,12.5,26.25,11.5,5.5,58.75,26.5,70.25,53.5,55.5,58.5,34.75,25.75,21.5,8.0,9.0,11.25,16.25,14.0,1.75,15.25,36.5,10.75,33.0,60.5,,,,,,,,,,,,,,,,,,,
62,,,,,,,,,28.5,5.25,10.25,14.75,26.75,16.75,18.0,2.5,34.75,36.75,67.75,40.75,52.25,73.5,91.75,69.5,66.25,55.75,66.75,59.0,50.5,33.0,9.5,20.75,29.75,24.5,14.25,10.25,29.25,18.5,28.75,32.75,46.25,3.25,11.25,31.0,50.75,16.75,17.25,15.75,10.75,7.75,11.5,11.0,16.75,16.75,4.0,21.75,8.75,14.75,32.25,,,,,,,,,,,,,,,,,,,,
63,,,,,,,,,27.5,11.0,16.75,11.25,13.5,15.5,13.5,0.0,19.0,46.75,68.5,42.75,53.25,72.25,70.75,48.75,66.0,28.0,55.5,42.0,42.0,33.0,6.0,33.25,22.25,12.25,8.5,8.5,36.75,24.5,27.75,19.75,26.0,2.25,22.75,44.5,41.0,10.0,12.5,21.25,18.75,9.5,16.5,5.25,16.0,10.75,1.5,17.0,19.5,12.5,29.0,42.25,,,,,,,,,,,,,,,,,,,
64,,,,,,,,,,17.5,12.25,8.75,16.5,42.0,22.0,5.75,20.5,43.0,40.75,33.75,15.25,60.25,77.5,40.0,86.5,63.5,40.5,27.5,18.5,9.25,17.5,16.25,27.25,6.5,11.5,2.0,4.5,25.25,18.5,8.75,40.0,7.75,34.0,40.25,60.5,32.25,18.0,16.5,15.75,13.75,1.75,13.5,4.0,9.0,4.0,17.25,31.5,18.0,30.0,45.75,,,,,,,,,,,,,,,,,,,
65,,,,,,,,,,4.25,17.0,22.25,16.25,30.25,11.5,5.25,35.25,39.0,64.75,53.75,58.0,95.0,82.75,49.0,34.5,48.0,48.25,65.0,52.75,40.75,22.5,37.25,30.75,20.5,12.75,16.5,22.5,20.75,26.0,16.75,42.0,13.0,4.0,59.75,52.25,12.75,22.75,27.0,23.5,17.75,14.5,4.75,16.75,19.5,3.75,18.0,17.0,15.5,36.75,39.25,,,,,,,,,,,,,,,,,,,
66,,,,,,,,,,5.25,10.25,14.25,25.5,15.25,13.5,2.5,42.5,25.0,68.75,64.75,61.75,86.75,79.0,46.5,44.5,58.0,60.0,85.75,44.5,52.5,18.0,30.25,42.0,23.0,15.0,7.25,20.0,18.75,22.75,17.25,12.25,5.75,31.75,44.25,42.25,20.0,13.0,18.75,7.25,9.25,4.5,6.75,29.25,12.75,7.5,23.5,5.75,17.25,30.0,54.5,,,,,,,,,,,,,,,,,,,
67,,,,,,,,,,6.0,16.5,21.0,20.25,17.5,15.5,7.0,39.75,38.25,60.5,50.75,37.5,72.25,66.0,64.5,69.25,54.25,53.75,77.5,62.0,35.5,26.75,34.5,45.0,29.75,17.75,10.75,25.5,13.0,23.75,8.75,34.25,5.75,14.75,48.0,31.75,24.0,20.5,19.0,16.0,2.25,16.75,5.0,22.75,24.0,4.0,22.75,19.5,21.0,40.75,37.25,,,,,,,,,,,,,,,,,,,
68,,,,,,,,,,1.75,14.5,15.75,18.75,20.75,18.75,5.0,27.75,46.5,71.75,54.5,51.5,72.25,98.75,77.0,50.25,68.75,53.75,88.0,30.0,49.25,13.75,27.0,34.25,32.5,15.0,13.75,27.5,34.75,26.5,24.5,32.0,8.5,20.0,27.0,41.5,13.0,32.25,34.0,35.0,9.25,10.5,12.75,20.0,24.75,8.0,14.0,21.75,15.75,38.75,37.25,,,,,,,,,,,,,,,,,,,
69,,,,,,,,,,9.75,16.5,6.25,18.5,21.75,14.0,4.75,28.0,36.25,62.25,42.5,45.25,80.0,81.0,38.5,52.25,53.75,59.25,60.75,54.0,47.75,13.0,31.5,29.75,34.25,26.25,20.75,26.5,15.0,26.25,32.75,18.75,0.0,29.75,38.0,51.5,6.5,34.75,21.25,26.0,18.5,9.0,6.5,21.0,18.75,10.25,14.0,10.0,12.25,35.25,47.5,,,,,,,,,,,,,,,,,,,
70,,,,,,,,,,10.0,11.75,9.75,13.75,41.75,19.0,13.75,21.25,30.75,35.0,41.0,25.0,48.75,68.25,42.75,74.5,55.25,50.25,28.5,20.75,13.5,9.5,14.25,18.75,6.5,12.5,15.0,1.5,13.0,17.0,8.0,34.5,10.0,44.75,36.25,55.0,35.5,17.25,14.5,9.5,6.5,5.0,6.0,5.0,4.5,8.5,11.25,34.25,4.0,36.75,45.5,29.25,,,,,,,,,,,,,,,,,,
71,,,,,,,,,,6.0,15.0,18.25,18.75,14.5,9.5,4.5,28.5,33.0,53.0,28.75,32.5,80.5,92.75,45.0,45.5,39.5,40.25,38.75,35.75,37.75,15.75,23.75,21.0,19.5,12.75,16.5,28.0,29.5,19.25,18.0,23.25,5.25,5.0,38.25,28.25,11.25,16.5,17.25,20.5,16.5,8.0,7.75,24.0,14.75,0.0,13.5,7.75,11.0,26.0,42.75,34.0,,,,,,,,,,,,,,,,,,
72,,,,,,,,,,,12.25,17.75,19.75,19.5,6.75,2.25,25.25,28.5,53.25,27.5,36.5,80.25,87.0,56.75,46.75,41.0,40.75,37.25,36.0,36.75,17.75,17.5,20.25,16.25,12.25,13.5,20.0,25.25,13.75,11.75,21.75,2.25,8.0,30.25,26.75,11.25,15.75,16.25,22.0,18.25,7.75,7.75,17.0,12.0,1.75,17.25,14.5,10.25,21.5,37.25,27.5,,,,,,,,,,,,,,,,,,
73,,,,,,,,,,,7.75,6.25,17.75,47.5,41.5,10.25,23.25,37.75,23.5,52.75,29.25,59.25,84.5,51.75,90.25,61.0,69.25,46.75,44.5,17.75,11.75,25.25,15.75,8.75,11.75,10.25,8.75,24.75,21.75,13.5,23.0,18.75,24.5,25.0,29.25,60.5,26.5,24.75,21.25,16.25,4.25,9.75,5.5,2.75,4.5,21.25,35.5,29.75,21.5,47.0,40.75,,,,,,,,,,,,,,,,,,
74,,,,,,,,,,,17.0,21.5,17.0,17.75,15.5,0.0,28.0,47.5,51.0,34.75,30.75,86.75,71.25,59.0,76.0,44.5,53.5,49.5,41.0,28.75,11.25,24.75,44.25,18.25,15.25,7.5,32.25,30.0,16.5,14.0,30.75,10.25,10.5,34.0,38.5,15.25,22.25,24.25,13.25,10.75,10.75,8.5,22.5,15.0,5.5,20.5,9.5,13.25,33.0,40.25,31.25,,,,,,,,,,,,,,,,,,
75,,,,,,,,,,,14.75,16.25,15.25,22.75,13.25,2.25,27.75,21.0,54.75,48.25,32.5,78.75,92.0,68.25,49.0,50.75,43.5,61.5,42.0,37.75,21.5,22.5,27.5,36.0,17.25,10.0,31.25,21.75,18.5,17.5,29.0,9.25,13.5,35.5,40.75,9.5,18.75,18.0,17.0,10.75,6.75,15.25,30.0,18.5,4.0,22.0,13.5,12.5,34.75,49.0,32.25,,,,,,,,,,,,,,,,,,
76,,,,,,,,,,,11.75,16.0,14.5,27.5,0.0,61.25,19.25,36.5,45.25,67.0,67.75,60.75,72.0,45.25,75.25,42.0,40.0,42.5,27.5,23.0,55.25,26.75,20.5,20.0,5.75,21.25,15.75,14.5,8.0,35.5,29.75,55.0,21.75,23.0,35.0,41.25,30.25,35.5,21.75,11.25,10.0,24.5,14.75,16.0,10.5,29.0,53.25,46.25,15.0,48.75,64.25,,,,,,,,,,,,,,,,,,
77,,,,,,,,,,,15.0,11.0,11.5,19.5,0.0,41.75,30.0,41.0,33.5,67.0,39.25,64.0,64.75,61.75,92.25,31.25,23.75,38.5,27.0,50.25,54.75,35.75,19.5,13.0,8.25,30.5,12.25,17.0,11.0,27.5,20.75,38.5,18.0,14.75,46.0,33.5,19.25,22.75,22.75,12.0,5.25,30.0,13.5,13.0,5.75,10.25,59.5,58.5,13.5,35.25,52.25,,,,,,,,,,,,,,,,,,
78,,,,,,,,,,,16.5,16.0,19.75,53.25,34.0,13.25,21.0,35.5,35.25,44.0,31.5,42.75,80.75,32.0,82.75,71.75,82.0,53.75,27.75,20.75,21.75,21.75,35.25,13.25,11.75,9.5,8.0,13.0,8.5,2.0,49.0,15.5,55.0,32.0,53.5,53.0,42.5,15.75,27.25,4.25,1.75,10.5,7.0,1.75,4.5,8.75,43.0,14.5,39.5,60.0,30.25,35.0,,,,,,,,,,,,,,,,,
79,,,,,,,,,,,4.0,25.5,19.0,27.0,9.5,0.0,21.5,37.0,50.5,37.75,37.0,100.0,60.0,38.5,44.75,37.5,42.5,71.0,52.0,50.25,13.5,23.25,28.5,31.5,15.25,12.0,32.75,14.5,21.0,25.5,15.5,9.0,13.75,40.25,51.0,21.25,19.75,38.0,20.75,9.5,9.25,6.25,12.75,17.25,3.5,13.25,15.25,17.75,17.75,34.25,36.5,40.0,,,,,,,,,,,,,,,,,
80,,,,,,,,,,,19.0,13.75,7.5,40.0,27.25,10.75,17.75,25.25,33.5,45.25,26.0,45.0,93.75,37.25,71.75,56.5,58.0,30.0,39.75,11.25,21.5,11.75,34.75,12.0,12.25,11.5,7.5,27.0,16.25,2.75,46.5,17.25,56.75,26.5,66.5,62.5,45.0,31.0,30.5,9.5,5.25,15.0,5.25,4.25,8.25,9.25,42.25,22.5,34.5,59.0,32.75,47.0,,,,,,,,,,,,,,,,,
81,,,,,,,,,,,18.25,22.0,22.5,27.75,20.75,0.0,31.75,24.0,82.75,47.25,56.0,81.75,89.0,42.5,54.5,43.75,60.75,52.25,60.25,50.25,15.0,22.5,26.5,24.25,20.25,15.5,30.75,24.5,24.25,23.5,35.75,5.5,25.5,47.75,44.5,3.25,27.75,28.0,19.75,2.25,8.0,15.25,23.5,9.5,3.75,18.0,10.75,13.0,24.25,44.5,35.5,56.75,,,,,,,,,,,,,,,,,
82,,,,,,,,,,,,19.0,10.5,51.0,23.75,8.5,26.75,32.25,38.25,50.5,31.75,60.5,86.75,47.0,70.25,58.5,63.5,26.75,39.0,9.5,12.75,12.25,36.0,7.0,12.5,14.75,8.0,28.25,25.5,3.0,58.5,15.5,66.25,27.0,59.75,61.75,48.0,38.25,22.0,7.0,8.0,12.75,8.0,4.75,10.75,17.0,38.25,21.25,31.25,66.75,36.5,40.25,,,,,,,,,,,,,,,,,
83,,,,,,,,,,,,19.0,28.75,21.75,13.25,0.0,24.5,33.75,83.25,51.25,48.5,78.0,100.0,34.0,55.0,39.75,69.0,60.5,51.75,45.75,5.25,23.75,22.75,21.5,28.0,18.25,16.0,23.0,30.0,19.0,35.0,5.5,22.75,51.0,41.0,7.0,28.5,22.75,19.75,4.25,9.75,10.75,29.0,19.5,5.5,15.75,8.25,22.5,31.75,46.5,27.25,55.0,,,,,,,,,,,,,,,,,
84,,,,,,,,,,,,10.0,14.75,35.0,23.25,10.0,18.25,33.0,44.75,38.75,24.75,38.75,98.5,38.0,65.0,58.0,50.25,24.5,46.5,15.75,18.0,12.0,25.5,8.5,12.25,24.0,2.0,24.0,15.0,5.0,36.0,13.25,29.5,28.25,57.5,43.0,20.5,21.25,10.75,8.5,14.25,10.5,12.75,1.75,6.5,12.75,16.0,8.5,26.5,29.25,28.5,36.5,,,,,,,,,,,,,,,,,
85,,,,,,,,,,,,16.0,10.75,10.25,6.75,4.25,36.25,37.0,73.75,55.0,47.0,72.25,81.0,51.0,65.75,66.75,40.75,58.25,25.25,47.75,12.0,33.0,32.0,42.5,22.0,9.75,31.5,15.25,20.25,30.25,23.75,11.75,24.0,24.5,33.75,28.5,15.25,18.0,13.5,7.0,13.5,11.0,26.0,12.25,7.75,22.25,8.75,8.0,29.25,50.75,28.0,48.25,,,,,,,,,,,,,,,,,
86,,,,,,,,,,,,17.5,13.25,15.75,3.75,0.0,10.75,22.5,50.75,44.25,41.5,83.5,75.5,38.25,45.0,39.25,51.5,52.5,46.5,27.0,16.25,22.75,22.5,21.25,14.25,8.25,24.75,25.5,19.5,18.5,20.75,5.0,15.25,30.5,27.0,13.75,12.75,28.75,24.75,10.25,8.0,1.75,20.25,19.75,6.5,24.5,16.25,19.25,31.25,48.0,20.0,43.25,,,,,,,,,,,,,,,,,
87,,,,,,,,,,,,23.25,10.5,17.0,12.5,6.0,34.0,37.5,55.5,44.0,35.5,84.0,71.25,68.25,35.25,48.25,55.75,67.0,43.25,30.75,16.5,30.25,29.5,26.0,16.25,7.0,27.0,21.0,26.5,38.5,33.5,14.25,18.25,31.5,43.0,15.5,18.0,18.75,23.25,16.75,8.5,8.5,19.0,14.25,3.75,15.75,13.25,25.0,27.75,42.75,23.75,32.75,,,,,,,,,,,,,,,,,
88,,,,,,,,,,,,12.0,13.5,39.5,17.75,6.5,19.5,37.75,42.25,49.25,20.0,57.75,87.25,44.75,88.5,56.75,60.75,43.0,36.75,22.5,11.25,23.75,37.75,10.25,12.5,12.0,7.75,28.0,17.75,5.25,58.75,24.5,42.25,39.25,51.5,35.75,27.75,24.75,17.75,14.75,4.5,11.25,17.5,10.75,8.0,19.75,27.25,16.5,32.25,47.0,28.0,30.5,15.0,,,,,,,,,,,,,,,,
89,,,,,,,,,,,,16.0,21.5,32.25,16.5,0.0,41.75,30.25,59.75,63.5,40.5,90.75,79.25,50.25,69.25,64.0,52.5,67.25,49.25,40.25,17.5,21.75,55.75,36.25,18.25,4.25,14.25,36.5,26.75,15.0,30.75,8.75,31.5,37.5,63.5,17.75,32.0,14.0,20.75,8.75,15.25,19.25,28.75,15.25,2.0,11.25,20.5,16.5,35.25,55.25,38.5,61.25,27.5,,,,,,,,,,,,,,,,
90,,,,,,,,,,,,,21.0,32.75,18.75,0.0,48.25,28.0,63.5,79.25,39.25,90.0,77.25,63.0,67.0,64.0,65.0,70.75,53.75,50.75,25.5,28.25,48.0,45.0,16.0,5.5,15.5,36.0,24.5,21.75,35.25,8.0,40.0,56.75,77.75,20.75,33.0,21.5,25.75,10.0,14.75,20.5,30.75,10.75,4.5,16.0,23.0,15.75,44.75,62.25,45.5,78.5,35.0,,,,,,,,,,,,,,,,
91,,,,,,,,,,,,,16.5,38.75,18.75,7.0,25.0,39.5,57.5,54.0,21.75,70.25,87.75,49.5,78.0,63.5,70.5,49.5,41.75,30.75,21.5,23.0,27.25,17.5,20.75,13.25,10.75,21.0,11.0,12.5,65.0,15.5,55.0,67.5,56.0,37.0,20.0,20.25,10.0,10.75,14.75,9.75,16.75,11.25,10.5,19.0,31.75,15.5,35.25,48.25,47.5,43.75,24.0,,,,,,,,,,,,,,,,
92,,,,,,,,,,,,,17.75,46.25,24.0,16.75,13.5,43.5,28.5,39.25,18.25,43.25,81.5,18.5,72.5,61.25,47.75,26.75,33.25,20.75,7.75,22.25,31.75,11.25,16.5,9.0,3.0,19.5,17.25,14.75,35.0,18.5,46.0,28.25,40.75,34.25,24.5,10.75,9.25,18.25,2.25,12.5,8.0,3.5,2.75,19.0,25.5,18.75,22.0,56.25,30.0,33.25,15.25,,,,,,,,,,,,,,,,
93,,,,,,,,,,,,,15.25,15.0,4.25,11.25,30.0,37.0,49.0,70.75,46.75,63.75,70.5,51.75,73.0,40.5,34.5,63.75,36.25,40.25,29.75,31.75,18.0,17.75,9.0,14.5,21.75,23.5,13.0,11.5,18.75,15.0,17.25,28.25,44.25,37.5,5.75,31.5,17.25,12.25,13.5,11.75,14.75,18.5,9.5,15.25,31.75,26.0,28.75,46.25,33.75,34.25,43.75,,,,,,,,,,,,,,,,
94,,,,,,,,,,,,,24.25,21.0,17.75,2.5,39.75,43.5,60.75,48.0,20.75,80.5,80.75,43.0,57.5,42.75,47.25,71.25,58.5,57.5,16.0,29.75,29.5,23.0,16.75,2.75,37.0,28.0,26.5,28.25,35.5,6.0,21.5,27.5,61.75,13.0,18.25,33.75,23.5,10.25,9.75,18.25,18.25,10.5,8.0,17.0,5.5,24.5,33.0,42.75,35.0,36.25,26.5,,,,,,,,,,,,,,,,
95,,,,,,,,,,,,,7.75,31.75,16.75,12.0,12.75,27.25,41.25,38.0,19.5,49.75,100.0,41.75,59.0,34.5,46.0,55.25,25.75,8.25,25.0,21.75,28.0,10.75,4.75,10.25,5.25,18.0,16.25,4.5,43.0,18.75,30.5,29.75,47.25,43.75,25.75,27.25,18.0,9.5,12.0,8.0,7.0,3.5,3.5,18.0,31.25,19.5,26.25,39.75,19.0,41.25,10.25,25.5,,,,,,,,,,,,,,,
96,,,,,,,,,,,,,18.5,14.25,6.5,1.75,22.25,40.0,56.25,47.75,38.0,71.75,76.0,51.0,61.75,55.25,37.5,98.5,56.0,36.75,19.75,27.5,28.25,22.75,25.0,2.0,29.75,30.5,6.5,17.75,26.75,8.5,15.75,21.75,39.0,24.25,34.75,24.25,10.25,6.5,12.0,14.5,17.5,16.5,3.75,4.75,7.0,17.5,26.75,36.75,37.75,38.25,23.5,35.25,,,,,,,,,,,,,,,
97,,,,,,,,,,,,,16.75,51.25,23.25,12.75,17.5,36.5,32.75,45.75,18.0,65.0,81.75,31.0,67.25,70.5,58.5,30.75,44.0,29.5,17.0,24.5,32.5,8.25,13.0,2.5,4.5,30.5,18.25,2.0,39.0,23.5,34.0,49.75,59.75,43.0,28.5,34.0,11.0,2.75,9.0,14.75,8.75,8.5,9.5,15.75,38.25,11.75,29.75,65.75,30.0,34.5,10.75,35.5,,,,,,,,,,,,,,,
98,,,,,,,,,,,,,,9.25,19.5,3.75,30.0,39.75,54.5,53.0,51.25,100.0,76.0,70.5,51.25,40.5,64.0,80.5,39.0,43.75,20.25,28.25,36.5,35.0,15.75,10.0,30.75,11.5,19.75,15.25,20.0,5.75,33.5,30.25,57.25,17.0,33.0,24.75,21.5,8.0,8.0,9.5,20.0,13.5,4.5,25.75,19.25,12.5,49.25,48.75,32.0,51.5,45.5,41.75,,,,,,,,,,,,,,,
99,,,,,,,,,,,,,,50.0,26.5,14.0,14.25,30.75,23.25,42.0,26.75,59.25,85.25,36.25,67.75,55.75,66.75,35.25,38.0,33.0,16.25,23.0,25.75,5.0,7.75,4.75,6.75,30.0,20.0,6.75,48.75,22.5,36.0,44.5,60.25,32.75,26.75,33.5,2.0,7.0,9.0,12.0,6.5,10.5,7.5,14.75,34.0,13.25,28.25,60.25,29.0,39.25,10.25,29.75,,,,,,,,,,,,,,,
100,,,,,,,,,,,,,,48.75,22.25,4.25,27.25,26.5,23.25,28.25,14.25,58.5,85.0,34.0,90.0,60.0,49.75,44.25,39.75,16.75,13.0,26.75,44.5,4.75,13.5,11.25,2.0,18.5,18.75,7.25,49.5,16.75,41.5,23.5,61.0,28.75,31.0,22.75,13.25,4.25,8.5,11.75,13.75,0.0,1.75,20.5,42.0,22.5,33.75,50.25,25.0,32.5,16.0,42.75,,,,,,,,,,,,,,,
101,,,,,,,,,,,,,,15.25,18.75,0.0,25.5,45.25,58.5,47.75,48.5,85.0,86.25,80.0,57.5,71.5,61.5,62.75,54.0,53.5,25.25,21.25,22.75,35.5,23.5,8.0,31.75,23.0,28.0,19.5,34.5,16.75,21.25,26.0,42.25,19.75,19.5,26.75,21.5,8.0,5.0,2.75,21.5,18.25,2.5,28.0,8.5,8.5,41.75,52.5,37.75,42.5,25.75,50.5,,,,,,,,,,,,,,,
102,,,,,,,,,,,,,,20.0,10.0,8.0,32.5,32.25,45.5,47.75,43.25,76.75,80.75,65.0,75.25,47.5,78.5,64.75,46.5,61.25,22.75,30.25,27.75,27.5,13.5,6.0,44.5,29.5,26.0,15.25,29.5,6.25,34.0,26.25,50.5,22.5,10.5,28.25,26.75,12.25,10.75,7.75,19.25,19.75,16.0,20.25,8.75,19.75,27.5,68.0,41.5,45.5,40.0,35.0,,,,,,,,,,,,,,,
103,,,,,,,,,,,,,,39.25,23.25,13.0,28.0,38.25,51.25,48.25,21.25,68.5,89.0,46.0,96.5,36.0,60.0,32.0,35.5,23.25,9.0,15.25,38.75,4.5,14.0,14.0,10.75,16.5,17.75,15.25,52.0,16.75,49.5,41.25,43.0,39.0,36.25,24.25,20.25,9.25,17.0,14.75,12.75,4.25,5.75,18.25,41.5,29.5,29.5,57.5,29.25,31.0,16.75,40.75,23.5,,,,,,,,,,,,,,
104,,,,,,,,,,,,,,18.5,0.0,22.0,21.75,33.5,51.25,77.75,47.5,36.5,78.75,67.5,93.75,20.25,43.0,49.25,35.25,35.25,53.75,23.0,16.25,29.75,2.5,25.25,11.75,17.25,7.5,24.25,26.25,28.5,24.25,10.75,36.5,48.75,18.0,37.0,19.5,7.25,4.5,20.0,16.75,6.25,5.5,23.25,42.5,42.5,15.75,31.0,54.5,27.0,40.0,29.0,31.0,,,,,,,,,,,,,,
105,,,,,,,,,,,,,,,24.0,11.0,18.25,41.5,39.5,42.75,12.0,60.25,83.75,43.0,77.75,78.25,47.25,43.5,31.25,16.0,21.0,20.5,30.25,8.0,11.0,6.75,7.0,35.0,10.5,12.75,39.75,3.0,59.75,45.75,47.0,58.5,37.5,23.75,17.25,15.0,10.0,12.75,11.0,5.25,10.5,26.25,40.5,22.0,42.25,51.5,28.25,42.0,15.75,30.25,35.0,,,,,,,,,,,,,,
106,,,,,,,,,,,,,,,11.75,3.75,28.25,26.25,62.25,60.0,32.5,78.75,63.25,51.75,45.0,50.5,54.0,62.25,42.25,35.0,24.75,22.0,25.75,27.5,13.25,9.25,23.25,21.0,28.0,31.5,26.75,13.75,10.0,35.0,38.5,20.0,25.75,14.75,21.0,12.5,9.0,10.75,21.5,10.0,3.0,16.75,20.5,7.0,22.25,36.75,17.5,41.75,27.5,34.75,37.25,,,,,,,,,,,,,,
107,,,,,,,,,,,,,,,12.75,2.75,32.5,28.5,49.25,41.75,43.25,79.75,87.0,35.0,53.25,50.0,57.25,59.75,30.5,38.5,22.0,33.25,28.5,26.5,12.5,6.75,12.75,18.5,22.75,21.25,32.75,6.75,13.0,33.25,37.0,29.0,17.0,36.25,15.25,17.5,14.0,7.0,33.0,14.75,2.0,16.5,18.75,14.25,35.75,37.25,30.0,56.25,24.25,35.5,39.75,,,,,,,,,,,,,,
108,,,,,,,,,,,,,,,18.75,9.0,16.25,32.0,41.75,39.25,31.0,45.25,84.0,39.75,93.5,52.25,42.0,43.5,32.25,17.0,17.5,20.25,21.75,6.25,12.25,4.25,8.0,26.0,20.25,4.5,35.0,20.0,48.0,25.5,38.5,31.75,11.25,18.75,24.0,6.25,4.0,7.5,11.5,7.0,1.75,20.5,30.75,17.0,23.25,53.25,25.0,21.75,7.25,32.75,33.25,,,,,,,,,,,,,,
109,,,,,,,,,,,,,,,0.0,34.0,25.0,30.0,39.5,98.75,35.75,52.25,64.5,50.5,77.75,32.5,35.5,51.75,29.5,33.0,51.75,35.75,18.5,19.75,5.0,12.75,17.0,16.25,7.0,39.5,34.75,46.5,37.25,29.5,54.5,43.5,30.75,30.75,20.5,5.25,2.0,30.0,11.25,12.25,12.0,6.5,44.75,47.25,21.75,41.25,48.0,28.5,51.25,18.0,26.75,,,,,,,,,,,,,,
110,,,,,,,,,,,,,,,26.0,11.0,11.0,32.75,21.25,27.25,23.25,46.5,74.5,43.0,91.25,54.75,53.5,26.5,32.5,19.75,18.25,14.75,11.25,8.25,15.0,13.25,9.5,35.0,13.0,3.0,19.25,9.5,34.25,40.5,59.0,35.75,19.5,23.75,20.75,9.0,8.75,12.25,5.5,4.75,7.75,13.25,16.25,20.75,33.25,45.75,23.5,35.0,9.75,35.75,29.25,26.25,,,,,,,,,,,,,
111,,,,,,,,,,,,,,,0.0,24.0,26.75,35.75,35.5,71.5,37.0,49.0,72.0,53.25,76.75,25.0,40.75,35.75,35.25,30.25,45.25,15.5,26.5,17.25,4.5,17.75,18.5,16.0,15.5,31.75,17.25,29.0,22.5,28.75,38.0,36.25,26.0,25.5,8.5,7.5,4.5,16.0,7.0,16.25,10.25,17.5,38.0,35.5,18.75,42.25,44.5,24.5,29.25,26.5,17.0,29.0,,,,,,,,,,,,,
112,,,,,,,,,,,,,,,7.0,0.0,23.5,31.5,53.0,48.5,58.25,74.0,83.5,76.0,79.5,52.5,47.0,61.25,42.5,46.5,14.75,31.5,32.75,32.25,27.25,11.25,34.0,32.0,31.75,27.5,22.5,6.5,35.5,40.0,47.25,10.5,24.75,13.0,7.25,19.5,8.0,8.5,33.75,20.0,7.0,25.0,20.0,22.25,39.75,57.5,30.5,36.25,33.75,24.25,34.5,27.0,,,,,,,,,,,,,
113,,,,,,,,,,,,,,,,9.25,14.0,37.25,32.75,27.75,20.75,41.75,70.0,56.75,91.25,56.5,58.5,41.5,28.0,17.75,10.25,15.0,11.5,8.75,12.25,11.0,6.75,24.0,13.5,0.0,24.0,13.5,48.0,24.25,61.25,41.25,16.5,39.75,18.25,9.25,9.25,15.25,11.5,10.25,5.5,17.0,17.0,19.25,34.75,54.5,34.0,36.25,7.25,37.0,27.75,27.25,,,,,,,,,,,,,
114,,,,,,,,,,,,,,,,3.0,26.25,34.75,58.0,59.25,56.0,73.0,79.75,68.0,69.75,68.5,49.0,73.0,47.25,46.5,16.5,34.0,34.5,35.75,29.75,8.75,37.25,30.5,34.75,19.25,10.75,7.5,32.0,33.0,46.25,11.5,30.0,18.25,11.0,15.5,11.25,11.5,38.25,17.25,5.0,22.25,18.5,23.75,39.0,51.25,40.25,48.25,34.0,29.0,31.0,30.0,,,,,,,,,,,,,
115,,,,,,,,,,,,,,,,14.0,16.75,32.25,33.75,43.0,27.0,61.25,81.25,47.0,98.0,61.0,65.25,42.75,39.0,20.5,13.0,27.5,28.75,7.75,12.25,19.0,12.25,13.75,19.0,3.5,62.75,9.5,53.25,33.25,62.75,46.0,30.5,22.5,2.5,7.75,9.5,13.75,23.25,4.0,5.25,9.0,39.75,17.75,31.75,54.5,37.5,41.0,18.5,39.0,18.75,19.0,,,,,,,,,,,,,
116,,,,,,,,,,,,,,,,8.0,21.0,31.5,42.5,41.0,19.0,60.5,80.0,34.5,76.5,55.5,53.0,51.75,29.5,18.0,18.0,23.0,34.5,8.75,10.0,14.0,6.0,26.5,20.75,9.5,47.75,10.5,49.0,37.0,57.0,38.25,19.5,26.75,16.0,11.0,9.5,10.0,8.0,11.0,4.0,22.5,16.5,10.5,22.5,62.75,13.5,30.0,16.75,24.0,33.0,27.0,,,,,,,,,,,,,
117,,,,,,,,,,,,,,,,7.25,21.75,38.25,81.5,34.75,43.0,67.0,71.5,50.75,56.25,41.5,48.5,87.5,38.0,53.5,10.5,24.75,25.75,34.0,22.75,12.0,26.0,22.25,13.75,24.5,25.25,1.75,22.5,25.5,38.0,27.0,21.0,24.0,26.0,5.25,11.5,7.25,19.25,12.5,6.75,23.75,14.0,10.75,27.25,41.25,34.25,34.75,35.0,40.0,27.75,27.5,,,,,,,,,,,,,
118,,,,,,,,,,,,,,,,10.75,21.0,34.25,46.25,41.0,14.0,62.75,75.5,30.25,76.75,48.75,58.0,55.0,32.0,18.25,16.0,31.0,32.5,8.75,10.0,14.0,8.5,29.5,20.75,12.25,39.0,7.75,53.0,40.5,48.0,32.0,20.0,33.0,19.5,11.0,11.75,10.25,8.0,11.0,4.0,20.5,19.75,16.75,24.75,57.5,17.5,34.0,14.5,26.5,31.0,27.25,,,,,,,,,,,,,
119,,,,,,,,,,,,,,,,2.0,29.25,32.75,51.75,44.0,31.0,80.5,76.75,55.0,70.5,31.5,55.5,77.25,43.75,49.0,15.25,19.25,19.25,26.5,16.0,11.25,22.0,13.5,18.5,27.5,32.75,10.75,15.25,32.5,48.5,14.25,18.5,22.25,27.0,11.5,12.75,12.25,20.0,21.25,5.25,12.0,2.25,18.25,33.75,36.75,33.25,36.75,25.25,29.0,40.25,28.5,,,,,,,,,,,,,
120,,,,,,,,,,,,,,,,10.25,28.5,30.75,44.25,52.0,27.75,68.5,95.5,62.75,69.0,73.25,66.5,37.0,36.0,27.0,25.25,22.0,35.25,10.25,14.25,5.5,8.25,26.75,12.5,6.0,58.0,19.25,63.0,52.0,49.75,35.5,43.75,12.5,16.0,13.0,12.5,9.25,9.5,7.0,4.0,9.0,35.25,22.5,42.75,79.75,33.0,44.75,16.0,39.25,27.0,19.0,,,,,,,,,,,,,
121,,,,,,,,,,,,,,,,26.5,39.75,28.75,32.25,89.25,40.25,63.25,82.25,71.5,78.0,36.5,29.75,47.5,52.25,38.5,57.75,27.5,21.75,18.25,4.75,26.0,10.0,16.5,10.75,27.5,32.5,56.0,43.75,27.5,33.0,26.0,13.0,48.0,21.0,8.75,2.5,36.5,18.5,9.75,8.0,14.5,49.75,54.5,24.0,36.0,58.0,31.0,39.25,32.5,41.25,22.25,,,,,,,,,,,,,
122,,,,,,,,,,,,,,,,,4.5,38.0,48.5,47.5,20.25,74.25,85.25,40.25,74.0,45.75,64.0,43.0,36.0,13.0,15.25,26.25,18.25,4.5,12.75,1.5,3.75,14.5,25.75,6.5,56.5,20.75,40.5,20.5,42.25,49.75,29.5,23.0,16.75,9.75,8.25,12.25,6.5,6.75,5.5,17.25,34.5,17.5,37.75,68.5,36.25,29.0,15.0,27.5,32.25,25.5,17.5,,,,,,,,,,,,
123,,,,,,,,,,,,,,,,,23.75,33.75,61.5,44.25,51.75,79.25,89.0,59.0,63.5,31.0,47.25,57.5,47.75,39.0,17.0,28.25,19.25,19.5,25.25,5.0,38.5,23.5,12.25,28.5,17.5,2.5,15.0,24.5,57.25,23.0,28.25,29.25,23.0,11.75,4.0,7.75,20.5,19.5,4.0,24.5,18.75,12.25,34.0,39.25,20.25,32.5,26.5,41.75,31.0,44.5,29.0,,,,,,,,,,,,
124,,,,,,,,,,,,,,,,,9.0,27.25,48.5,47.75,28.75,45.5,90.25,57.5,64.75,50.25,57.25,44.25,25.25,23.5,12.75,19.5,30.25,13.5,11.25,12.25,11.25,27.0,12.75,7.25,48.25,16.5,44.5,29.5,38.0,20.0,27.75,22.25,16.0,13.75,11.25,17.75,0.0,7.25,5.5,15.0,44.0,21.5,31.25,52.5,28.0,47.25,12.0,31.25,31.0,34.75,15.5,,,,,,,,,,,,
125,,,,,,,,,,,,,,,,,39.5,34.75,59.5,75.0,55.0,80.75,87.0,52.5,81.0,66.75,56.0,68.75,46.0,54.25,21.25,30.5,28.25,41.25,25.5,8.5,28.5,18.0,17.25,25.5,38.25,26.25,23.25,30.0,44.0,26.75,11.75,17.75,13.5,10.5,13.75,8.75,26.0,13.25,5.0,21.25,13.75,27.75,41.5,41.5,45.75,64.5,29.75,45.0,38.25,32.25,29.75,,,,,,,,,,,,
126,,,,,,,,,,,,,,,,,17.75,49.25,53.0,40.75,19.75,55.5,82.0,47.5,98.75,77.5,40.75,43.25,45.0,20.5,28.75,18.0,34.0,15.0,17.75,14.0,6.75,22.25,18.0,8.75,47.5,6.0,55.75,38.5,30.75,41.5,28.0,23.0,14.25,14.75,11.25,16.25,11.5,4.0,2.0,14.5,47.25,20.5,35.5,54.0,47.5,34.0,14.75,32.5,32.0,27.0,18.75,,,,,,,,,,,,
127,,,,,,,,,,,,,,,,,20.75,33.25,34.5,40.25,23.0,42.0,98.5,29.0,77.25,70.75,51.75,52.75,33.75,16.25,6.0,20.0,18.75,9.0,14.0,16.5,10.75,24.75,14.0,2.0,52.75,19.0,57.5,39.0,54.0,37.25,17.0,16.5,11.0,15.0,11.5,10.0,12.0,6.25,6.75,20.5,30.75,16.25,30.0,48.25,39.0,30.5,13.25,29.5,26.0,31.5,30.0,,,,,,,,,,,,
128,,,,,,,,,,,,,,,,,31.0,26.75,38.0,60.75,45.75,82.25,80.5,57.5,45.75,36.75,52.5,44.75,41.75,47.5,16.0,33.25,19.5,26.75,18.25,8.75,20.75,19.75,14.5,26.75,18.25,9.0,17.25,30.75,41.0,20.0,16.25,21.75,18.75,4.0,14.25,6.75,27.5,19.75,10.5,8.5,9.5,12.25,27.75,42.0,20.25,45.75,32.5,24.5,17.0,34.75,47.5,,,,,,,,,,,,
129,,,,,,,,,,,,,,,,,20.75,33.25,34.75,40.25,23.0,42.0,98.5,29.0,77.25,71.25,51.75,53.0,34.0,16.25,6.0,20.25,18.75,9.0,14.0,16.5,10.75,24.75,14.0,2.0,53.0,19.25,57.5,39.25,54.25,37.5,17.0,16.25,11.0,15.0,11.5,10.0,12.0,6.25,6.75,20.5,30.5,16.25,30.0,48.25,39.0,30.75,13.25,29.5,26.25,31.5,30.25,,,,,,,,,,,,
130,,,,,,,,,,,,,,,,,9.75,34.75,45.0,78.75,52.25,54.5,81.5,50.0,66.0,35.0,53.25,43.5,60.5,36.0,47.25,28.0,18.5,7.0,3.25,13.5,18.5,18.75,17.25,27.0,32.0,25.0,14.75,21.25,40.25,37.0,18.0,33.0,20.5,10.0,10.0,24.0,14.75,3.75,8.0,26.5,56.75,54.75,26.5,25.0,56.5,21.75,31.5,10.0,31.25,25.5,56.75,,,,,,,,,,,,
131,,,,,,,,,,,,,,,,,14.0,41.0,24.0,34.0,22.25,60.75,73.5,49.75,87.25,52.75,56.5,32.5,36.5,15.0,20.25,23.0,33.0,4.75,19.5,12.0,0.0,24.0,23.75,5.25,56.75,19.5,62.75,45.75,59.25,45.0,41.0,24.0,22.0,9.5,6.25,6.0,6.5,6.0,9.5,10.25,41.0,11.75,31.0,58.0,30.75,33.25,10.5,23.75,27.25,31.5,18.25,10.75,,,,,,,,,,,
132,,,,,,,,,,,,,,,,,,35.0,23.5,45.5,23.0,58.5,60.0,49.75,88.25,49.75,53.5,39.25,34.25,14.0,17.25,17.5,31.5,6.75,14.5,15.0,0.0,26.75,20.25,2.5,48.5,23.75,66.75,31.5,51.75,44.25,36.25,19.5,23.5,9.0,7.75,6.0,7.75,7.75,7.25,12.0,44.75,13.0,26.25,51.25,31.5,32.5,11.25,26.25,28.5,39.75,19.0,10.25,,,,,,,,,,,
133,,,,,,,,,,,,,,,,,,40.25,41.0,88.75,28.75,62.75,69.75,59.5,70.75,44.75,66.75,43.5,44.75,40.5,42.0,18.25,26.5,34.25,9.75,20.25,19.5,11.5,26.0,22.25,32.75,17.25,32.0,21.25,45.5,38.75,25.5,20.75,28.5,8.0,6.25,8.75,15.25,17.5,11.5,20.0,29.25,40.75,26.25,38.5,39.75,35.25,31.25,29.75,39.5,40.0,46.0,11.25,,,,,,,,,,,
134,,,,,,,,,,,,,,,,,,29.75,24.75,84.25,48.5,65.75,63.75,48.5,60.25,36.25,39.75,56.75,28.0,34.5,54.5,20.0,5.25,13.25,3.0,19.0,21.25,19.25,17.0,6.5,22.5,45.75,21.0,21.0,50.0,45.5,24.25,33.0,26.5,8.0,3.0,23.5,14.5,8.5,13.0,17.5,41.0,45.25,13.5,33.5,39.5,29.25,26.0,22.5,29.5,20.75,43.0,16.5,,,,,,,,,,,
135,,,,,,,,,,,,,,,,,,38.5,53.75,76.5,28.5,77.75,65.25,68.75,75.75,52.75,73.5,41.75,57.75,41.75,32.75,26.5,31.75,34.75,14.75,12.25,22.75,17.5,25.0,30.5,35.75,12.5,27.0,26.75,45.0,26.25,15.75,24.5,27.25,13.0,6.25,3.5,22.0,18.0,8.75,18.75,14.5,33.0,40.75,44.25,36.25,36.75,30.75,33.25,45.75,43.0,50.0,10.5,,,,,,,,,,,
136,,,,,,,,,,,,,,,,,,29.75,31.75,81.5,28.5,57.0,69.5,48.5,65.75,32.75,53.75,45.25,37.0,34.5,42.25,16.75,18.5,16.25,3.0,16.0,24.25,22.25,17.0,13.75,22.5,38.25,21.0,16.25,46.25,41.75,20.25,36.75,19.5,10.75,3.0,20.75,11.75,13.75,13.0,20.25,34.75,45.25,21.25,33.5,39.5,31.75,28.5,28.5,32.75,26.25,40.0,13.75,,,,,,,,,,,
137,,,,,,,,,,,,,,,,,,30.5,45.0,41.25,30.75,51.0,98.0,47.0,90.5,59.0,56.5,37.0,33.75,16.0,19.0,16.25,14.5,11.75,13.5,18.5,13.25,21.0,16.75,15.5,25.0,17.75,39.25,43.25,58.0,47.25,30.0,22.25,12.5,6.75,1.5,11.25,14.75,0.0,2.0,18.25,24.0,14.75,41.75,43.25,29.25,46.0,10.25,39.25,30.25,41.5,28.5,19.0,,,,,,,,,,,
138,,,,,,,,,,,,,,,,,,37.0,45.5,51.0,49.0,94.5,76.5,58.5,57.5,43.25,64.25,46.5,38.5,19.0,25.0,21.5,24.5,18.75,9.75,20.25,28.0,17.25,25.25,46.25,26.25,10.25,20.25,35.25,56.0,43.5,24.0,21.25,36.25,15.75,7.25,13.5,11.25,12.5,2.5,14.25,37.0,25.5,31.5,39.5,45.75,47.75,27.25,41.0,20.25,45.5,50.75,32.25,,,,,,,,,,,
139,,,,,,,,,,,,,,,,,,39.75,41.0,56.75,24.25,69.75,79.0,51.75,83.25,43.5,62.75,50.25,29.0,24.75,29.5,31.75,31.25,9.75,7.25,17.0,7.5,22.5,24.5,11.0,47.25,23.75,47.5,39.75,59.0,52.75,18.25,25.5,25.75,12.25,13.75,9.0,15.25,6.25,6.0,8.5,40.0,18.5,26.5,63.25,36.5,44.0,15.25,40.0,26.5,26.5,25.75,8.75,,,,,,,,,,,
140,,,,,,,,,,,,,,,,,,35.0,38.5,94.5,50.0,58.0,62.5,48.75,77.75,39.75,42.0,35.75,20.25,35.5,71.5,26.5,11.5,22.25,10.75,14.25,24.5,30.25,8.0,35.5,33.5,42.5,27.25,19.75,58.5,42.0,27.5,37.25,12.5,5.25,5.25,23.25,9.0,9.25,11.25,10.25,51.25,54.0,11.25,56.25,49.25,44.75,30.75,30.25,37.5,27.5,40.0,19.5,,,,,,,,,,,
141,,,,,,,,,,,,,,,,,,38.0,57.25,67.75,55.25,83.5,80.0,78.0,65.5,42.25,64.75,48.75,48.75,41.25,31.75,30.5,31.5,18.5,13.0,10.75,11.0,26.25,16.25,29.5,36.0,25.5,15.0,45.75,74.25,30.25,39.5,16.5,33.5,13.25,7.5,19.25,16.25,13.0,4.25,21.25,50.0,28.25,19.75,47.25,42.5,33.0,33.25,42.75,34.0,33.25,65.25,11.75,,,,,,,,,,,
142,,,,,,,,,,,,,,,,,,26.75,36.5,96.25,56.75,54.5,45.25,49.75,71.25,22.0,44.0,41.0,39.0,32.5,38.5,27.0,10.75,22.5,5.75,14.5,8.75,21.0,11.5,32.0,16.0,36.25,29.25,27.0,42.75,36.75,25.0,19.25,22.75,14.5,4.75,24.75,12.25,12.25,9.0,20.25,44.0,50.5,22.75,36.5,51.5,35.25,31.75,22.5,34.0,30.0,26.25,20.0,,,,,,,,,,,
143,,,,,,,,,,,,,,,,,,,39.0,81.25,32.75,60.0,72.25,56.25,71.25,31.75,44.0,48.75,34.5,27.0,45.75,19.5,34.0,10.5,7.25,25.75,18.25,23.0,8.25,31.75,46.25,29.5,39.75,20.0,50.0,32.5,15.0,25.75,2.75,8.0,7.25,23.75,18.25,2.0,8.75,20.25,30.5,46.0,21.25,30.5,43.0,39.5,39.25,23.5,27.5,32.25,47.75,21.5,30.0,,,,,,,,,,
144,,,,,,,,,,,,,,,,,,26.25,31.75,89.5,35.25,53.0,73.5,68.0,80.75,34.5,32.5,32.5,32.0,35.75,57.75,16.0,27.25,19.0,7.5,25.5,10.5,22.5,5.75,31.25,34.25,36.5,26.5,15.75,36.25,28.25,18.5,19.25,5.25,12.25,5.0,26.75,10.75,6.5,10.5,17.75,52.25,53.75,21.75,40.75,39.0,35.0,20.0,18.0,29.75,22.0,47.75,18.0,23.5,,,,,,,,,,
145,,,,,,,,,,,,,,,,,,,33.75,52.0,24.75,53.0,76.25,44.0,92.5,69.75,62.25,40.25,33.25,20.75,14.25,18.75,30.5,12.5,12.0,18.0,9.75,20.25,23.0,4.5,47.5,9.5,31.25,41.5,38.75,52.5,34.0,15.75,8.75,5.25,5.0,8.75,17.75,8.25,8.0,24.0,40.75,23.25,29.25,71.0,34.5,44.75,15.5,37.0,31.0,25.5,34.0,18.5,38.0,,,,,,,,,,
146,,,,,,,,,,,,,,,,,,,47.25,70.5,47.25,76.75,80.25,63.75,76.0,37.75,60.0,31.5,35.5,25.0,43.25,21.75,32.5,24.5,8.25,11.0,13.75,20.75,15.25,28.0,26.5,35.75,22.25,16.25,31.5,32.75,26.5,23.5,24.0,14.0,16.0,28.25,17.75,14.5,11.5,17.5,32.25,28.75,16.0,55.25,39.75,37.5,43.0,33.25,37.0,12.75,64.5,11.25,33.5,,,,,,,,,,
147,,,,,,,,,,,,,,,,,,,69.75,62.0,42.25,88.0,83.75,60.25,69.0,41.5,50.0,50.0,37.75,53.25,40.5,27.0,36.25,20.0,9.5,16.75,22.25,18.75,13.75,14.75,28.5,30.25,33.75,14.0,40.75,35.0,19.75,44.5,13.0,11.0,6.5,13.0,21.0,16.5,11.5,25.75,23.75,32.5,26.0,39.25,38.25,51.0,45.75,26.75,26.0,37.75,55.0,22.0,34.0,,,,,,,,,,
148,,,,,,,,,,,,,,,,,,,35.25,49.75,22.75,49.5,95.0,48.0,87.75,64.75,58.75,38.0,25.0,13.0,18.75,20.25,25.5,6.25,21.75,11.75,12.75,25.0,23.0,2.25,52.25,15.0,40.5,46.75,63.0,52.5,15.5,21.25,16.0,7.5,8.5,7.75,7.5,2.75,6.25,14.0,33.0,17.0,34.0,55.25,30.5,46.25,15.25,47.75,29.5,18.0,16.0,22.5,37.5,,,,,,,,,,
149,,,,,,,,,,,,,,,,,,,54.5,64.25,33.75,54.5,94.5,48.75,69.5,39.75,44.0,43.75,20.0,29.75,40.0,13.0,15.75,5.0,22.0,11.5,15.75,16.25,16.0,21.0,17.0,28.5,31.5,33.25,26.0,26.5,14.0,34.25,18.25,11.25,15.25,19.25,8.25,9.5,9.5,20.25,32.5,33.75,25.5,41.5,42.25,32.5,31.25,17.0,35.0,20.0,36.25,12.5,27.25,,,,,,,,,,
150,,,,,,,,,,,,,,,,,,,19.75,59.5,47.25,54.0,87.25,64.5,73.25,30.25,28.75,43.0,25.0,25.0,49.25,27.5,30.0,10.0,2.0,12.0,20.5,9.75,13.0,38.5,14.0,49.75,40.25,30.75,43.0,43.25,22.0,39.25,13.5,11.75,1.75,27.75,10.75,18.5,1.75,16.0,20.25,37.25,19.25,34.0,50.0,31.5,37.75,33.5,29.25,16.25,43.0,28.25,26.75,,,,,,,,,,
151,,,,,,,,,,,,,,,,,,,,56.0,43.0,94.75,73.5,63.75,49.25,58.75,63.0,83.75,40.75,33.0,18.25,41.25,23.75,21.5,18.75,21.75,29.5,23.75,19.0,27.25,33.25,9.75,26.5,49.25,61.75,21.25,13.25,20.75,12.5,8.25,7.0,10.0,24.25,24.25,4.25,25.25,15.25,15.75,36.75,48.75,34.0,36.75,21.0,39.25,32.75,40.0,50.0,20.25,59.75,41.0,,,,,,,,,
152,,,,,,,,,,,,,,,,,,,,41.5,17.75,55.0,84.75,43.0,70.25,62.5,74.0,38.5,38.0,22.25,27.75,23.5,28.25,12.5,14.5,15.0,2.25,26.5,10.75,2.75,29.25,23.75,50.0,36.5,39.0,41.5,16.75,31.5,9.0,7.5,8.75,12.5,13.25,4.5,5.75,13.5,32.0,18.25,38.75,50.5,39.0,32.75,6.5,36.25,29.0,33.5,24.0,17.0,31.5,19.75,,,,,,,,,
153,,,,,,,,,,,,,,,,,,,,61.0,48.25,84.5,90.5,67.5,60.25,46.0,84.0,71.0,43.25,45.25,19.25,47.75,28.5,24.25,14.5,17.5,37.5,17.5,18.75,30.25,40.0,11.5,24.0,55.75,40.0,18.75,18.25,25.25,31.0,12.25,10.5,13.0,30.75,26.75,2.75,29.25,29.25,24.25,31.5,43.5,35.5,50.75,18.0,35.5,34.75,32.5,41.5,29.75,61.5,47.0,,,,,,,,,
154,,,,,,,,,,,,,,,,,,,,37.0,18.5,48.25,68.0,44.75,70.0,74.75,58.0,40.75,27.25,17.25,18.5,16.75,25.75,6.75,15.75,13.25,4.5,24.25,24.0,7.0,50.25,23.0,35.25,43.75,35.25,34.5,23.25,26.0,15.25,12.5,6.75,12.25,9.5,8.75,5.5,11.75,45.5,31.75,35.5,59.5,23.25,40.0,6.0,32.0,26.75,45.25,30.75,24.25,32.25,23.25,,,,,,,,,
155,,,,,,,,,,,,,,,,,,,,39.5,34.25,86.0,76.5,67.75,73.5,51.5,52.5,70.25,52.5,34.25,23.75,34.0,31.75,27.25,31.25,5.0,28.0,20.75,15.5,26.25,41.0,5.75,11.25,26.25,54.25,9.75,22.75,23.25,18.25,7.75,7.0,11.5,23.5,16.0,4.25,18.5,12.0,12.75,30.25,48.75,37.75,43.5,29.75,31.0,31.25,51.5,55.75,17.0,31.0,38.0,,,,,,,,,
156,,,,,,,,,,,,,,,,,,,,48.5,32.75,83.5,73.5,46.75,83.0,60.0,77.5,50.75,40.75,25.0,13.0,14.25,18.0,16.25,15.75,10.75,12.5,24.75,16.25,11.5,51.25,12.25,63.75,39.25,63.0,46.75,35.25,24.0,18.75,13.5,11.75,11.75,16.25,4.75,1.75,22.5,45.25,18.5,41.5,60.25,55.75,43.0,6.5,38.0,24.0,24.75,32.5,17.25,47.0,23.5,,,,,,,,,
157,,,,,,,,,,,,,,,,,,,,,52.75,62.25,60.75,59.0,86.0,25.75,38.0,52.25,29.25,40.0,47.0,16.0,24.0,15.75,4.5,10.0,12.0,24.75,5.0,13.25,27.25,40.5,19.75,25.75,37.0,50.5,24.25,49.0,19.75,7.25,0.0,22.0,17.75,10.5,7.75,8.75,48.75,44.0,25.5,22.0,40.25,26.75,37.25,21.25,20.5,29.0,21.5,17.0,23.75,22.25,32.75,,,,,,,,
158,,,,,,,,,,,,,,,,,,,,,,49.25,48.75,56.5,83.75,32.0,41.75,38.5,30.75,32.5,53.0,24.75,24.75,12.5,10.0,21.25,17.25,12.25,12.75,22.0,15.0,47.75,30.5,27.0,31.5,33.0,36.0,37.5,31.75,9.5,4.75,30.25,6.5,14.5,8.25,22.5,49.75,31.25,11.75,32.25,51.75,33.0,25.25,20.5,37.25,24.5,42.5,11.5,43.5,38.75,32.5,7.0,,,,,,,
159,,,,,,,,,,,,,,,,,,,,,,51.0,71.75,62.5,88.0,27.0,36.75,45.75,32.25,32.25,73.0,17.5,13.75,4.5,5.25,18.0,17.0,16.75,11.75,24.75,25.5,44.5,42.5,13.0,23.75,43.5,36.25,31.5,13.0,7.25,3.0,30.0,13.25,13.25,4.75,14.5,40.25,54.75,18.5,49.0,27.0,39.25,36.75,14.25,24.75,18.25,34.25,14.25,27.75,18.75,41.0,11.75,,,,,,,
160,,,,,,,,,,,,,,,,,,,,,,72.25,80.25,57.5,74.25,32.5,70.5,31.25,40.75,27.0,45.75,40.0,14.0,17.0,14.75,17.5,36.0,27.0,4.75,22.0,26.0,21.0,32.75,29.75,69.0,46.5,27.0,40.25,18.25,4.75,10.25,34.75,18.5,7.5,6.25,12.5,31.25,40.0,12.75,36.0,38.75,30.25,40.25,14.25,39.0,28.75,44.75,20.25,41.0,20.5,27.75,15.25,,,,,,,
161,,,,,,,,,,,,,,,,,,,,,,65.75,72.75,40.25,88.5,52.5,57.75,31.0,31.75,18.5,11.5,27.5,31.5,13.75,17.5,11.75,12.5,30.0,12.0,2.25,46.25,11.5,45.75,48.25,55.75,37.0,28.75,16.25,12.75,11.75,13.0,5.25,13.25,5.5,5.75,21.75,46.25,14.0,31.75,73.0,24.75,25.75,17.5,35.0,36.0,32.75,24.75,23.25,28.75,27.5,9.5,11.25,,,,,,,
162,,,,,,,,,,,,,,,,,,,,,,63.75,94.25,53.5,75.25,61.0,74.5,83.75,43.0,45.5,15.25,43.5,30.5,32.25,18.0,8.0,38.75,29.25,21.75,17.5,29.0,12.5,29.5,38.75,33.25,13.25,16.25,35.75,18.5,13.0,10.0,14.25,18.75,18.25,4.0,14.5,23.75,19.75,37.25,50.25,27.25,47.75,38.25,43.5,24.25,28.25,51.5,14.25,43.75,25.75,16.5,31.75,17.75,,,,,,
163,,,,,,,,,,,,,,,,,,,,,,,86.0,38.25,76.0,89.0,58.0,31.75,42.75,20.25,10.0,16.0,25.75,11.25,13.0,6.5,6.75,17.25,6.75,2.0,47.0,8.0,63.0,35.25,44.25,36.5,32.25,25.25,14.75,2.75,11.5,17.75,11.25,8.0,2.25,23.25,44.0,13.0,45.0,53.5,28.5,42.5,10.25,39.5,25.25,34.75,25.25,17.25,29.25,35.25,6.75,13.5,11.5,,,,,,
164,,,,,,,,,,,,,,,,,,,,,,,96.5,60.5,50.75,29.0,38.0,57.0,45.5,34.75,16.5,32.5,21.5,33.5,24.25,4.5,21.75,25.0,20.5,36.25,19.25,11.5,15.0,28.75,37.5,29.0,8.75,26.75,17.75,5.25,13.0,7.25,19.25,20.0,10.0,9.5,13.75,8.0,38.75,40.75,23.0,41.75,28.75,32.0,20.0,24.75,24.5,24.75,33.0,32.75,19.75,24.25,17.5,,,,,,
165,,,,,,,,,,,,,,,,,,,,,,,80.0,52.25,92.25,61.25,65.25,32.25,32.25,14.0,12.75,24.0,12.0,5.0,6.5,6.5,6.75,18.25,16.25,5.0,66.75,27.75,55.25,26.5,42.5,36.0,44.5,19.75,12.5,6.0,8.0,12.0,10.0,4.0,9.0,29.75,44.0,20.5,25.75,54.75,28.25,23.5,12.0,27.5,28.25,28.25,23.25,7.75,24.5,26.75,11.75,8.5,8.5,3.75,,,,,
166,,,,,,,,,,,,,,,,,,,,,,,,60.0,86.25,56.75,78.75,44.0,30.75,18.5,15.0,22.25,27.75,7.25,9.0,6.75,7.0,15.25,16.5,7.5,61.5,24.25,38.25,30.5,54.75,30.5,30.0,29.0,7.25,13.25,10.5,16.0,18.25,1.75,3.5,17.5,33.75,20.5,31.5,56.0,25.25,45.75,3.75,34.0,26.25,18.5,30.5,20.75,32.75,14.5,9.25,13.5,11.0,16.5,,,,,
167,,,,,,,,,,,,,,,,,,,,,,,,64.0,89.5,38.0,39.25,47.0,44.5,40.75,57.25,13.0,22.75,15.5,20.0,8.0,21.75,20.5,17.75,21.75,18.25,32.0,42.0,35.5,26.0,62.25,20.5,22.0,12.25,19.5,5.5,29.0,7.25,12.25,14.0,15.5,49.5,68.75,14.25,37.75,41.0,37.5,36.5,38.75,45.25,20.75,37.0,12.5,48.75,34.25,20.0,5.25,0.0,5.25,,,,,
168,,,,,,,,,,,,,,,,,,,,,,,,52.0,76.5,55.75,46.0,45.25,43.0,37.0,40.5,23.25,19.75,20.5,8.5,26.25,32.0,10.5,18.5,29.5,22.75,49.0,23.25,35.75,41.0,44.0,13.5,50.0,27.5,15.5,13.75,30.25,14.75,16.75,16.75,15.0,47.75,58.75,15.0,49.0,31.25,35.5,25.5,21.25,19.25,21.0,35.0,15.5,38.0,22.75,26.5,17.25,5.25,5.0,,,,,
169,,,,,,,,,,,,,,,,,,,,,,,,45.25,89.5,28.25,46.5,29.5,33.25,39.75,61.0,21.0,21.75,17.5,9.5,9.75,20.75,22.75,7.75,32.0,44.75,51.25,25.0,46.75,59.0,60.0,15.0,31.25,23.75,9.25,7.0,30.0,16.5,15.0,7.25,26.5,61.75,49.25,21.75,52.0,45.0,32.0,21.0,26.0,26.25,10.0,40.5,6.25,37.25,23.25,32.0,10.5,6.75,8.5,,,,,
170,,,,,,,,,,,,,,,,,,,,,,,,30.5,97.75,60.75,61.5,41.75,33.25,12.25,10.25,25.5,31.5,7.0,15.75,4.25,4.25,26.0,14.25,11.25,43.0,10.25,49.0,33.25,52.25,27.5,19.75,21.75,20.25,13.0,8.5,14.75,7.75,8.0,6.75,18.5,22.0,12.75,26.0,48.5,33.25,37.75,8.0,26.0,35.25,21.75,31.75,8.0,22.75,32.75,2.25,10.5,8.5,19.5,19.75,,,,
171,,,,,,,,,,,,,,,,,,,,,,,,,72.5,53.5,76.75,58.75,36.25,43.75,19.0,26.5,28.0,25.75,24.0,2.75,29.0,18.25,11.5,21.25,35.5,6.5,28.75,15.5,48.75,16.0,21.0,35.75,16.5,15.0,6.75,15.0,23.25,26.25,10.0,24.75,14.5,18.0,43.75,39.25,36.25,40.5,22.5,38.25,37.5,43.25,52.0,19.75,41.0,47.0,16.5,22.0,13.5,23.5,13.25,,,,
172,,,,,,,,,,,,,,,,,,,,,,,,,86.25,57.75,70.0,35.75,26.0,12.5,12.0,24.0,32.0,4.5,9.25,9.5,5.0,11.25,17.75,6.25,48.0,20.5,38.75,36.75,53.5,55.75,34.0,24.75,17.5,4.75,18.0,4.75,8.5,1.75,5.5,14.25,21.75,24.25,22.25,50.0,26.75,25.0,16.5,32.75,32.5,25.5,21.0,19.25,30.5,18.25,15.25,11.5,7.0,12.25,6.75,,,,
173,,,,,,,,,,,,,,,,,,,,,,,,,42.75,58.0,41.75,77.25,44.5,39.0,16.0,25.75,23.0,22.0,17.0,9.5,21.25,29.25,17.0,34.75,34.75,11.25,30.25,38.25,49.0,30.5,12.0,29.5,5.5,14.25,13.5,11.0,16.75,13.75,5.75,21.5,2.5,10.0,51.75,45.5,43.0,57.0,24.75,32.25,30.5,19.75,49.25,20.0,43.0,32.25,14.75,19.0,16.0,20.75,8.5,,,,
174,,,,,,,,,,,,,,,,,,,,,,,,,87.0,41.5,63.0,42.5,37.25,26.5,62.0,15.5,21.5,11.75,5.75,17.75,28.25,26.5,3.0,31.25,34.5,62.0,28.25,13.0,44.0,50.5,39.5,36.75,10.25,8.75,8.0,27.0,8.0,12.25,2.25,18.25,50.5,50.25,21.25,40.75,61.0,50.25,45.25,18.75,36.5,26.25,50.0,15.5,23.75,14.5,27.5,8.5,5.75,8.0,7.75,,,,
175,,,,,,,,,,,,,,,,,,,,,,,,,81.25,35.0,50.5,29.25,26.75,42.0,50.0,33.75,19.25,11.0,10.75,19.75,19.5,25.75,21.0,31.5,28.25,26.5,37.5,41.5,55.25,38.25,17.5,22.0,19.5,8.5,5.75,25.75,17.75,12.0,11.0,30.5,44.75,43.0,12.25,38.0,49.5,48.25,47.5,21.0,46.0,16.25,22.75,14.0,41.0,20.75,24.0,6.0,5.75,0.0,13.0,,,,
176,,,,,,,,,,,,,,,,,,,,,,,,,65.5,63.5,45.5,77.25,33.25,43.75,16.5,26.75,28.0,35.5,14.5,18.75,20.75,26.0,10.75,18.25,28.25,13.75,14.5,30.25,71.5,22.0,39.5,27.5,32.5,8.5,14.0,15.75,27.75,20.0,11.5,12.25,27.5,22.75,27.5,38.25,39.75,55.25,24.0,29.0,38.5,32.25,55.5,23.75,43.75,26.75,20.5,27.75,19.75,17.75,11.0,,,,
177,,,,,,,,,,,,,,,,,,,,,,,,,72.25,26.25,53.5,49.0,50.5,38.0,50.5,34.25,7.25,22.25,17.25,16.75,21.75,22.5,7.25,34.75,26.75,37.75,55.5,33.75,63.0,57.0,56.0,43.0,41.25,6.25,4.0,37.0,27.25,23.75,10.5,19.75,65.0,61.25,25.25,39.0,69.75,39.0,55.0,24.75,60.5,32.25,63.75,13.75,53.25,26.25,28.25,23.75,3.5,6.25,5.5,,,,
178,,,,,,,,,,,,,,,,,,,,,,,,,97.75,70.0,45.25,50.0,21.25,17.5,5.75,20.25,21.75,17.0,10.25,13.0,6.0,12.75,21.5,2.0,34.75,9.5,37.0,38.0,39.0,39.0,15.25,13.5,16.75,14.0,8.0,9.25,11.0,3.5,3.5,15.25,38.25,18.75,28.75,41.25,18.75,25.75,11.0,38.5,27.5,24.75,26.0,11.0,31.5,20.0,2.25,14.25,10.0,14.5,9.25,0.0,,,
179,,,,,,,,,,,,,,,,,,,,,,,,,61.75,37.25,39.75,32.0,34.0,54.75,43.25,24.0,33.0,11.25,16.75,11.25,29.75,20.25,8.5,21.75,13.25,21.25,27.0,24.75,54.0,39.0,34.25,10.75,18.5,8.25,8.75,28.5,23.25,14.5,6.5,18.0,57.0,51.0,20.75,40.75,47.75,49.25,44.0,31.0,30.75,17.25,41.5,15.75,40.75,25.75,44.25,22.5,13.25,2.5,2.25,2.25,,,
180,,,,,,,,,,,,,,,,,,,,,,,,,,67.25,65.25,42.0,44.25,27.0,21.5,27.75,34.25,11.25,20.0,13.0,3.75,16.75,24.5,19.0,65.5,7.75,49.0,54.25,55.75,42.5,43.25,11.0,12.25,18.5,11.25,4.0,15.75,2.0,8.5,27.5,42.5,24.25,48.5,54.25,33.75,53.75,17.25,41.75,35.0,37.0,37.75,14.25,46.0,26.75,11.25,15.5,5.0,24.0,9.75,0.0,,,
181,,,,,,,,,,,,,,,,,,,,,,,,,,62.5,59.75,41.25,32.75,18.75,19.5,16.75,32.0,12.0,22.25,14.0,5.5,25.75,9.75,9.75,38.25,21.25,36.5,33.75,54.5,57.25,13.5,22.25,19.75,11.25,13.0,19.0,11.75,6.25,10.5,12.25,36.5,20.75,26.25,35.25,34.25,40.0,3.0,22.75,20.5,31.0,30.25,17.75,31.5,25.0,7.75,15.75,10.5,13.25,7.75,0.0,,,
182,,,,,,,,,,,,,,,,,,,,,,,,,,,41.0,51.0,25.0,38.75,39.75,14.0,11.5,13.75,0.0,17.75,21.0,14.5,8.25,30.0,13.75,26.5,42.25,27.25,39.75,48.0,27.5,22.0,15.75,2.75,12.0,22.75,12.0,11.25,12.25,17.75,42.25,57.75,17.5,41.75,39.75,35.0,40.0,29.75,38.25,31.25,53.75,22.75,38.0,29.5,27.5,18.5,0.0,4.75,6.75,4.25,14.25,,
183,,,,,,,,,,,,,,,,,,,,,,,,,,,50.0,44.0,33.75,17.75,11.5,23.25,27.0,7.5,14.25,17.5,10.0,20.0,10.75,5.5,31.25,20.25,50.0,15.0,48.0,23.5,16.0,35.5,12.75,12.75,10.25,13.25,8.75,3.0,3.0,19.25,36.0,14.5,26.0,53.5,34.0,42.75,13.5,45.0,28.75,30.0,26.5,10.75,24.0,19.5,13.25,10.5,10.5,8.75,22.75,0.0,11.25,,
184,,,,,,,,,,,,,,,,,,,,,,,,,,,50.5,42.25,34.25,22.25,8.25,20.5,36.5,11.5,9.25,15.25,13.0,19.25,14.0,8.25,47.5,8.75,43.25,32.5,41.0,40.25,25.25,38.0,9.0,15.75,12.75,12.25,5.5,0.0,3.5,22.75,45.75,17.75,31.25,51.25,43.5,41.5,12.5,49.5,30.5,21.0,35.25,13.25,26.75,26.0,7.75,14.5,9.0,15.75,16.75,0.0,11.75,,
185,,,,,,,,,,,,,,,,,,,,,,,,,,,51.25,43.75,35.0,22.25,8.25,21.0,36.75,11.5,9.5,15.5,13.25,19.5,14.0,8.5,47.5,8.75,43.5,33.0,41.25,40.5,25.5,38.0,9.0,16.0,13.0,12.5,5.5,0.0,3.5,23.0,46.0,18.0,31.75,51.25,44.25,41.75,12.75,49.75,30.75,21.25,35.5,13.25,27.0,26.25,7.75,14.5,9.0,15.75,17.0,0.0,12.0,,
186,,,,,,,,,,,,,,,,,,,,,,,,,,,57.0,50.25,34.25,24.5,62.5,32.25,15.25,14.25,8.25,16.25,27.5,27.75,12.25,20.5,29.5,41.5,31.0,33.0,32.5,57.25,26.75,43.0,27.5,8.5,4.5,35.0,8.0,16.0,2.0,13.75,43.0,21.75,20.5,41.75,57.5,33.75,23.75,22.5,35.5,26.25,43.75,12.25,45.75,28.75,17.75,10.5,7.75,12.25,8.0,0.0,12.75,,
187,,,,,,,,,,,,,,,,,,,,,,,,,,,39.0,59.0,21.25,32.25,47.0,30.75,18.25,15.5,12.25,30.75,20.5,23.75,10.5,28.0,21.25,44.5,32.25,18.0,41.75,37.25,33.75,33.75,23.5,9.0,11.75,22.25,16.0,4.5,9.25,12.75,42.25,68.0,30.0,51.75,31.75,44.25,38.75,31.0,36.75,29.25,37.5,9.75,47.75,14.25,31.5,12.0,5.25,11.0,5.75,4.75,13.5,,
188,,,,,,,,,,,,,,,,,,,,,,,,,,,,19.75,39.0,54.0,70.25,25.5,32.75,17.25,7.75,24.75,15.25,10.0,15.0,37.25,27.0,26.5,26.25,19.75,46.0,44.5,38.75,40.75,26.25,7.25,10.75,33.25,20.5,8.5,12.25,8.5,76.75,43.0,12.0,33.5,48.5,36.0,33.25,23.0,30.0,20.75,49.0,27.25,41.25,25.25,21.75,13.25,3.0,11.0,6.75,2.5,28.75,14.5,
189,,,,,,,,,,,,,,,,,,,,,,,,,,,,27.0,25.75,17.5,14.75,38.25,32.5,5.75,16.0,20.25,3.75,32.0,20.5,4.0,38.75,9.5,29.75,39.25,46.5,57.0,31.75,28.5,18.0,16.25,9.5,5.25,9.75,3.25,4.5,11.75,35.25,16.75,43.25,39.0,21.75,26.5,11.0,39.75,19.5,28.0,14.75,18.5,29.5,27.75,3.0,8.25,6.5,8.25,21.25,0.0,26.5,4.5,
190,,,,,,,,,,,,,,,,,,,,,,,,,,,,47.5,51.5,26.25,14.5,19.0,44.0,14.25,16.0,19.5,11.5,9.25,12.75,11.75,52.75,17.25,53.75,55.0,65.0,62.0,27.75,22.25,11.75,9.75,5.5,15.75,12.0,8.25,5.25,18.5,51.5,34.0,38.75,41.5,42.5,46.25,8.25,43.75,39.5,41.25,42.0,13.0,44.5,37.0,12.0,20.5,14.25,25.5,22.0,0.0,17.25,3.0,
191,,,,,,,,,,,,,,,,,,,,,,,,,,,,51.5,25.25,54.5,46.5,25.5,18.0,17.5,6.25,17.75,20.0,20.25,11.5,30.5,38.0,47.75,41.25,20.75,51.75,44.75,39.75,25.0,17.25,0.0,7.75,26.25,13.0,14.75,12.0,18.75,70.5,60.25,16.75,56.75,51.75,45.25,32.25,23.25,33.0,23.75,61.75,13.0,34.75,37.0,22.25,17.25,14.0,7.75,8.0,2.75,18.0,22.0,
192,,,,,,,,,,,,,,,,,,,,,,,,,,,,,48.75,32.0,16.25,27.25,28.5,2.5,9.5,4.75,9.25,31.0,16.0,2.25,31.75,20.5,45.25,51.0,56.75,36.75,24.25,20.5,19.5,13.75,8.0,8.5,6.25,6.0,2.0,27.25,52.0,8.0,26.75,42.25,26.25,34.0,8.0,30.25,36.5,24.75,33.25,20.75,34.0,35.0,4.5,11.5,6.5,14.75,13.0,0.0,10.0,9.0,6.25
193,,,,,,,,,,,,,,,,,,,,,,,,,,,,,27.75,44.5,24.5,16.5,19.75,18.25,3.25,11.75,25.25,28.0,14.0,37.75,33.5,27.5,3.25,38.75,58.0,23.5,15.75,36.0,12.5,17.75,6.25,7.25,16.5,25.75,8.75,16.5,27.75,17.25,35.0,44.75,28.75,39.25,34.75,33.25,31.5,23.25,27.25,7.5,38.5,25.0,20.25,25.0,7.75,7.25,7.5,12.75,8.25,12.0,6.5
194,,,,,,,,,,,,,,,,,,,,,,,,,,,,,38.0,49.0,19.25,46.0,40.0,35.0,13.75,8.75,34.25,18.0,14.75,32.0,25.0,7.0,20.0,34.5,52.25,29.5,27.75,42.75,26.75,8.5,8.25,10.25,26.0,20.0,6.5,15.75,25.25,11.75,38.75,61.75,43.5,55.0,35.0,41.25,30.75,41.5,49.75,29.5,37.25,42.25,24.25,22.25,16.75,15.0,15.5,23.5,20.5,5.25,5.5
195,,,,,,,,,,,,,,,,,,,,,,,,,,,,,40.5,16.0,11.75,26.0,36.75,14.25,12.5,11.0,1.75,21.25,21.5,10.0,54.5,18.25,56.75,45.5,63.0,55.75,34.5,20.5,28.75,8.25,4.0,11.25,20.25,9.25,4.25,13.75,41.0,22.25,45.25,56.5,40.75,45.0,7.25,45.25,42.0,32.25,29.75,14.75,35.5,17.0,12.0,20.75,9.75,10.75,6.5,0.0,3.5,9.25,6.0
