,2020-03-01,2020-03-08,2020-03-15,2020-03-22,2020-03-29,2020-04-05,2020-04-12,2020-04-19,2020-04-26,2020-05-03,2020-05-10,2020-05-17,2020-05-24,2020-05-31,2020-06-07,2020-06-14,2020-06-21,2020-06-28,2020-07-05,2020-07-12,2020-07-19,2020-07-26,2020-08-02,2020-08-09,2020-08-16,2020-08-23,2020-08-30,2020-09-06,2020-09-13,2020-09-20,2020-09-27,2020-10-04,2020-10-11,2020-10-18,2020-10-25,2020-11-01,2020-11-08,2020-11-15,2020-11-22,2020-11-29,2020-12-06,2020-12-13,2020-12-20,2020-12-27,2021-01-03,2021-01-10,2021-01-17,2021-01-24,2021-01-31,2021-02-07,2021-02-14,2021-02-21,2021-02-28,2021-03-07,2021-03-14,2021-03-21,2021-03-28,2021-04-04,2021-04-11,2021-04-18,2021-04-25,2021-05-02,2021-05-09,2021-05-16,2021-05-23,2021-05-30,2021-06-06,2021-06-13,2021-06-20,2021-06-27,2021-07-04,2021-07-11,2021-07-18,2021-07-25,2021-08-01,2021-08-08,2021-08-15,2021-08-22,2021-08-29,2021-09-05,2021-09-12,2021-09-19,2021-09-26,2021-10-03,2021-10-10,2021-10-17,2021-10-24
0,0.0,0.0,15.75,42.25,0.0,0.0,0.0,0.0,13.75,0.0,0.0,0.0,0.0,0.0,0.0,21.5,0.0,27.75,0.0,0.0,33.25,14.25,21.0,0.0,0.0,35.0,11.0,23.5,58.0,8.25,42.5,0.0,8.75,8.25,46.5,0.0,55.5,11.5,0.0,37.5,13.5,12.0,0.0,27.25,72.0,26.0,0.0,7.5,8.25,36.0,24.25,,,,,,,,,,,,,,,,,,,,,,,,,,,,,,,,,,,,
1,0.0,0.0,38.5,13.25,0.0,0.0,53.25,21.25,0.0,0.0,45.75,0.0,0.0,54.25,48.0,0.0,0.0,27.5,0.0,25.0,0.0,13.5,27.0,46.5,10.5,23.25,11.5,0.0,21.0,0.0,46.25,0.0,0.0,34.25,49.75,0.0,0.0,0.0,47.5,0.0,12.75,11.25,12.75,87.75,66.75,0.0,54.75,23.5,0.0,32.75,0.0,,,,,,,,,,,,,,,,,,,,,,,,,,,,,,,,,,,,
2,0.0,0.0,0.0,13.5,13.5,0.0,9.25,0.0,9.0,0.0,0.0,0.0,0.0,0.0,0.0,22.25,0.0,9.75,0.0,0.0,32.75,0.0,21.25,0.0,34.0,10.75,11.25,19.5,80.75,42.25,30.75,0.0,21.75,11.75,35.5,20.5,19.5,8.25,0.0,53.25,34.25,8.5,0.0,49.25,73.0,30.5,0.0,8.0,7.75,8.25,25.25,,,,,,,,,,,,,,,,,,,,,,,,,,,,,,,,,,,,
3,0.0,0.0,11.0,14.25,0.0,0.0,14.0,0.0,9.5,0.0,0.0,0.0,0.0,0.0,0.0,20.0,0.0,14.25,0.0,0.0,39.5,23.25,17.75,0.0,29.5,75.5,21.0,21.25,53.5,33.0,57.25,0.0,9.0,0.0,60.25,13.25,71.25,22.0,0.0,32.5,20.0,22.0,0.0,50.5,77.25,21.5,0.0,8.0,43.75,30.5,27.75,,,,,,,,,,,,,,,,,,,,,,,,,,,,,,,,,,,,
4,0.0,0.0,30.75,24.25,14.75,0.0,24.0,8.75,27.75,0.0,11.75,0.0,0.0,8.75,0.0,0.0,0.0,23.0,0.0,0.0,43.75,13.75,13.25,16.75,54.25,35.25,0.0,36.75,70.0,37.5,21.0,9.25,12.5,24.75,12.0,13.0,35.0,0.0,10.5,36.0,12.75,22.75,0.0,48.25,70.75,33.5,16.25,36.25,11.0,0.0,22.5,,,,,,,,,,,,,,,,,,,,,,,,,,,,,,,,,,,,
5,0.0,0.0,14.25,42.75,11.25,0.0,7.25,0.0,44.25,0.0,0.0,0.0,0.0,0.0,0.0,0.0,0.0,11.5,0.0,0.0,31.0,7.5,32.0,0.0,55.25,42.5,35.25,0.0,44.0,47.0,0.0,0.0,39.0,8.25,25.5,34.0,42.25,11.0,0.0,70.25,16.25,15.25,0.0,55.5,94.5,6.5,0.0,25.0,19.75,10.5,47.25,,,,,,,,,,,,,,,,,,,,,,,,,,,,,,,,,,,,
6,0.0,0.0,42.25,0.0,24.25,0.0,0.0,0.0,49.0,0.0,0.0,0.0,0.0,0.0,0.0,0.0,0.0,0.0,0.0,0.0,48.25,23.75,8.75,0.0,38.5,37.5,22.0,25.0,16.0,58.5,9.0,0.0,8.5,19.5,64.25,34.5,32.0,24.0,0.0,8.0,8.75,0.0,0.0,51.25,73.5,11.75,0.0,22.5,19.5,0.0,64.75,,,,,,,,,,,,,,,,,,,,,,,,,,,,,,,,,,,,
7,0.0,0.0,6.25,0.0,0.0,0.0,45.25,25.5,0.0,0.0,54.25,0.0,0.0,49.0,28.0,0.0,0.0,21.0,0.0,0.0,0.0,6.75,26.0,34.75,11.75,5.25,31.75,0.0,24.0,0.0,44.75,13.25,0.0,25.5,68.25,0.0,0.0,0.0,32.25,0.0,44.5,49.0,41.75,67.25,5.75,0.0,67.0,31.25,0.0,5.75,18.25,,,,,,,,,,,,,,,,,,,,,,,,,,,,,,,,,,,,
8,0.0,0.0,18.0,16.75,10.5,21.0,26.5,23.75,0.0,0.0,10.0,9.0,0.0,16.75,0.0,0.0,19.25,0.0,0.0,0.0,0.0,0.0,9.0,21.0,14.75,13.25,17.25,25.0,16.5,17.25,8.75,0.0,0.0,0.0,11.5,0.0,15.75,0.0,17.5,8.5,15.5,30.75,9.0,44.5,33.5,22.5,27.25,32.75,0.0,22.25,22.0,,,,,,,,,,,,,,,,,,,,,,,,,,,,,,,,,,,,
9,,0.0,10.25,10.5,0.0,0.0,28.0,8.0,0.0,0.0,25.0,0.0,0.0,7.25,19.5,19.0,0.0,8.25,0.0,0.0,10.0,19.5,8.5,7.0,7.75,44.0,19.25,8.5,34.75,9.25,39.5,21.25,9.25,8.5,37.5,0.0,41.75,0.0,0.0,26.25,0.0,24.0,0.0,65.5,62.5,20.25,33.25,42.5,7.75,17.25,24.75,27.0,,,,,,,,,,,,,,,,,,,,,,,,,,,,,,,,,,,
10,,0.0,10.25,14.0,0.0,0.0,26.75,31.75,0.0,0.0,25.0,0.0,0.0,18.5,31.75,0.0,0.0,8.25,0.0,14.25,0.0,22.75,17.25,22.0,0.0,26.75,19.25,0.0,26.5,0.0,38.5,21.25,0.0,8.0,48.75,0.0,0.0,0.0,0.0,0.0,0.0,35.25,0.0,80.25,19.5,20.25,44.25,62.5,0.0,20.0,15.75,18.5,,,,,,,,,,,,,,,,,,,,,,,,,,,,,,,,,,,
11,,0.0,12.75,10.0,21.5,0.0,0.0,19.75,10.25,0.0,16.5,0.0,0.0,0.0,13.0,0.0,0.0,22.25,0.0,0.0,11.5,0.0,18.0,18.25,25.0,0.0,25.0,8.5,19.25,10.0,30.75,21.25,0.0,16.75,23.75,10.25,25.75,0.0,12.5,17.75,17.25,38.5,0.0,49.75,69.75,59.0,0.0,28.75,0.0,7.75,12.0,7.0,,,,,,,,,,,,,,,,,,,,,,,,,,,,,,,,,,,
12,,0.0,8.25,16.75,7.75,0.0,17.0,24.75,6.75,0.0,21.75,0.0,0.0,17.0,17.0,0.0,0.0,24.75,0.0,9.75,0.0,19.25,38.25,0.0,14.5,15.5,6.0,12.5,0.0,6.5,40.0,8.75,0.0,16.0,24.5,0.0,17.0,0.0,8.25,0.0,9.5,49.5,18.0,68.5,25.0,36.75,15.5,47.75,0.0,16.5,16.75,12.75,,,,,,,,,,,,,,,,,,,,,,,,,,,,,,,,,,,
13,,0.0,8.75,9.5,0.0,0.0,39.5,15.5,0.0,0.0,32.75,0.0,0.0,30.0,28.75,0.0,0.0,0.0,0.0,9.0,0.0,9.0,8.0,30.75,17.5,26.0,0.0,0.0,7.75,0.0,23.75,8.25,0.0,7.25,16.5,0.0,0.0,0.0,15.5,0.0,9.0,66.5,21.75,84.5,31.5,31.25,37.75,18.0,0.0,21.75,7.0,10.5,,,,,,,,,,,,,,,,,,,,,,,,,,,,,,,,,,,
14,,0.0,32.25,10.0,0.0,0.0,22.25,0.0,22.25,0.0,0.0,0.0,0.0,0.0,0.0,9.25,0.0,22.5,0.0,0.0,39.25,0.0,22.5,0.0,40.5,53.5,23.25,30.75,62.5,9.0,34.5,0.0,11.75,16.25,8.5,9.0,71.25,11.5,0.0,25.0,0.0,20.75,0.0,33.0,57.75,53.5,0.0,7.75,0.0,31.5,8.5,11.5,,,,,,,,,,,,,,,,,,,,,,,,,,,,,,,,,,,
15,,0.0,0.0,23.5,0.0,0.0,26.75,32.75,9.75,0.0,10.5,0.0,0.0,11.5,8.5,8.75,0.0,11.75,0.0,14.75,35.25,23.0,31.5,29.25,33.75,15.75,8.5,19.0,0.0,9.0,30.75,12.0,9.0,12.25,20.25,0.0,18.0,0.0,0.0,27.0,32.25,37.25,12.5,45.0,47.0,22.5,27.25,18.0,9.75,20.5,0.0,7.75,,,,,,,,,,,,,,,,,,,,,,,,,,,,,,,,,,,
16,,0.0,0.0,12.5,0.0,0.0,32.75,9.0,0.0,0.0,0.0,0.0,0.0,8.5,0.0,9.0,0.0,0.0,0.0,0.0,26.25,9.25,20.0,8.0,37.25,18.75,8.75,22.25,48.0,31.75,0.0,0.0,12.0,27.5,42.25,8.25,37.75,10.75,8.75,11.0,30.5,0.0,0.0,68.5,59.0,20.25,8.0,10.5,10.0,8.0,27.75,18.75,,,,,,,,,,,,,,,,,,,,,,,,,,,,,,,,,,,
17,,0.0,42.75,0.0,0.0,42.5,14.75,0.0,0.0,12.75,0.0,11.5,0.0,0.0,0.0,0.0,76.25,0.0,37.75,0.0,0.0,0.0,0.0,20.75,0.0,11.5,0.0,56.75,11.25,11.25,0.0,0.0,11.75,11.25,0.0,0.0,10.5,33.75,0.0,35.5,49.5,23.0,38.25,75.0,23.75,56.75,10.75,11.75,0.0,59.5,0.0,53.25,21.0,,,,,,,,,,,,,,,,,,,,,,,,,,,,,,,,,,
18,,0.0,7.0,0.0,0.0,0.0,44.0,14.0,0.0,0.0,0.0,0.0,0.0,8.0,19.5,0.0,0.0,11.5,0.0,19.25,0.0,0.0,8.0,32.5,12.25,0.0,10.75,0.0,16.0,0.0,0.0,0.0,0.0,28.25,30.0,0.0,0.0,0.0,0.0,0.0,11.25,45.75,11.25,68.0,13.25,21.25,12.75,10.75,0.0,28.0,14.0,0.0,16.0,,,,,,,,,,,,,,,,,,,,,,,,,,,,,,,,,,
19,,0.0,15.75,14.5,38.0,0.0,0.0,0.0,12.75,0.0,0.0,0.0,0.0,0.0,0.0,13.0,0.0,0.0,0.0,0.0,13.75,21.25,44.25,0.0,31.5,28.75,0.0,25.0,37.75,13.25,19.5,0.0,19.0,18.25,48.75,12.5,35.0,11.75,0.0,35.75,6.75,18.75,0.0,47.25,86.5,11.5,0.0,0.0,16.75,23.0,46.0,11.75,21.0,,,,,,,,,,,,,,,,,,,,,,,,,,,,,,,,,,
20,,,46.0,42.25,14.5,0.0,27.5,0.0,39.5,0.0,0.0,0.0,0.0,0.0,0.0,26.0,0.0,13.75,0.0,0.0,42.75,13.5,50.75,0.0,33.0,45.25,0.0,24.0,48.25,36.75,12.5,0.0,0.0,12.0,23.0,13.0,48.5,23.0,0.0,37.0,13.0,13.0,0.0,27.5,72.5,62.0,0.0,0.0,33.75,34.25,58.5,0.0,0.0,,,,,,,,,,,,,,,,,,,,,,,,,,,,,,,,,,
21,,,4.75,0.0,0.0,8.75,8.5,0.0,0.0,9.25,0.0,8.0,0.0,0.0,0.0,0.0,12.5,0.0,45.5,19.0,0.0,0.0,0.0,3.25,0.0,0.0,0.0,34.5,7.75,0.0,0.0,0.0,3.75,3.5,0.0,0.0,3.5,22.5,0.0,16.0,17.25,7.75,4.5,9.0,11.5,27.25,0.0,7.5,0.0,7.5,11.5,17.0,20.0,,,,,,,,,,,,,,,,,,,,,,,,,,,,,,,,,,
22,,,18.25,14.25,0.0,8.5,31.0,24.0,0.0,10.5,30.0,9.25,0.0,12.25,0.0,0.0,17.25,0.0,43.25,0.0,18.25,26.5,11.75,0.0,0.0,0.0,11.0,39.75,8.75,0.0,12.5,0.0,16.5,29.75,0.0,0.0,14.5,8.0,21.25,0.0,25.75,32.0,42.75,58.0,0.0,18.75,36.5,41.25,0.0,28.25,11.25,14.25,34.5,,,,,,,,,,,,,,,,,,,,,,,,,,,,,,,,,,
23,,,,0.0,0.0,55.75,27.5,0.0,0.0,27.0,0.0,28.0,0.0,0.0,0.0,0.0,40.25,0.0,49.25,11.5,0.0,0.0,0.0,32.25,0.0,8.75,0.0,36.5,0.0,27.0,0.0,0.0,23.75,19.75,0.0,0.0,19.0,32.75,20.75,46.75,73.75,21.75,9.5,30.5,34.5,32.75,60.75,23.5,0.0,29.0,13.0,33.25,67.25,33.75,,,,,,,,,,,,,,,,,,,,,,,,,,,,,,,,,
24,,,,11.5,24.25,0.0,0.0,0.0,31.75,0.0,0.0,0.0,0.0,0.0,0.0,8.75,0.0,9.5,0.0,0.0,34.25,9.75,18.5,0.0,12.0,51.0,9.75,21.0,46.75,10.5,30.0,0.0,0.0,0.0,17.0,8.5,36.5,0.0,0.0,55.5,19.75,19.25,0.0,39.75,37.5,20.75,0.0,21.5,7.75,19.25,12.5,28.25,16.0,88.25,,,,,,,,,,,,,,,,,,,,,,,,,,,,,,,,,
25,,,,22.5,0.0,0.0,14.5,0.0,17.25,0.0,0.0,0.0,0.0,0.0,0.0,0.0,0.0,13.75,0.0,0.0,25.0,9.0,24.25,0.0,16.5,47.0,6.25,25.5,20.75,16.0,23.25,0.0,21.5,13.0,40.25,0.0,40.25,11.75,0.0,44.25,22.5,0.0,0.0,29.75,62.75,30.5,0.0,13.0,7.0,0.0,12.5,11.75,0.0,65.0,,,,,,,,,,,,,,,,,,,,,,,,,,,,,,,,,
26,,,,0.0,0.0,7.5,0.0,0.0,0.0,20.25,0.0,19.75,0.0,0.0,0.0,0.0,18.0,0.0,46.0,7.75,8.0,0.0,0.0,15.0,0.0,17.5,0.0,57.25,16.25,35.5,0.0,0.0,6.25,16.0,0.0,0.0,9.25,23.5,0.0,27.25,60.75,0.0,12.25,54.5,23.0,6.0,27.5,7.25,0.0,27.5,9.5,38.25,55.0,62.5,,,,,,,,,,,,,,,,,,,,,,,,,,,,,,,,,
27,,,,,0.0,0.0,61.25,25.0,0.0,0.0,14.5,0.0,0.0,10.5,12.25,0.0,0.0,0.0,0.0,27.0,0.0,0.0,21.5,28.5,28.5,0.0,0.0,0.0,10.5,0.0,0.0,24.25,0.0,9.25,77.75,0.0,0.0,0.0,22.75,0.0,11.75,42.5,22.25,83.25,21.25,57.0,29.75,33.25,0.0,42.75,19.5,0.0,26.75,54.5,0.0,,,,,,,,,,,,,,,,,,,,,,,,,,,,,,,,
28,,,,,0.0,49.75,37.5,0.0,0.0,0.0,0.0,8.0,0.0,0.0,0.0,0.0,44.75,0.0,31.75,0.0,7.5,0.0,0.0,0.0,0.0,7.0,0.0,25.75,0.0,0.0,0.0,0.0,0.0,0.0,0.0,0.0,22.25,5.25,9.75,37.0,49.25,17.5,36.5,64.5,15.25,9.25,26.5,10.25,0.0,37.0,25.25,17.75,78.75,36.75,31.75,,,,,,,,,,,,,,,,,,,,,,,,,,,,,,,,
29,,,,,0.0,0.0,0.0,0.0,0.0,0.0,0.0,0.0,0.0,0.0,0.0,0.0,0.0,0.0,0.0,0.0,43.0,14.25,7.5,0.0,31.75,8.75,7.0,49.25,20.5,28.25,32.5,0.0,17.5,10.0,7.0,17.75,46.75,15.75,0.0,40.0,10.75,7.25,0.0,10.5,43.25,9.5,0.0,12.25,6.75,16.75,16.0,13.25,14.5,86.0,45.5,,,,,,,,,,,,,,,,,,,,,,,,,,,,,,,,
30,,,,,0.0,0.0,0.0,0.0,17.0,0.0,0.0,0.0,0.0,0.0,0.0,25.75,0.0,0.0,0.0,0.0,33.75,0.0,9.75,0.0,20.25,38.75,5.75,9.0,47.25,34.0,28.25,0.0,15.25,14.75,20.25,9.75,26.0,5.5,0.0,27.0,9.75,0.0,0.0,16.5,70.0,36.25,0.0,31.5,16.5,14.5,25.0,24.75,7.5,57.5,67.0,,,,,,,,,,,,,,,,,,,,,,,,,,,,,,,,
31,,,,,0.0,31.5,0.0,0.0,0.0,33.75,0.0,32.5,0.0,0.0,0.0,0.0,40.75,0.0,32.5,12.75,25.5,0.0,0.0,41.0,0.0,18.75,0.0,65.0,21.75,26.25,0.0,0.0,17.5,17.25,0.0,0.0,7.75,48.75,12.0,50.5,41.5,0.0,13.25,43.0,8.0,37.75,34.0,0.0,0.0,24.75,9.0,44.25,62.25,58.5,55.75,,,,,,,,,,,,,,,,,,,,,,,,,,,,,,,,
32,,,,,23.0,0.0,21.0,0.0,23.0,0.0,0.0,0.0,0.0,0.0,0.0,23.0,0.0,0.0,0.0,0.0,39.5,9.25,29.25,0.0,21.75,25.75,32.25,56.75,20.0,44.75,20.5,0.0,7.25,11.75,18.75,13.25,60.5,11.25,0.0,52.5,20.5,0.0,0.0,30.5,70.5,45.0,0.0,0.0,0.0,31.5,28.5,0.0,7.5,74.25,46.75,0.0,,,,,,,,,,,,,,,,,,,,,,,,,,,,,,,
33,,,,,,52.5,17.75,0.0,0.0,0.0,0.0,10.5,0.0,0.0,0.0,0.0,22.0,0.0,52.0,34.25,8.5,0.0,0.0,6.25,0.0,9.5,0.0,36.0,7.0,0.0,0.0,0.0,10.5,18.75,0.0,0.0,16.25,32.0,0.0,11.0,36.0,26.75,0.0,29.5,9.5,0.0,0.0,10.25,0.0,24.25,0.0,40.25,71.0,67.5,54.0,29.25,,,,,,,,,,,,,,,,,,,,,,,,,,,,,,,
34,,,,,,0.0,15.5,0.0,0.0,0.0,0.0,0.0,0.0,0.0,0.0,16.25,0.0,0.0,0.0,0.0,39.75,4.0,10.75,0.0,12.5,25.0,13.25,3.5,22.0,40.25,16.25,0.0,15.25,3.75,27.5,10.5,14.75,9.25,0.0,53.75,0.0,10.75,0.0,19.5,27.25,27.5,0.0,8.75,0.0,12.75,3.5,18.75,0.0,43.5,32.25,0.0,,,,,,,,,,,,,,,,,,,,,,,,,,,,,,,
35,,,,,,0.0,28.25,19.25,0.0,0.0,17.75,0.0,0.0,21.5,7.75,0.0,0.0,6.75,0.0,0.0,0.0,20.0,12.0,23.0,20.25,7.75,8.0,0.0,5.75,0.0,24.75,0.0,0.0,5.75,29.25,0.0,0.0,0.0,6.5,0.0,0.0,50.0,0.0,100.0,25.5,26.25,36.5,17.0,0.0,14.5,5.75,0.0,22.25,15.0,13.25,33.5,,,,,,,,,,,,,,,,,,,,,,,,,,,,,,,
36,,,,,,0.0,28.0,0.0,34.25,0.0,0.0,0.0,0.0,0.0,0.0,7.0,0.0,0.0,0.0,0.0,28.75,7.0,26.25,0.0,11.0,6.0,16.25,8.5,18.75,33.25,10.25,0.0,10.75,0.0,25.0,16.75,23.5,0.0,0.0,15.0,23.75,0.0,0.0,28.25,55.75,24.75,0.0,0.0,0.0,15.5,27.5,8.75,7.5,60.0,30.25,0.0,,,,,,,,,,,,,,,,,,,,,,,,,,,,,,,
37,,,,,,,33.0,0.0,0.0,13.0,0.0,22.0,0.0,0.0,0.0,0.0,35.75,0.0,41.25,24.0,26.0,0.0,0.0,18.0,0.0,35.25,0.0,67.25,0.0,10.75,0.0,0.0,7.0,19.0,0.0,0.0,15.5,9.25,10.25,46.75,40.75,10.25,11.75,35.75,16.25,34.5,44.75,9.75,0.0,40.5,0.0,35.5,67.0,36.75,49.5,0.0,19.0,,,,,,,,,,,,,,,,,,,,,,,,,,,,,,
38,,,,,,,12.75,0.0,0.0,8.5,0.0,31.0,0.0,0.0,0.0,0.0,25.5,0.0,33.0,0.0,13.75,0.0,0.0,30.75,0.0,0.0,0.0,30.0,21.25,21.75,0.0,0.0,20.25,0.0,0.0,0.0,17.5,17.25,19.0,28.5,62.5,18.0,0.0,48.75,10.75,29.0,18.0,20.5,0.0,35.5,0.0,33.25,37.5,24.5,59.75,25.0,17.0,,,,,,,,,,,,,,,,,,,,,,,,,,,,,,
39,,,,,,,25.75,7.0,0.0,0.0,5.0,0.0,0.0,10.5,8.0,0.0,0.0,8.0,0.0,4.75,0.0,12.75,3.75,19.75,10.5,6.75,7.75,0.0,10.75,0.0,15.0,15.5,0.0,0.0,38.25,0.0,0.0,0.0,11.75,0.0,12.25,15.75,8.25,45.75,11.25,11.0,0.0,28.25,0.0,3.75,0.0,3.5,3.0,29.0,8.75,22.0,0.0,,,,,,,,,,,,,,,,,,,,,,,,,,,,,,
40,,,,,,,13.5,0.0,0.0,0.0,0.0,0.0,0.0,0.0,0.0,0.0,0.0,0.0,0.0,0.0,36.0,0.0,35.0,0.0,69.75,55.5,9.25,41.0,20.0,0.0,42.5,0.0,0.0,17.5,52.5,9.25,40.5,9.25,0.0,31.0,0.0,9.25,0.0,22.0,51.25,39.75,0.0,8.75,17.5,11.25,29.0,8.75,10.25,69.5,45.75,0.0,45.0,,,,,,,,,,,,,,,,,,,,,,,,,,,,,,
41,,,,,,,34.5,0.0,0.0,40.0,0.0,0.0,0.0,0.0,0.0,0.0,36.25,0.0,39.75,32.25,16.75,0.0,0.0,22.0,0.0,0.0,0.0,61.0,13.5,7.25,0.0,0.0,20.75,12.75,0.0,0.0,10.0,23.5,13.5,25.0,48.25,37.25,8.25,66.5,25.5,32.75,39.25,0.0,0.0,45.5,13.0,65.75,31.75,46.75,36.5,26.5,11.0,10.0,,,,,,,,,,,,,,,,,,,,,,,,,,,,,
42,,,,,,,20.75,19.75,0.0,0.0,11.75,0.0,0.0,42.75,0.0,0.0,0.0,30.25,0.0,18.75,0.0,23.0,0.0,42.25,24.25,9.25,15.25,0.0,22.5,0.0,33.0,5.5,0.0,5.75,45.75,0.0,0.0,0.0,6.0,0.0,21.5,27.25,8.5,77.25,15.5,28.5,0.0,21.5,0.0,11.25,22.5,21.5,32.0,81.25,4.5,38.25,0.0,11.0,,,,,,,,,,,,,,,,,,,,,,,,,,,,,
43,,,,,,,,0.0,0.0,11.75,0.0,0.0,0.0,0.0,0.0,0.0,16.0,0.0,7.75,21.5,8.75,0.0,0.0,15.5,0.0,0.0,0.0,56.25,20.25,18.75,0.0,0.0,9.75,7.0,0.0,0.0,6.25,21.0,0.0,19.0,50.0,0.0,8.5,76.25,19.0,24.0,29.0,21.25,0.0,40.5,0.0,33.75,71.25,67.0,15.0,35.25,13.75,0.0,,,,,,,,,,,,,,,,,,,,,,,,,,,,,
44,,,,,,,,19.75,0.0,0.0,33.0,0.0,0.0,22.25,0.0,0.0,0.0,41.75,0.0,23.5,0.0,14.75,0.0,58.75,34.5,17.75,9.5,0.0,17.25,0.0,31.25,0.0,0.0,17.0,51.0,0.0,0.0,0.0,17.75,0.0,23.0,37.5,0.0,81.5,19.0,30.25,7.0,32.75,0.0,16.75,22.5,25.25,27.0,68.0,0.0,41.5,0.0,18.25,,,,,,,,,,,,,,,,,,,,,,,,,,,,,
45,,,,,,,,25.0,0.0,0.0,35.0,0.0,0.0,21.25,13.0,0.0,0.0,18.0,0.0,25.75,0.0,0.0,0.0,38.75,41.75,8.5,10.25,0.0,18.0,0.0,28.0,10.75,0.0,17.0,16.5,0.0,0.0,0.0,17.75,0.0,9.75,51.5,0.0,69.75,30.75,29.0,7.0,57.5,0.0,17.25,0.0,16.25,18.0,66.5,16.75,34.0,0.0,7.25,,,,,,,,,,,,,,,,,,,,,,,,,,,,,
46,,,,,,,,0.0,0.0,0.0,0.0,0.0,0.0,0.0,0.0,6.25,0.0,0.0,0.0,0.0,43.0,9.5,47.0,0.0,39.0,34.25,19.0,25.25,20.0,35.75,24.0,0.0,14.75,20.75,0.0,0.0,36.5,18.0,0.0,20.25,6.0,0.0,0.0,37.5,57.25,25.0,0.0,8.0,8.75,14.25,20.75,12.75,8.5,92.5,44.5,0.0,58.75,8.75,,,,,,,,,,,,,,,,,,,,,,,,,,,,,
47,,,,,,,,,0.0,0.0,7.5,0.0,0.0,35.5,6.0,0.0,0.0,17.0,0.0,25.25,0.0,35.75,0.0,31.75,5.25,0.0,16.5,0.0,20.75,0.0,22.25,22.5,0.0,9.25,48.0,0.0,0.0,0.0,38.25,0.0,11.5,36.5,29.25,82.0,36.25,30.5,14.5,44.0,0.0,21.5,29.0,8.25,28.75,85.0,11.75,46.25,0.0,17.25,31.0,,,,,,,,,,,,,,,,,,,,,,,,,,,,
48,,,,,,,,,0.0,19.5,0.0,25.25,0.0,0.0,0.0,0.0,35.75,0.0,56.0,11.0,24.25,0.0,0.0,26.25,0.0,8.25,0.0,80.75,0.0,0.0,0.0,0.0,32.0,16.0,0.0,0.0,18.75,23.75,0.0,37.0,43.25,33.0,14.0,44.0,0.0,28.5,8.25,8.25,0.0,31.25,18.25,27.5,54.25,76.75,41.0,33.5,8.0,16.0,0.0,,,,,,,,,,,,,,,,,,,,,,,,,,,,
49,,,,,,,,,10.5,0.0,0.0,0.0,0.0,0.0,0.0,20.25,0.0,0.0,0.0,0.0,33.0,0.0,29.0,0.0,15.5,35.25,0.0,9.0,36.0,28.0,39.0,0.0,8.5,17.75,35.5,9.75,60.75,9.0,0.0,46.5,28.75,17.75,0.0,31.25,60.75,36.25,0.0,0.0,16.5,0.0,41.75,16.0,0.0,76.5,49.5,0.0,92.25,22.5,13.75,,,,,,,,,,,,,,,,,,,,,,,,,,,,
50,,,,,,,,,0.0,0.0,7.0,0.0,0.0,11.75,19.5,0.0,0.0,6.25,0.0,0.0,22.25,0.0,16.0,6.75,42.5,32.5,0.0,0.0,14.5,9.25,15.25,12.0,0.0,11.0,46.25,0.0,17.5,9.0,6.25,19.0,18.0,0.0,25.75,60.25,34.0,7.25,16.25,40.25,0.0,47.5,8.75,5.25,5.0,65.5,18.25,37.75,25.0,22.0,15.0,,,,,,,,,,,,,,,,,,,,,,,,,,,,
51,,,,,,,,,19.75,0.0,0.0,0.0,0.0,0.0,0.0,10.75,0.0,0.0,0.0,0.0,13.0,18.5,23.0,0.0,18.25,26.75,6.0,35.75,25.75,34.5,23.5,0.0,7.5,20.0,22.25,16.0,24.5,9.5,0.0,37.75,7.75,13.75,0.0,31.5,24.25,22.0,0.0,12.25,0.0,21.75,20.0,5.5,15.75,100.0,24.0,0.0,22.25,4.75,8.5,,,,,,,,,,,,,,,,,,,,,,,,,,,,
52,,,,,,,,,0.0,0.0,9.5,0.0,0.0,33.75,0.0,0.0,0.0,8.25,0.0,21.5,0.0,9.25,0.0,39.0,13.5,15.75,9.75,0.0,9.75,0.0,34.0,7.75,0.0,16.5,42.75,0.0,0.0,0.0,16.25,0.0,8.5,61.25,37.5,54.0,35.25,25.5,16.25,47.5,0.0,34.0,18.5,18.0,14.75,73.5,11.75,46.0,0.0,0.0,12.25,,,,,,,,,,,,,,,,,,,,,,,,,,,,
53,,,,,,,,,0.0,10.25,0.0,34.0,0.0,0.0,0.0,0.0,56.5,0.0,57.25,0.0,21.5,0.0,0.0,15.25,0.0,8.0,0.0,67.5,14.5,31.25,0.0,0.0,0.0,9.25,0.0,0.0,8.5,13.75,24.25,18.25,36.5,18.25,15.25,46.25,8.25,26.5,12.5,0.0,0.0,17.75,8.75,24.0,89.75,49.25,46.5,22.5,29.5,10.5,0.0,0.0,,,,,,,,,,,,,,,,,,,,,,,,,,,
54,,,,,,,,,21.5,0.0,0.0,0.0,0.0,0.0,0.0,27.25,0.0,0.0,0.0,0.0,46.0,38.25,29.0,0.0,8.0,30.25,19.25,10.5,42.75,18.75,0.0,0.0,10.0,10.5,38.5,24.75,36.0,14.0,0.0,23.5,0.0,33.25,0.0,39.5,28.75,0.0,0.0,23.75,32.0,19.5,10.25,18.25,17.0,76.0,29.25,0.0,38.25,19.25,29.0,,,,,,,,,,,,,,,,,,,,,,,,,,,,
55,,,,,,,,,13.75,0.0,0.0,0.0,0.0,0.0,0.0,18.75,0.0,0.0,0.0,0.0,19.5,19.5,21.5,0.0,22.5,16.0,0.0,29.0,41.5,21.25,12.5,0.0,8.5,0.0,29.25,8.0,35.75,16.25,0.0,50.5,9.5,17.5,0.0,28.5,75.0,37.75,0.0,0.0,11.75,23.75,36.0,15.75,14.5,86.25,37.5,0.0,55.0,0.0,22.75,0.0,,,,,,,,,,,,,,,,,,,,,,,,,,,
56,,,,,,,,,,0.0,0.0,10.0,0.0,0.0,0.0,0.0,51.0,0.0,45.5,13.75,21.0,0.0,0.0,25.5,0.0,8.75,0.0,60.0,27.5,12.25,0.0,0.0,31.5,10.5,0.0,0.0,10.0,16.25,11.5,22.75,50.5,27.5,12.5,46.0,0.0,12.0,10.75,9.0,0.0,49.75,8.5,39.0,83.75,52.0,50.5,24.5,26.5,7.5,0.0,0.0,,,,,,,,,,,,,,,,,,,,,,,,,,,
57,,,,,,,,,,0.0,0.0,0.0,0.0,0.0,0.0,0.0,0.0,0.0,0.0,0.0,37.0,27.0,11.75,0.0,20.25,52.5,10.75,23.25,22.5,48.25,70.25,0.0,0.0,10.0,12.5,36.75,33.75,10.5,0.0,57.0,24.0,11.5,0.0,51.25,54.75,34.0,0.0,11.5,21.75,9.75,32.0,9.75,29.25,56.5,61.0,0.0,73.5,18.0,61.0,0.0,,,,,,,,,,,,,,,,,,,,,,,,,,,
58,,,,,,,,,,0.0,0.0,0.0,0.0,0.0,0.0,0.0,0.0,0.0,0.0,0.0,28.5,18.0,27.25,0.0,18.75,51.25,30.5,9.25,34.25,22.0,44.75,0.0,23.0,0.0,6.75,0.0,30.75,6.5,0.0,54.25,14.75,15.25,0.0,0.0,61.5,0.0,0.0,9.25,6.25,0.0,6.0,0.0,5.75,76.5,61.5,0.0,56.75,10.5,17.25,0.0,,,,,,,,,,,,,,,,,,,,,,,,,,,
59,,,,,,,,,,0.0,0.0,0.0,0.0,30.5,0.0,0.0,0.0,34.5,0.0,14.0,0.0,15.25,45.0,51.0,0.0,0.0,7.75,0.0,11.75,0.0,25.75,25.75,0.0,11.5,48.5,0.0,0.0,0.0,8.0,0.0,21.25,50.0,13.25,77.5,37.25,49.0,10.25,24.25,0.0,18.5,12.25,0.0,16.75,64.75,24.0,51.0,0.0,26.0,8.75,0.0,,,,,,,,,,,,,,,,,,,,,,,,,,,
60,,,,,,,,,,34.5,0.0,12.0,0.0,0.0,0.0,0.0,71.5,0.0,52.5,0.0,0.0,0.0,0.0,8.0,0.0,0.0,0.0,19.25,8.75,19.25,0.0,0.0,0.0,0.0,0.0,0.0,17.5,19.75,11.75,53.75,45.5,9.25,31.75,43.25,0.0,32.25,26.25,30.0,0.0,52.5,10.75,26.5,76.75,57.25,48.75,26.75,18.0,0.0,0.0,0.0,0.0,,,,,,,,,,,,,,,,,,,,,,,,,,
61,,,,,,,,,,0.0,0.0,0.0,0.0,0.0,0.0,25.75,0.0,0.0,0.0,0.0,49.0,27.25,49.0,0.0,26.25,68.0,10.5,23.75,35.0,43.75,32.25,0.0,25.25,18.75,51.0,0.0,39.5,11.5,0.0,37.0,0.0,19.25,0.0,13.25,42.25,10.75,0.0,12.0,10.75,21.5,48.75,0.0,10.25,66.0,43.0,0.0,38.5,14.25,27.0,0.0,21.25,,,,,,,,,,,,,,,,,,,,,,,,,,
62,,,,,,,,,,0.0,0.0,0.0,0.0,0.0,0.0,7.5,0.0,0.0,0.0,0.0,34.0,14.5,13.25,0.0,20.5,28.5,10.25,6.5,38.75,29.0,48.25,0.0,19.5,9.75,19.75,16.75,27.5,0.0,0.0,23.75,0.0,10.25,0.0,18.75,36.0,23.0,0.0,21.0,26.5,0.0,12.75,0.0,10.25,63.75,41.25,0.0,72.25,5.5,33.0,0.0,16.0,,,,,,,,,,,,,,,,,,,,,,,,,,
63,,,,,,,,,,,0.0,0.0,0.0,0.0,0.0,0.0,0.0,0.0,0.0,0.0,32.5,20.75,19.25,0.0,25.5,40.5,10.25,5.5,30.75,22.0,48.75,0.0,13.25,9.75,19.0,10.0,33.75,0.0,0.0,30.0,19.75,23.75,0.0,38.25,45.75,29.25,0.0,21.0,25.5,0.0,12.75,0.0,22.0,95.25,34.0,0.0,32.75,15.25,27.75,0.0,25.75,,,,,,,,,,,,,,,,,,,,,,,,,,
64,,,,,,,,,,,0.0,8.5,0.0,0.0,0.0,0.0,43.25,0.0,68.0,20.5,19.75,0.0,0.0,21.5,0.0,14.75,0.0,31.25,7.5,23.75,0.0,0.0,7.75,7.75,0.0,0.0,14.75,31.25,7.5,31.5,68.75,0.0,8.75,58.75,21.75,14.5,23.0,7.5,0.0,0.0,7.25,46.5,34.0,54.25,29.75,7.25,28.75,13.0,0.0,0.0,0.0,,,,,,,,,,,,,,,,,,,,,,,,,,
65,,,,,,,,,,,0.0,0.0,0.0,0.0,0.0,0.0,0.0,0.0,0.0,0.0,22.5,30.0,28.75,0.0,14.5,41.25,0.0,27.0,25.0,18.75,16.75,0.0,7.75,7.0,0.0,29.0,17.0,7.0,0.0,62.0,28.5,27.25,0.0,51.0,62.25,46.5,0.0,34.25,9.75,8.0,15.0,0.0,16.75,67.5,20.25,0.0,59.5,0.0,13.0,0.0,16.0,,,,,,,,,,,,,,,,,,,,,,,,,,
66,,,,,,,,,,,0.0,15.75,0.0,0.0,0.0,0.0,59.25,0.0,72.25,26.5,9.0,0.0,0.0,13.0,0.0,0.0,0.0,39.0,16.5,0.0,0.0,0.0,7.25,36.0,0.0,0.0,27.75,39.0,15.25,17.75,30.75,21.0,0.0,62.25,25.5,29.5,9.5,19.0,0.0,7.25,13.5,35.75,67.0,32.25,48.75,30.5,42.0,15.75,0.0,0.0,0.0,0.0,,,,,,,,,,,,,,,,,,,,,,,,,
67,,,,,,,,,,,0.0,16.75,0.0,0.0,0.0,0.0,59.25,0.0,73.0,26.5,9.0,0.0,0.0,13.75,0.0,0.0,0.0,39.5,17.5,0.0,0.0,0.0,7.25,36.75,0.0,0.0,27.75,39.5,15.5,17.75,31.0,21.0,0.0,62.25,26.5,29.5,9.5,19.0,0.0,8.25,14.0,36.5,68.75,32.75,49.25,31.5,42.0,15.75,0.0,0.0,0.0,0.0,,,,,,,,,,,,,,,,,,,,,,,,,
68,,,,,,,,,,,0.0,0.0,0.0,0.0,0.0,32.25,0.0,0.0,0.0,0.0,36.75,33.0,36.5,0.0,29.5,41.75,18.0,41.5,37.25,10.5,38.25,0.0,6.5,0.0,18.75,0.0,43.25,11.5,0.0,60.0,37.5,7.0,0.0,37.0,56.5,35.25,0.0,22.0,6.0,15.75,42.5,9.5,10.5,90.75,26.0,0.0,62.25,18.75,27.25,0.0,13.5,18.75,,,,,,,,,,,,,,,,,,,,,,,,,
69,,,,,,,,,,,0.0,0.0,0.0,0.0,0.0,0.0,45.0,0.0,54.0,10.0,9.75,0.0,0.0,38.25,0.0,0.0,0.0,57.75,15.5,15.25,0.0,0.0,0.0,0.0,0.0,0.0,7.0,34.5,17.75,10.25,53.5,15.75,0.0,90.5,0.0,29.0,0.0,0.0,0.0,32.5,7.0,51.25,46.5,56.75,39.75,28.0,38.0,6.25,0.0,0.0,0.0,0.0,,,,,,,,,,,,,,,,,,,,,,,,,
70,,,,,,,,,,,0.0,0.0,0.0,0.0,0.0,9.25,0.0,0.0,0.0,0.0,20.0,9.0,27.25,0.0,17.25,31.75,10.75,16.0,34.25,37.0,39.75,0.0,0.0,7.25,8.75,9.5,30.25,6.5,0.0,52.0,19.5,19.25,0.0,21.25,55.25,25.25,0.0,8.0,8.0,7.75,17.5,8.25,7.25,77.25,38.5,0.0,58.5,6.75,0.0,0.0,28.25,13.0,,,,,,,,,,,,,,,,,,,,,,,,,
71,,,,,,,,,,,,0.0,0.0,0.0,0.0,0.0,40.0,0.0,55.0,11.75,0.0,0.0,0.0,39.5,0.0,8.75,0.0,33.0,7.5,16.75,0.0,0.0,0.0,0.0,0.0,0.0,15.25,35.0,27.25,10.25,45.0,8.0,0.0,83.5,0.0,29.0,0.0,9.0,0.0,51.0,7.0,45.0,32.5,60.0,28.25,29.0,33.25,13.5,0.0,0.0,0.0,0.0,,,,,,,,,,,,,,,,,,,,,,,,,
72,,,,,,,,,,,,0.0,0.0,0.0,0.0,17.5,0.0,0.0,0.0,0.0,14.25,8.25,18.5,0.0,48.0,22.0,17.75,9.0,15.25,23.75,46.25,0.0,13.0,12.0,24.75,22.75,18.5,6.5,0.0,30.75,23.75,32.5,0.0,44.0,51.25,35.25,0.0,27.25,7.75,11.75,9.75,7.5,0.0,59.5,45.0,0.0,65.0,17.5,19.5,0.0,8.5,0.0,,,,,,,,,,,,,,,,,,,,,,,,,
73,,,,,,,,,,,,13.75,0.0,0.0,0.0,0.0,64.75,0.0,60.5,27.5,27.75,0.0,0.0,20.5,0.0,10.5,0.0,46.5,0.0,36.25,0.0,0.0,37.25,0.0,0.0,0.0,0.0,11.0,11.75,61.5,25.0,21.75,25.25,52.0,11.25,36.0,11.25,23.5,0.0,23.75,21.75,63.0,54.75,34.5,36.0,28.25,44.5,29.0,0.0,0.0,0.0,0.0,,,,,,,,,,,,,,,,,,,,,,,,,
74,,,,,,,,,,,,11.5,0.0,0.0,0.0,0.0,39.75,0.0,60.0,0.0,33.0,0.0,0.0,25.5,0.0,10.0,0.0,49.5,7.0,0.0,0.0,0.0,22.0,27.0,0.0,0.0,24.75,43.5,0.0,37.75,36.5,0.0,10.0,56.0,26.5,35.5,25.75,19.0,0.0,26.75,10.25,65.0,59.5,41.75,44.5,29.5,27.75,13.25,0.0,0.0,0.0,0.0,59.0,,,,,,,,,,,,,,,,,,,,,,,,
75,,,,,,,,,,,,0.0,0.0,0.0,0.0,6.0,0.0,0.0,0.0,0.0,34.25,0.0,18.0,0.0,15.5,37.25,12.0,32.5,28.0,7.0,13.0,0.0,12.0,26.75,15.5,13.75,26.5,21.75,0.0,21.75,0.0,11.75,0.0,18.5,49.0,39.25,0.0,16.25,6.25,15.0,26.5,5.25,10.25,85.5,33.0,0.0,62.25,19.5,25.5,0.0,17.25,22.25,17.75,,,,,,,,,,,,,,,,,,,,,,,,
76,,,,,,,,,,,,,0.0,0.0,0.0,19.75,0.0,0.0,0.0,0.0,19.75,14.0,5.5,0.0,16.25,26.0,0.0,20.75,28.5,7.5,38.5,0.0,0.0,26.75,27.5,14.0,37.75,21.5,0.0,9.5,0.0,13.0,0.0,32.25,50.0,39.0,0.0,18.0,7.0,27.25,15.25,5.25,0.0,95.75,24.0,0.0,50.75,10.5,25.5,0.0,17.25,22.0,17.25,,,,,,,,,,,,,,,,,,,,,,,,
77,,,,,,,,,,,,,0.0,0.0,0.0,0.0,64.75,0.0,36.25,0.0,42.25,0.0,0.0,22.25,0.0,0.0,0.0,53.25,14.0,7.5,0.0,0.0,10.75,34.5,0.0,0.0,24.75,33.0,0.0,45.25,11.75,7.75,10.0,39.0,26.5,35.5,33.25,19.0,0.0,16.0,17.5,61.25,72.75,51.25,62.0,17.75,42.0,19.25,0.0,0.0,0.0,0.0,50.25,,,,,,,,,,,,,,,,,,,,,,,,
78,,,,,,,,,,,,,0.0,0.0,0.0,0.0,78.75,0.0,32.5,0.0,25.0,0.0,0.0,25.75,0.0,0.0,0.0,51.0,11.25,19.5,0.0,0.0,30.25,0.0,0.0,0.0,27.75,19.0,9.75,0.0,45.75,10.0,22.25,46.5,11.0,9.5,20.25,30.0,0.0,51.5,10.75,54.75,61.5,60.75,23.75,8.0,19.75,7.25,0.0,0.0,0.0,0.0,47.0,,,,,,,,,,,,,,,,,,,,,,,,
79,,,,,,,,,,,,,0.0,0.0,0.0,14.75,0.0,11.5,0.0,0.0,11.0,10.25,29.0,21.25,19.25,32.25,17.5,6.0,25.25,24.0,28.75,0.0,6.25,5.75,27.75,6.75,6.0,15.5,0.0,13.5,0.0,11.5,0.0,39.5,55.25,30.75,11.0,17.5,0.0,0.0,21.0,14.75,15.25,71.5,39.5,0.0,14.25,15.5,16.0,0.0,18.75,17.75,7.5,,,,,,,,,,,,,,,,,,,,,,,,
80,,,,,,,,,,,,,0.0,0.0,0.0,0.0,34.5,0.0,41.25,19.75,32.75,0.0,0.0,40.5,0.0,10.25,0.0,52.75,37.25,10.5,0.0,0.0,7.25,15.5,0.0,0.0,0.0,42.25,8.5,28.75,45.0,16.5,22.75,78.25,27.25,15.25,18.0,0.0,0.0,24.75,16.0,33.0,76.0,62.0,70.0,22.0,42.0,0.0,0.0,0.0,0.0,0.0,12.75,14.25,,,,,,,,,,,,,,,,,,,,,,,
81,,,,,,,,,,,,,0.0,0.0,0.0,17.0,0.0,0.0,0.0,0.0,51.0,13.0,19.75,0.0,0.0,42.25,22.75,31.25,7.75,40.0,20.5,0.0,15.25,18.5,15.75,0.0,32.5,17.5,0.0,50.5,0.0,27.75,0.0,41.5,44.75,22.5,0.0,0.0,7.0,0.0,18.0,0.0,0.0,90.5,60.0,0.0,49.0,6.5,12.25,0.0,12.5,11.5,11.5,39.0,,,,,,,,,,,,,,,,,,,,,,,
82,,,,,,,,,,,,,0.0,0.0,0.0,0.0,9.75,0.0,46.5,19.75,20.25,0.0,0.0,7.75,0.0,0.0,0.0,33.5,16.0,16.25,0.0,0.0,6.75,7.0,0.0,0.0,15.0,0.0,7.5,8.0,26.25,9.0,28.0,42.75,6.75,40.5,24.75,6.75,0.0,23.75,9.0,31.5,60.25,77.0,33.25,5.75,14.25,20.5,0.0,0.0,0.0,0.0,39.25,18.0,,,,,,,,,,,,,,,,,,,,,,,
83,,,,,,,,,,,,,0.0,0.0,0.0,0.0,0.0,0.0,0.0,0.0,13.0,0.0,48.0,0.0,37.75,27.0,0.0,28.75,53.75,50.75,18.5,0.0,9.0,29.5,21.5,9.5,70.75,21.0,0.0,32.0,0.0,19.75,0.0,9.75,37.5,32.75,0.0,8.0,8.25,8.5,43.5,8.25,7.25,86.25,38.25,0.0,52.75,24.5,39.5,0.0,17.75,25.0,10.0,13.25,,,,,,,,,,,,,,,,,,,,,,,
84,,,,,,,,,,,,,,0.0,0.0,0.0,20.5,0.0,48.75,19.75,20.25,0.0,0.0,16.25,0.0,0.0,0.0,27.5,16.0,8.5,0.0,0.0,6.75,7.0,0.0,0.0,15.0,9.25,0.0,9.5,27.75,18.5,19.0,40.0,6.75,25.75,17.75,6.75,0.0,16.25,9.0,40.75,78.0,72.75,49.5,22.5,6.75,14.5,0.0,0.0,0.0,0.0,34.75,20.25,,,,,,,,,,,,,,,,,,,,,,,
85,,,,,,,,,,,,,,0.0,0.0,0.0,38.0,0.0,39.25,0.0,10.5,0.0,0.0,27.75,0.0,16.75,0.0,55.75,19.5,26.25,0.0,0.0,8.25,12.0,0.0,0.0,35.25,11.75,0.0,28.5,58.75,0.0,6.75,49.25,0.0,31.0,11.75,11.25,0.0,43.0,13.25,41.25,44.5,78.25,36.75,12.0,28.75,9.5,0.0,0.0,0.0,0.0,65.0,20.25,,,,,,,,,,,,,,,,,,,,,,,
86,,,,,,,,,,,,,,39.25,9.75,0.0,0.0,11.0,0.0,23.25,0.0,23.5,19.75,30.75,26.25,28.0,18.75,0.0,9.25,0.0,42.5,0.0,0.0,0.0,41.75,0.0,0.0,0.0,21.25,0.0,0.0,41.0,20.5,87.75,27.75,32.25,9.0,30.5,0.0,20.75,10.5,8.75,18.0,85.25,14.25,32.5,0.0,16.75,8.5,0.0,7.5,0.0,38.25,22.25,,,,,,,,,,,,,,,,,,,,,,,
87,,,,,,,,,,,,,,0.0,0.0,0.0,48.75,0.0,35.0,9.75,27.0,0.0,0.0,29.5,0.0,10.0,0.0,22.0,0.0,30.75,0.0,0.0,0.0,7.75,0.0,0.0,17.0,25.0,31.5,51.75,35.25,0.0,7.25,50.25,10.75,29.25,0.0,16.5,0.0,0.0,7.25,10.5,27.0,70.0,90.0,15.5,24.0,0.0,0.0,0.0,0.0,0.0,49.5,35.0,18.75,,,,,,,,,,,,,,,,,,,,,,
88,,,,,,,,,,,,,,19.5,9.5,0.0,0.0,11.0,0.0,18.75,0.0,16.25,13.0,40.75,0.0,8.75,26.0,0.0,30.25,0.0,32.25,19.75,0.0,20.5,38.0,0.0,0.0,0.0,10.75,0.0,14.5,39.25,21.75,84.5,22.25,30.0,21.25,34.75,0.0,39.75,9.25,5.25,21.0,54.0,4.5,28.5,0.0,22.5,16.5,0.0,11.75,0.0,60.5,49.25,10.25,,,,,,,,,,,,,,,,,,,,,,
89,,,,,,,,,,,,,,,0.0,0.0,54.0,0.0,50.0,11.0,12.25,0.0,0.0,8.5,0.0,7.0,0.0,68.5,29.25,11.0,0.0,0.0,10.5,0.0,0.0,0.0,26.25,27.5,9.25,0.0,39.75,20.5,0.0,34.0,20.0,18.25,9.75,0.0,0.0,27.25,20.5,15.5,51.25,63.75,63.5,17.25,24.5,22.75,0.0,0.0,0.0,0.0,36.75,29.0,36.0,,,,,,,,,,,,,,,,,,,,,,
90,,,,,,,,,,,,,,,0.0,9.5,0.0,0.0,0.0,0.0,34.5,25.25,14.0,0.0,15.25,21.5,0.0,33.5,37.5,21.75,34.0,0.0,8.5,20.75,6.0,6.25,31.0,7.75,0.0,30.75,0.0,7.25,0.0,13.0,46.75,25.25,0.0,0.0,5.25,0.0,22.5,5.5,14.25,96.0,41.25,0.0,49.5,12.5,22.25,0.0,23.0,10.75,12.25,11.5,36.5,,,,,,,,,,,,,,,,,,,,,,
91,,,,,,,,,,,,,,,0.0,0.0,33.25,0.0,32.25,0.0,9.75,0.0,0.0,14.75,0.0,0.0,0.0,64.0,24.75,20.0,0.0,0.0,15.0,19.0,0.0,0.0,10.5,33.25,9.75,33.25,44.25,0.0,21.25,75.5,0.0,43.25,19.25,9.25,0.0,16.75,18.0,65.5,66.25,38.5,37.25,0.0,48.75,22.5,0.0,0.0,0.0,0.0,24.0,26.25,17.5,,,,,,,,,,,,,,,,,,,,,,
92,,,,,,,,,,,,,,,0.0,7.5,0.0,0.0,0.0,0.0,8.25,9.75,39.5,0.0,19.0,42.0,11.5,28.25,7.25,28.75,15.75,0.0,12.25,11.5,6.5,7.5,24.75,24.25,0.0,0.0,0.0,0.0,0.0,17.25,41.25,14.25,0.0,14.75,10.75,17.5,35.5,18.75,10.5,57.75,26.0,0.0,59.75,7.0,23.5,0.0,13.0,13.5,6.75,19.5,60.25,,,,,,,,,,,,,,,,,,,,,,
93,,,,,,,,,,,,,,,0.0,0.0,28.75,0.0,55.5,13.25,10.0,0.0,0.0,32.75,0.0,7.0,0.0,39.75,14.5,23.25,0.0,0.0,8.0,8.25,0.0,0.0,16.25,31.5,19.0,18.5,15.25,8.5,18.0,36.0,14.75,36.75,0.0,8.25,0.0,25.25,13.75,21.0,62.25,35.5,49.25,19.75,13.75,21.25,0.0,0.0,0.0,0.0,24.0,43.5,38.25,42.5,,,,,,,,,,,,,,,,,,,,,
94,,,,,,,,,,,,,,,5.5,0.0,0.0,19.75,0.0,6.75,0.0,0.0,10.0,5.0,33.25,20.5,7.0,0.0,16.25,0.0,15.75,13.0,0.0,14.75,24.5,0.0,0.0,0.0,5.75,0.0,10.0,47.75,0.0,86.25,19.5,34.75,5.0,31.75,0.0,14.25,5.5,19.0,11.25,68.75,11.75,48.75,0.0,12.25,18.75,0.0,12.25,0.0,32.25,15.5,5.5,46.25,,,,,,,,,,,,,,,,,,,,,
95,,,,,,,,,,,,,,,0.0,30.25,0.0,0.0,0.0,0.0,13.0,0.0,41.25,0.0,20.5,45.0,6.75,23.5,38.25,31.5,45.5,0.0,0.0,8.5,35.0,21.0,26.0,0.0,0.0,26.5,0.0,7.0,0.0,24.25,66.25,53.25,0.0,6.75,24.25,6.25,15.5,0.0,15.75,76.75,51.25,0.0,76.75,17.25,32.75,0.0,13.75,15.0,21.0,30.75,54.75,0.0,,,,,,,,,,,,,,,,,,,,,
96,,,,,,,,,,,,,,,,0.0,36.0,0.0,37.75,13.25,10.0,0.0,0.0,38.75,0.0,6.25,0.0,47.0,7.25,15.5,0.0,0.0,14.75,14.75,0.0,0.0,15.5,38.0,19.0,25.5,30.5,8.5,18.0,34.5,14.5,29.0,6.75,15.0,0.0,17.75,6.5,27.25,62.0,53.75,54.5,12.75,13.75,15.25,0.0,0.0,0.0,0.0,29.5,26.5,32.75,36.75,,,,,,,,,,,,,,,,,,,,,
97,,,,,,,,,,,,,,,,22.75,0.0,0.0,0.0,7.0,13.0,0.0,39.75,5.25,8.25,38.5,5.5,10.0,38.25,31.5,38.5,6.0,0.0,8.5,39.75,21.0,26.0,0.0,5.5,19.25,6.5,6.0,0.0,24.25,59.5,40.25,0.0,11.25,18.0,5.75,14.25,0.0,14.75,76.75,50.5,4.75,64.0,17.25,41.0,0.0,8.0,15.0,20.5,39.75,43.75,17.0,,,,,,,,,,,,,,,,,,,,,
98,,,,,,,,,,,,,,,,0.0,36.25,0.0,34.75,42.5,21.25,0.0,0.0,11.75,0.0,17.25,0.0,38.75,11.5,10.75,0.0,0.0,17.5,24.5,0.0,0.0,9.75,43.0,14.0,32.75,43.25,0.0,11.5,71.5,13.0,31.5,24.0,20.25,0.0,34.75,13.0,19.75,41.5,38.0,19.75,24.75,27.0,14.25,0.0,0.0,0.0,0.0,37.5,16.25,48.75,58.5,,,,,,,,,,,,,,,,,,,,,
99,,,,,,,,,,,,,,,,18.0,0.0,0.0,0.0,0.0,21.25,17.75,10.0,0.0,31.0,60.75,24.75,15.0,33.5,25.75,26.0,0.0,7.75,7.25,22.25,18.0,25.5,6.5,0.0,41.5,0.0,0.0,0.0,18.0,74.75,25.5,0.0,16.0,6.75,0.0,25.5,24.5,0.0,71.25,40.25,0.0,62.0,5.5,28.5,0.0,12.5,20.25,13.0,19.25,32.5,14.25,,,,,,,,,,,,,,,,,,,,,
100,,,,,,,,,,,,,,,,0.0,38.25,0.0,64.0,18.5,11.0,0.0,0.0,13.25,0.0,9.0,0.0,54.5,18.0,17.5,0.0,0.0,7.75,15.25,0.0,0.0,14.5,17.25,8.0,25.5,37.5,7.75,0.0,30.5,9.75,42.75,18.5,0.0,0.0,9.75,8.75,31.25,77.5,51.75,48.75,20.75,30.75,21.5,0.0,0.0,0.0,0.0,19.25,27.75,39.5,66.0,,,,,,,,,,,,,,,,,,,,,
101,,,,,,,,,,,,,,,,9.0,0.0,0.0,0.0,0.0,27.5,10.5,42.75,0.0,20.0,37.0,7.75,31.5,8.0,16.0,16.75,0.0,8.25,7.5,14.25,8.5,38.75,7.75,0.0,15.25,0.0,8.25,0.0,24.25,46.25,8.0,0.0,16.75,16.0,6.75,22.25,0.0,0.0,54.75,11.75,0.0,88.5,19.5,13.25,0.0,12.25,6.5,11.25,35.25,48.5,5.75,,,,,,,,,,,,,,,,,,,,,
102,,,,,,,,,,,,,,,,0.0,54.5,0.0,17.75,0.0,0.0,0.0,0.0,52.75,0.0,8.75,0.0,47.0,11.25,0.0,0.0,0.0,6.25,0.0,0.0,0.0,10.0,16.5,17.5,39.0,48.5,12.0,7.25,54.0,0.0,9.0,8.25,36.75,0.0,28.75,10.75,41.75,47.0,39.75,41.5,33.25,29.0,8.75,0.0,0.0,0.0,0.0,53.75,42.5,59.5,31.25,,,,,,,,,,,,,,,,,,,,,
103,,,,,,,,,,,,,,,,,53.0,0.0,39.5,12.25,22.25,0.0,0.0,23.5,0.0,24.25,0.0,25.5,10.5,15.75,0.0,0.0,33.0,7.5,0.0,0.0,23.75,23.25,16.75,16.25,37.5,0.0,18.5,73.0,8.5,19.75,15.75,15.5,0.0,7.75,18.0,9.75,45.5,52.5,44.0,20.75,7.25,5.75,0.0,0.0,0.0,0.0,20.25,20.25,20.75,55.5,25.0,,,,,,,,,,,,,,,,,,,,
104,,,,,,,,,,,,,,,,,0.0,0.0,0.0,0.0,9.5,10.75,51.25,0.0,38.0,47.5,8.5,18.5,17.75,45.0,22.5,0.0,22.75,0.0,20.0,12.75,55.75,8.5,0.0,68.25,0.0,12.25,0.0,40.25,18.75,38.25,0.0,29.0,36.25,20.0,11.0,0.0,10.5,83.75,43.25,0.0,65.25,7.75,24.25,0.0,14.75,22.0,6.5,45.25,59.0,7.0,27.25,,,,,,,,,,,,,,,,,,,,
105,,,,,,,,,,,,,,,,,31.25,0.0,76.25,27.25,35.5,0.0,0.0,16.0,0.0,7.75,0.0,17.5,11.25,8.5,0.0,0.0,0.0,8.25,0.0,0.0,8.0,25.25,28.5,17.0,70.25,9.0,12.75,58.0,7.5,0.0,8.5,19.25,0.0,19.5,8.0,68.5,49.75,42.0,81.25,41.25,18.75,6.0,0.0,0.0,0.0,0.0,29.75,19.5,18.75,44.5,17.5,,,,,,,,,,,,,,,,,,,,
106,,,,,,,,,,,,,,,,,0.0,0.0,0.0,0.0,42.0,23.5,8.75,0.0,17.25,20.5,11.75,22.75,12.5,7.5,23.25,0.0,12.25,7.25,22.0,0.0,42.75,11.75,0.0,34.25,0.0,7.25,0.0,8.25,58.5,15.0,0.0,7.0,6.75,19.5,30.0,7.0,6.0,89.25,27.5,0.0,24.0,4.0,3.75,0.0,28.0,22.5,9.25,15.5,56.0,15.75,17.25,,,,,,,,,,,,,,,,,,,,
107,,,,,,,,,,,,,,,,,44.25,0.0,42.5,31.25,0.0,0.0,0.0,24.25,0.0,0.0,0.0,69.25,0.0,7.5,0.0,0.0,6.5,13.0,0.0,0.0,21.0,0.0,17.5,7.5,37.25,9.25,7.0,52.25,20.0,38.5,15.75,0.0,0.0,27.75,32.0,22.5,62.25,44.0,62.75,11.0,49.0,8.75,0.0,0.0,0.0,0.0,37.75,36.75,22.0,48.5,6.25,,,,,,,,,,,,,,,,,,,,
108,,,,,,,,,,,,,,,,,42.0,0.0,62.5,11.5,11.5,0.0,0.0,14.5,0.0,31.0,0.0,50.5,17.0,0.0,0.0,0.0,9.25,0.0,0.0,0.0,9.0,16.25,16.25,21.5,45.0,9.5,18.5,44.25,25.25,23.75,16.0,7.25,0.0,0.0,22.75,46.0,70.75,92.25,56.25,28.5,15.25,13.75,0.0,0.0,0.0,0.0,16.75,32.75,16.75,59.25,19.5,,,,,,,,,,,,,,,,,,,,
109,,,,,,,,,,,,,,,,,0.0,0.0,0.0,0.0,32.75,22.0,28.75,0.0,19.0,0.0,0.0,20.25,11.5,20.5,28.0,0.0,16.25,18.5,29.0,21.0,15.0,7.5,0.0,8.5,0.0,16.5,0.0,62.25,59.75,7.75,0.0,7.25,19.0,16.25,22.0,17.25,10.0,91.5,50.0,0.0,40.25,7.0,30.5,0.0,21.75,17.0,12.25,18.25,39.5,6.75,19.25,,,,,,,,,,,,,,,,,,,,
110,,,,,,,,,,,,,,,,,29.25,0.0,57.75,22.75,22.5,0.0,0.0,14.5,0.0,33.25,0.0,55.5,26.25,9.25,0.0,0.0,9.25,0.0,0.0,0.0,9.0,35.0,18.5,14.75,29.75,9.5,11.0,46.75,18.75,23.75,9.5,7.25,0.0,18.25,16.25,56.25,70.75,92.25,53.0,30.5,17.25,13.75,0.0,0.0,0.0,0.0,20.25,46.75,18.75,50.25,21.5,,,,,,,,,,,,,,,,,,,,
111,,,,,,,,,,,,,,,,,,0.0,0.0,0.0,30.5,0.0,45.5,0.0,14.5,34.0,8.75,38.75,9.25,9.5,37.25,0.0,0.0,0.0,9.5,0.0,24.25,24.5,0.0,53.5,0.0,18.75,0.0,48.25,47.5,44.5,0.0,6.5,6.5,16.0,18.25,9.0,8.25,90.75,41.75,0.0,62.5,0.0,7.25,0.0,22.75,19.5,7.5,23.0,64.75,7.25,15.5,19.75,,,,,,,,,,,,,,,,,,,
112,,,,,,,,,,,,,,,,,53.5,0.0,51.5,0.0,13.25,0.0,0.0,15.0,0.0,26.25,0.0,33.75,0.0,18.75,0.0,0.0,12.0,12.25,0.0,0.0,9.75,22.25,29.5,27.5,70.0,32.75,31.75,73.25,7.5,28.5,20.75,9.25,0.0,39.0,30.25,33.0,9.25,62.5,55.75,16.5,37.0,6.25,0.0,0.0,0.0,0.0,22.75,32.25,48.5,58.5,9.25,54.25,,,,,,,,,,,,,,,,,,,
113,,,,,,,,,,,,,,,,,,0.0,54.0,0.0,23.0,0.0,0.0,28.25,0.0,15.5,0.0,9.75,7.75,26.5,0.0,0.0,0.0,0.0,0.0,0.0,9.75,25.25,29.5,27.5,45.0,28.25,18.5,84.25,14.5,24.5,8.75,16.25,0.0,34.5,26.5,40.0,22.25,47.75,42.25,6.25,51.5,12.5,0.0,0.0,0.0,0.0,35.0,28.75,50.75,61.75,15.5,41.0,,,,,,,,,,,,,,,,,,,
114,,,,,,,,,,,,,,,,,,17.0,0.0,11.75,8.0,11.75,31.0,9.5,11.25,15.25,8.75,9.0,0.0,9.5,44.0,0.0,0.0,0.0,21.0,0.0,14.25,15.5,0.0,33.25,0.0,31.5,10.75,63.5,14.75,22.0,15.25,26.0,6.5,16.0,9.0,0.0,13.0,59.5,20.5,34.25,44.75,13.5,27.0,0.0,7.25,5.0,15.5,28.25,27.25,39.0,24.5,12.75,,,,,,,,,,,,,,,,,,,
115,,,,,,,,,,,,,,,,,,23.0,0.0,11.75,0.0,21.0,5.75,28.25,21.75,6.75,7.0,0.0,5.5,0.0,34.5,6.0,0.0,5.75,34.25,0.0,0.0,0.0,7.5,0.0,0.0,34.75,10.75,86.25,24.75,6.25,15.25,37.5,0.0,7.0,6.0,6.75,11.0,47.25,5.75,34.25,0.0,18.25,39.0,0.0,0.0,0.0,25.75,26.5,7.75,37.5,28.0,17.25,,,,,,,,,,,,,,,,,,,
116,,,,,,,,,,,,,,,,,,0.0,0.0,0.0,17.0,9.25,32.5,13.5,41.0,20.25,7.0,16.0,0.0,0.0,39.5,0.0,7.0,0.0,16.0,9.25,38.5,6.75,7.5,23.25,0.0,7.25,0.0,50.0,21.25,32.0,0.0,29.5,15.25,14.0,23.0,6.75,6.25,84.5,21.5,0.0,64.0,7.5,22.5,0.0,0.0,12.0,5.75,47.5,25.5,18.25,23.5,24.5,,,,,,,,,,,,,,,,,,,
117,,,,,,,,,,,,,,,,,,0.0,6.5,7.25,7.5,8.75,8.75,7.0,20.75,7.75,8.25,33.25,6.25,9.0,17.5,0.0,6.0,13.75,23.25,0.0,5.75,8.0,7.0,29.5,7.0,31.0,17.0,59.75,15.5,39.25,7.25,21.0,0.0,16.0,15.0,12.75,12.5,65.75,28.75,30.25,31.25,0.0,18.5,0.0,7.0,0.0,16.5,34.5,12.75,48.5,19.25,28.25,,,,,,,,,,,,,,,,,,,
118,,,,,,,,,,,,,,,,,,0.0,39.25,35.0,7.5,0.0,0.0,9.5,0.0,9.5,0.0,53.5,25.25,17.5,0.0,0.0,6.0,16.25,0.0,0.0,5.75,20.5,18.25,19.5,38.0,24.25,12.25,58.5,0.0,36.0,10.25,34.0,0.0,22.0,10.0,49.0,49.25,30.0,54.0,26.75,49.5,0.0,0.0,0.0,0.0,0.0,33.0,40.75,29.5,57.75,6.0,38.0,,,,,,,,,,,,,,,,,,,
119,,,,,,,,,,,,,,,,,,0.0,0.0,0.0,32.5,9.0,16.25,7.25,24.5,24.25,8.5,9.0,9.0,29.0,17.0,7.75,18.75,24.5,15.75,9.25,25.75,17.25,0.0,8.75,8.25,9.25,0.0,55.5,26.0,16.25,7.0,7.5,8.0,24.5,34.5,15.25,14.75,61.25,20.75,12.75,58.5,8.0,28.25,0.0,20.5,33.25,20.0,39.25,28.5,32.25,32.5,27.25,,,,,,,,,,,,,,,,,,,
120,,,,,,,,,,,,,,,,,,0.0,41.0,0.0,0.0,0.0,0.0,20.75,0.0,5.5,0.0,56.5,7.25,15.75,0.0,0.0,7.5,5.5,0.0,0.0,0.0,14.5,6.5,42.75,28.5,7.5,18.0,45.5,11.5,7.0,12.5,7.0,0.0,28.75,5.5,22.25,23.75,75.75,33.5,18.0,11.0,22.75,0.0,0.0,0.0,0.0,25.25,9.25,11.75,47.25,16.0,28.75,,,,,,,,,,,,,,,,,,,
121,,,,,,,,,,,,,,,,,,14.0,0.0,0.0,0.0,15.75,5.25,12.5,7.75,23.25,0.0,0.0,13.5,9.0,9.5,21.25,9.5,4.75,17.5,0.0,8.5,0.0,13.0,19.0,0.0,22.0,0.0,77.75,48.5,29.25,5.0,40.5,0.0,8.0,14.75,6.75,0.0,83.75,18.75,26.25,25.0,6.5,22.75,0.0,23.5,6.75,25.5,47.25,17.75,38.25,52.5,16.75,,,,,,,,,,,,,,,,,,,
122,,,,,,,,,,,,,,,,,,,0.0,0.0,13.75,0.0,14.5,0.0,0.0,26.0,5.75,21.5,21.0,32.75,16.25,0.0,8.0,12.75,14.75,9.25,29.0,5.75,5.75,39.25,0.0,22.5,0.0,39.25,49.75,43.0,0.0,16.25,5.5,0.0,23.0,5.75,0.0,70.75,11.75,9.0,55.75,9.5,16.0,0.0,4.75,27.25,9.25,20.25,16.75,9.75,9.0,33.75,10.25,,,,,,,,,,,,,,,,,,
123,,,,,,,,,,,,,,,,,,0.0,26.0,10.0,21.0,0.0,0.0,5.75,0.0,15.75,0.0,82.25,8.75,8.5,0.0,0.0,23.5,0.0,0.0,0.0,15.5,47.0,8.5,23.25,38.0,23.25,26.25,35.25,23.0,16.75,15.0,24.75,0.0,24.0,6.5,29.5,63.75,69.0,25.0,19.5,21.0,13.25,0.0,0.0,0.0,0.0,19.0,42.75,43.25,17.25,13.75,24.25,12.5,,,,,,,,,,,,,,,,,,
124,,,,,,,,,,,,,,,,,,,62.75,27.25,0.0,0.0,0.0,17.0,0.0,17.5,0.0,76.75,10.0,20.0,0.0,0.0,0.0,9.5,0.0,0.0,7.75,9.5,0.0,21.75,43.0,0.0,25.0,77.0,19.5,9.5,11.0,9.75,0.0,49.0,10.75,26.75,66.25,58.75,46.0,17.0,7.75,16.25,0.0,0.0,0.0,0.0,54.75,47.5,20.0,31.75,22.0,43.25,22.0,,,,,,,,,,,,,,,,,,
125,,,,,,,,,,,,,,,,,,,0.0,0.0,36.5,0.0,29.5,0.0,19.5,20.0,27.25,24.25,19.25,5.25,30.25,0.0,5.0,13.75,32.0,0.0,36.0,13.75,0.0,34.75,0.0,29.0,0.0,31.0,58.25,38.0,0.0,6.0,14.25,26.75,42.5,26.25,16.0,94.5,23.5,0.0,51.25,0.0,30.25,0.0,27.25,15.25,13.75,15.75,21.75,11.0,26.25,19.0,20.75,,,,,,,,,,,,,,,,,,
126,,,,,,,,,,,,,,,,,,,0.0,9.0,10.75,0.0,0.0,7.0,21.5,23.5,24.25,18.75,25.25,9.25,24.75,7.5,0.0,8.5,48.75,19.5,18.0,0.0,0.0,0.0,8.0,25.5,8.0,50.0,41.25,24.25,0.0,39.0,7.75,15.25,16.0,0.0,21.0,81.5,6.75,0.0,16.75,19.5,38.5,0.0,7.0,13.75,11.25,18.25,27.5,6.25,32.5,24.25,11.75,,,,,,,,,,,,,,,,,,
127,,,,,,,,,,,,,,,,,,,25.0,16.0,11.0,5.25,0.0,15.25,0.0,0.0,4.25,51.25,0.0,16.0,8.5,0.0,15.75,7.5,0.0,0.0,8.5,22.75,8.5,22.75,24.0,4.25,9.5,51.0,17.0,19.75,7.5,8.25,0.0,35.75,21.0,18.25,36.25,48.5,16.75,24.5,13.75,7.0,0.0,0.0,0.0,0.0,34.0,19.0,19.0,45.0,9.75,26.0,3.25,,,,,,,,,,,,,,,,,,
128,,,,,,,,,,,,,,,,,,,0.0,15.5,27.25,0.0,13.5,16.5,31.0,0.0,15.5,10.75,17.0,14.0,11.75,0.0,0.0,12.75,10.0,0.0,11.5,11.75,0.0,22.5,0.0,19.0,14.0,42.25,38.75,46.25,17.5,0.0,22.25,13.0,11.25,12.0,4.25,50.5,44.5,30.5,10.5,13.0,0.0,0.0,0.0,0.0,18.0,45.75,25.5,40.0,32.5,35.5,23.5,,,,,,,,,,,,,,,,,,
129,,,,,,,,,,,,,,,,,,,23.5,19.0,9.75,0.0,7.5,5.0,6.5,9.0,0.0,16.0,12.25,5.75,0.0,0.0,0.0,0.0,0.0,0.0,12.25,16.5,13.5,9.25,49.25,14.5,8.5,61.0,12.5,20.75,14.5,13.75,0.0,0.0,12.75,12.0,57.25,28.75,32.75,31.25,14.0,4.5,10.5,0.0,0.0,0.0,30.75,21.5,25.0,62.5,16.5,38.25,13.0,,,,,,,,,,,,,,,,,,
130,,,,,,,,,,,,,,,,,,,0.0,0.0,24.0,0.0,13.75,0.0,6.25,25.5,12.5,35.25,12.5,18.5,27.5,0.0,20.5,12.75,33.0,7.25,21.5,7.0,0.0,28.5,0.0,7.5,0.0,25.0,20.5,7.5,0.0,0.0,20.25,19.25,19.25,11.5,11.25,100.0,35.25,0.0,17.75,6.0,17.75,0.0,16.5,15.5,15.5,21.25,21.75,11.25,5.75,16.0,21.0,,,,,,,,,,,,,,,,,,
131,,,,,,,,,,,,,,,,,,,42.25,41.5,27.0,0.0,0.0,26.75,0.0,27.0,0.0,44.75,24.25,22.75,0.0,0.0,6.75,0.0,0.0,0.0,0.0,21.75,25.5,23.25,49.0,14.25,10.5,9.0,14.75,14.25,9.0,7.5,0.0,9.5,14.75,22.75,81.75,44.75,54.5,30.75,20.0,6.5,0.0,0.0,0.0,0.0,47.5,48.25,50.0,54.25,12.5,29.5,12.25,0.0,,,,,,,,,,,,,,,,,
132,,,,,,,,,,,,,,,,,,,,29.0,28.75,0.0,0.0,26.25,0.0,31.0,0.0,68.75,14.75,31.25,0.0,0.0,0.0,8.25,0.0,0.0,7.5,25.0,8.5,34.5,57.25,22.75,0.0,18.0,14.75,22.5,0.0,7.5,0.0,0.0,16.25,42.25,72.75,37.0,49.0,41.25,31.75,15.75,0.0,0.0,0.0,0.0,60.25,36.5,65.5,51.75,29.75,38.25,6.25,0.0,,,,,,,,,,,,,,,,,
133,,,,,,,,,,,,,,,,,,,,0.0,45.25,0.0,27.5,0.0,25.5,45.0,9.0,16.75,27.0,29.5,0.0,0.0,8.25,26.0,27.75,0.0,34.25,0.0,0.0,68.75,0.0,18.0,0.0,32.75,69.25,9.0,0.0,0.0,0.0,17.0,35.75,17.5,24.25,56.25,56.0,0.0,49.75,13.5,29.5,0.0,21.25,28.75,8.0,26.0,29.0,6.75,20.75,26.75,35.75,0.0,,,,,,,,,,,,,,,,,
134,,,,,,,,,,,,,,,,,,,,8.0,17.0,0.0,0.0,21.75,0.0,22.5,0.0,45.0,14.25,7.5,0.0,0.0,6.0,15.25,0.0,0.0,0.0,25.75,8.75,29.75,30.25,14.25,17.25,55.75,32.75,12.25,18.25,0.0,0.0,47.0,21.0,28.25,47.5,54.5,62.25,27.25,20.5,11.25,0.0,0.0,0.0,0.0,44.25,41.0,39.0,46.75,11.25,22.75,8.5,0.0,,,,,,,,,,,,,,,,,
135,,,,,,,,,,,,,,,,,,,,0.0,0.0,0.0,24.5,29.25,13.75,0.0,15.5,0.0,15.25,0.0,16.0,26.25,0.0,18.0,18.25,0.0,0.0,0.0,7.5,0.0,0.0,40.75,17.0,78.5,7.25,24.25,7.0,36.0,0.0,9.5,15.5,7.0,0.0,73.75,0.0,32.75,0.0,6.0,36.25,0.0,11.75,0.0,9.75,23.75,8.25,62.25,73.5,25.5,16.0,6.0,,,,,,,,,,,,,,,,,
136,,,,,,,,,,,,,,,,,,,,12.25,12.0,0.0,0.0,10.0,0.0,8.5,0.0,63.0,16.75,19.75,0.0,0.0,7.0,0.0,0.0,0.0,24.0,29.0,19.25,34.0,53.75,0.0,13.25,48.0,0.0,46.5,25.5,20.75,0.0,23.0,7.25,35.25,31.0,74.0,51.75,35.5,35.25,0.0,0.0,0.0,0.0,0.0,30.5,31.5,36.0,59.0,21.0,40.0,0.0,0.0,,,,,,,,,,,,,,,,,
137,,,,,,,,,,,,,,,,,,,,0.0,29.0,0.0,34.5,0.0,14.75,28.0,7.25,23.75,22.75,8.5,16.25,0.0,0.0,15.75,24.75,10.0,20.25,0.0,0.0,32.5,0.0,0.0,0.0,25.25,23.75,23.25,0.0,7.0,6.75,15.0,7.75,14.5,12.25,97.0,29.5,0.0,52.5,7.25,18.5,0.0,17.25,11.5,12.75,23.75,50.5,14.0,20.25,24.5,12.5,0.0,,,,,,,,,,,,,,,,,
138,,,,,,,,,,,,,,,,,,,,0.0,0.0,0.0,38.75,0.0,9.0,42.25,9.5,37.0,18.25,19.25,18.0,0.0,28.0,8.5,9.0,9.25,16.75,26.5,0.0,17.5,0.0,8.75,0.0,41.0,63.0,17.75,0.0,0.0,26.5,26.75,19.75,0.0,0.0,40.5,35.0,0.0,52.0,7.25,14.25,0.0,31.0,20.5,7.5,41.0,54.75,7.5,22.5,27.25,7.25,14.0,,,,,,,,,,,,,,,,,
139,,,,,,,,,,,,,,,,,,,,,0.0,11.75,7.75,41.75,8.25,14.0,19.5,0.0,17.5,0.0,7.5,9.25,0.0,18.0,35.0,0.0,0.0,0.0,0.0,0.0,20.25,34.25,30.5,69.75,24.25,26.25,7.0,24.25,0.0,9.0,19.25,18.5,14.25,89.0,0.0,30.0,0.0,5.75,43.0,0.0,0.0,0.0,53.0,35.75,20.0,41.5,61.75,21.0,18.25,11.0,12.75,,,,,,,,,,,,,,,,
140,,,,,,,,,,,,,,,,,,,,,,0.0,0.0,41.0,0.0,20.25,0.0,27.0,22.0,11.75,0.0,0.0,8.25,10.5,0.0,0.0,7.5,33.5,17.25,31.5,17.5,8.0,43.5,76.0,25.5,30.0,27.5,18.0,0.0,16.25,11.0,38.25,48.0,36.75,27.5,16.25,0.0,15.0,0.0,0.0,0.0,0.0,45.25,17.5,43.25,55.75,13.0,35.25,21.5,0.0,0.0,0.0,,,,,,,,,,,,,,,
141,,,,,,,,,,,,,,,,,,,,,,0.0,25.75,0.0,18.25,37.25,7.0,20.0,9.25,25.5,16.75,0.0,22.0,0.0,19.5,0.0,49.0,7.0,0.0,30.5,0.0,32.75,0.0,49.5,61.5,30.5,0.0,12.5,17.5,32.0,31.75,28.5,14.75,79.25,20.25,0.0,57.0,18.0,31.75,0.0,22.25,6.75,18.25,20.25,62.5,19.25,20.5,38.0,10.25,23.0,0.0,16.25,31.0,,,,,,,,,,,,,,
142,,,,,,,,,,,,,,,,,,,,,,,0.0,20.0,0.0,17.0,0.0,55.0,18.25,32.5,0.0,0.0,19.25,29.5,0.0,0.0,0.0,8.0,0.0,42.0,80.0,0.0,8.5,47.25,22.0,21.5,19.0,7.75,0.0,19.25,18.0,30.5,57.5,46.25,45.75,9.25,20.5,18.25,0.0,0.0,0.0,0.0,42.25,23.5,0.0,69.25,24.25,31.25,0.0,0.0,0.0,0.0,43.0,,,,,,,,,,,,,,
143,,,,,,,,,,,,,,,,,,,,,,,10.5,0.0,14.5,48.0,0.0,14.25,10.5,26.75,9.5,0.0,0.0,34.0,35.75,10.5,32.0,8.5,0.0,28.0,0.0,9.25,0.0,11.0,57.25,27.25,0.0,6.75,0.0,7.25,17.25,7.75,22.0,81.25,42.5,0.0,56.75,7.25,13.25,0.0,36.5,14.0,0.0,20.0,45.0,5.75,0.0,21.25,5.5,7.0,6.25,7.5,36.25,,,,,,,,,,,,,,
144,,,,,,,,,,,,,,,,,,,,,,,18.75,0.0,22.0,42.5,0.0,28.0,25.0,34.25,34.75,0.0,8.75,15.75,31.0,29.75,31.75,17.25,0.0,25.25,0.0,9.5,0.0,29.5,51.0,49.75,0.0,0.0,9.0,32.25,8.25,14.75,0.0,54.75,39.0,0.0,74.25,7.25,7.25,0.0,13.0,12.25,12.0,32.75,44.25,5.25,26.75,13.75,6.75,14.5,0.0,7.0,26.5,,,,,,,,,,,,,,
145,,,,,,,,,,,,,,,,,,,,,,,0.0,19.75,0.0,10.75,0.0,47.25,10.75,20.75,0.0,0.0,0.0,11.5,0.0,0.0,28.0,37.75,0.0,32.0,44.0,30.75,9.0,73.0,22.0,51.75,22.0,0.0,0.0,10.25,0.0,21.0,44.5,37.5,51.0,14.5,11.5,16.75,0.0,0.0,0.0,0.0,16.5,25.75,31.75,51.25,24.75,23.5,6.0,0.0,0.0,9.25,26.0,0.0,,,,,,,,,,,,,
146,,,,,,,,,,,,,,,,,,,,,,,,16.5,0.0,0.0,0.0,47.25,10.75,20.75,0.0,0.0,0.0,7.75,0.0,0.0,17.25,45.75,0.0,32.0,53.0,19.0,18.5,48.0,10.75,47.5,10.5,0.0,0.0,18.0,0.0,9.75,47.5,47.75,58.25,14.5,0.0,16.75,0.0,0.0,0.0,0.0,13.75,29.5,28.5,66.5,37.75,20.25,12.0,0.0,0.0,9.25,15.5,0.0,,,,,,,,,,,,,
147,,,,,,,,,,,,,,,,,,,,,,,,24.5,15.75,0.0,20.25,0.0,9.75,0.0,37.5,0.0,0.0,16.5,39.75,0.0,0.0,0.0,10.75,0.0,33.75,54.0,18.0,79.5,13.5,22.5,7.5,30.25,0.0,20.5,0.0,11.25,14.0,29.5,6.25,59.0,0.0,0.0,38.0,0.0,19.0,0.0,12.5,34.0,0.0,47.75,62.5,19.5,12.75,7.5,40.75,0.0,0.0,5.25,,,,,,,,,,,,,
148,,,,,,,,,,,,,,,,,,,,,,,,0.0,20.5,28.5,15.5,23.5,37.25,28.0,49.25,0.0,13.75,0.0,48.5,24.5,32.25,8.25,0.0,16.0,0.0,0.0,0.0,46.25,24.5,29.5,0.0,6.75,15.0,0.0,8.75,6.5,22.5,78.75,46.75,0.0,72.75,18.5,12.25,0.0,7.0,14.75,12.5,19.75,33.0,5.75,7.5,39.25,7.25,7.5,12.0,0.0,21.5,21.0,,,,,,,,,,,,,
149,,,,,,,,,,,,,,,,,,,,,,,,14.0,0.0,6.5,0.0,74.25,16.0,7.5,0.0,0.0,8.0,9.75,0.0,0.0,0.0,23.75,0.0,33.75,27.0,7.25,10.75,81.25,17.25,40.0,0.0,23.75,0.0,23.75,7.25,53.25,45.75,44.75,45.5,6.0,16.25,18.5,0.0,0.0,0.0,0.0,25.5,19.25,19.25,53.5,20.5,20.5,12.5,0.0,0.0,6.5,7.5,5.75,0.0,,,,,,,,,,,,
150,,,,,,,,,,,,,,,,,,,,,,,,0.0,32.0,33.0,0.0,18.5,13.5,35.25,9.75,0.0,21.0,13.75,31.5,13.5,25.75,19.0,0.0,38.25,0.0,19.75,0.0,49.5,61.75,32.5,0.0,19.75,25.75,21.25,19.0,0.0,19.25,55.25,31.25,0.0,72.75,0.0,36.0,0.0,18.5,23.0,15.5,20.5,36.25,8.25,0.0,7.25,3.75,4.25,4.5,0.0,27.75,25.75,0.0,,,,,,,,,,,,
151,,,,,,,,,,,,,,,,,,,,,,,,,0.0,8.25,0.0,51.0,20.25,27.25,0.0,0.0,28.0,20.25,0.0,0.0,17.0,34.5,18.25,20.25,29.75,9.25,31.25,40.0,16.75,24.5,7.75,8.75,0.0,26.75,19.75,51.25,23.0,91.25,45.0,15.5,10.0,8.5,0.0,0.0,0.0,0.0,28.75,27.75,44.75,70.0,16.25,44.0,14.0,0.0,0.0,15.75,43.5,6.75,0.0,,,,,,,,,,,,
152,,,,,,,,,,,,,,,,,,,,,,,,,18.75,21.75,12.75,24.5,8.5,21.75,9.5,0.0,0.0,0.0,7.0,24.75,62.75,7.0,0.0,33.75,0.0,13.25,0.0,17.5,42.5,8.5,0.0,12.5,18.75,14.0,36.25,13.0,6.25,90.25,26.0,0.0,26.25,6.0,16.75,0.0,5.75,12.25,10.0,35.25,31.0,5.5,16.25,22.25,10.5,12.25,7.25,16.25,26.0,18.5,0.0,,,,,,,,,,,,
153,,,,,,,,,,,,,,,,,,,,,,,,,18.25,12.75,6.5,14.0,7.0,7.75,14.75,0.0,7.0,14.5,14.0,22.0,35.0,13.0,0.0,43.5,0.0,7.25,0.0,8.0,41.75,14.25,0.0,13.5,20.25,27.5,33.75,6.5,11.75,100.0,49.0,0.0,26.25,5.5,5.5,0.0,11.75,15.75,10.5,21.25,38.75,16.25,11.0,21.75,10.5,16.25,6.0,10.75,17.75,11.5,0.0,,,,,,,,,,,,
154,,,,,,,,,,,,,,,,,,,,,,,,,33.25,17.75,11.5,0.0,10.5,0.0,27.0,19.5,0.0,19.5,46.75,0.0,0.0,0.0,11.5,0.0,0.0,65.5,15.25,85.0,15.0,22.75,17.25,28.75,0.0,14.25,18.5,21.0,10.0,32.25,5.25,58.5,0.0,0.0,25.5,0.0,9.75,0.0,32.0,19.5,8.5,39.5,63.5,36.5,15.25,8.5,34.75,14.75,25.75,6.5,11.5,,,,,,,,,,,,
155,,,,,,,,,,,,,,,,,,,,,,,,,24.5,31.25,0.0,24.5,0.0,21.0,37.25,0.0,18.5,29.25,9.5,10.0,45.75,11.5,9.5,11.5,0.0,20.0,10.25,21.25,43.0,8.5,0.0,20.75,0.0,18.75,25.75,7.75,15.75,67.75,26.5,15.5,47.25,7.5,13.5,0.0,14.25,13.75,22.5,21.0,51.0,28.5,22.5,30.25,23.5,14.0,26.25,0.0,15.75,21.0,7.75,,,,,,,,,,,,
156,,,,,,,,,,,,,,,,,,,,,,,,,0.0,21.75,0.0,14.75,20.0,18.5,21.25,6.25,14.75,14.5,37.25,6.75,16.25,0.0,0.0,24.25,6.0,19.75,0.0,44.5,60.25,20.0,5.5,5.75,8.5,7.5,29.5,5.5,6.75,56.0,6.5,19.25,61.0,14.25,21.5,0.0,12.75,12.5,19.5,49.25,17.0,13.0,18.75,13.0,0.0,11.5,9.75,6.25,14.75,27.0,4.75,,,,,,,,,,,,
157,,,,,,,,,,,,,,,,,,,,,,,,,42.75,0.0,12.0,0.0,12.0,0.0,37.75,9.0,0.0,10.25,48.5,0.0,0.0,0.0,0.0,0.0,10.5,35.75,5.25,69.25,9.25,37.25,15.5,57.5,0.0,20.0,18.25,4.25,18.25,47.75,7.0,53.5,0.0,0.0,18.75,0.0,11.5,0.0,21.75,34.25,18.5,17.0,65.75,33.0,6.75,16.75,51.5,3.75,21.0,6.5,10.5,0.0,,,,,,,,,,,
158,,,,,,,,,,,,,,,,,,,,,,,,,0.0,21.0,0.0,66.75,20.25,10.0,0.0,0.0,0.0,8.0,0.0,0.0,7.5,27.25,8.75,10.5,42.25,0.0,24.25,38.0,0.0,28.75,7.75,15.5,0.0,7.75,8.25,42.25,48.5,60.25,50.25,0.0,0.0,8.0,0.0,0.0,0.0,0.0,14.0,12.5,22.0,74.75,32.25,50.25,8.5,0.0,0.0,8.0,7.0,9.5,0.0,0.0,,,,,,,,,,,
159,,,,,,,,,,,,,,,,,,,,,,,,,,10.75,0.0,61.0,20.25,11.0,0.0,0.0,0.0,0.0,0.0,0.0,10.0,42.25,9.25,19.5,84.25,21.5,0.0,37.5,0.0,20.25,21.0,20.25,0.0,11.75,21.25,8.75,43.0,61.75,21.5,9.75,0.0,8.5,0.0,0.0,0.0,0.0,6.0,40.75,18.75,50.0,45.75,36.75,8.5,0.0,0.0,8.75,44.0,16.25,0.0,0.0,,,,,,,,,,,
160,,,,,,,,,,,,,,,,,,,,,,,,,,7.75,0.0,45.5,11.0,0.0,0.0,0.0,26.25,16.0,0.0,0.0,7.75,28.0,22.75,37.5,33.75,19.5,21.5,34.75,38.5,40.5,0.0,0.0,0.0,18.75,19.5,29.0,76.75,83.25,30.5,6.75,12.25,21.75,0.0,0.0,0.0,0.0,25.0,21.0,14.5,31.75,23.25,21.75,6.0,0.0,0.0,10.25,17.5,0.0,0.0,0.0,,,,,,,,,,,
161,,,,,,,,,,,,,,,,,,,,,,,,,,,0.0,24.0,30.75,29.25,36.75,0.0,25.75,8.25,5.75,17.5,62.5,8.25,0.0,52.0,0.0,29.75,0.0,35.75,30.75,8.75,0.0,5.25,0.0,7.25,18.0,11.0,10.5,75.5,31.25,0.0,43.75,16.0,21.75,0.0,9.5,4.0,9.0,20.5,33.5,10.25,4.75,6.25,10.75,9.5,13.5,11.25,20.75,28.5,0.0,0.0,,,,,,,,,,,
162,,,,,,,,,,,,,,,,,,,,,,,,,,,0.0,29.75,10.5,17.75,0.0,0.0,17.75,14.5,0.0,0.0,17.0,17.0,11.25,40.75,44.75,18.5,8.0,32.75,0.0,17.25,20.0,17.0,0.0,48.25,27.25,53.25,59.0,42.0,73.0,15.25,10.0,17.25,0.0,0.0,0.0,0.0,22.5,30.25,13.5,31.25,14.75,21.75,5.5,0.0,0.0,0.0,16.0,22.5,0.0,0.0,12.5,,,,,,,,,,
163,,,,,,,,,,,,,,,,,,,,,,,,,,,0.0,30.0,10.5,17.75,0.0,0.0,17.75,15.25,0.0,0.0,16.75,17.0,11.25,41.0,44.75,18.5,8.0,32.75,0.0,17.25,20.0,17.75,0.0,48.75,27.25,55.5,61.75,43.0,73.25,15.5,10.0,17.25,0.0,0.0,0.0,0.0,23.0,30.25,14.0,32.75,15.0,21.75,5.75,0.0,0.0,0.0,16.0,22.5,0.0,0.0,12.75,,,,,,,,,,
164,,,,,,,,,,,,,,,,,,,,,,,,,,,0.0,40.5,25.5,16.25,8.5,0.0,0.0,0.0,8.25,0.0,41.25,8.5,0.0,26.5,0.0,9.75,0.0,8.25,60.5,15.5,0.0,8.0,9.0,17.25,26.25,0.0,0.0,54.5,70.0,0.0,40.5,13.5,39.25,0.0,27.75,12.0,12.75,24.25,39.25,7.0,15.0,18.25,12.25,14.5,15.0,11.75,45.5,28.75,0.0,0.0,13.0,,,,,,,,,,
165,,,,,,,,,,,,,,,,,,,,,,,,,,,0.0,0.0,0.0,0.0,12.25,0.0,0.0,8.25,59.5,0.0,0.0,0.0,36.75,0.0,8.5,50.75,20.75,68.0,23.0,47.75,7.0,19.5,0.0,26.5,7.75,0.0,0.0,43.75,14.75,12.75,0.0,0.0,20.75,0.0,8.75,0.0,42.75,53.25,21.0,58.0,74.0,42.0,20.0,11.5,22.75,6.0,9.75,16.25,6.25,0.0,0.0,,,,,,,,,,
166,,,,,,,,,,,,,,,,,,,,,,,,,,,,62.0,0.0,18.75,0.0,0.0,0.0,17.75,0.0,0.0,17.0,24.0,30.25,18.75,44.5,28.25,21.0,56.75,29.0,11.0,25.0,0.0,0.0,26.75,7.0,46.0,46.0,42.75,34.0,6.25,11.25,15.75,0.0,0.0,0.0,0.0,20.0,47.25,27.75,29.5,18.5,29.25,5.75,0.0,0.0,30.0,19.75,6.25,0.0,0.0,21.5,0.0,,,,,,,,,
167,,,,,,,,,,,,,,,,,,,,,,,,,,,,42.0,17.25,8.75,0.0,0.0,8.75,16.25,0.0,0.0,8.25,24.25,17.75,34.25,65.75,9.0,9.0,64.25,16.25,16.25,7.5,16.0,0.0,25.75,8.5,72.0,56.0,60.75,70.75,7.25,8.25,7.25,0.0,0.0,0.0,0.0,32.75,53.75,6.5,59.5,14.25,26.5,12.25,0.0,0.0,0.0,29.5,7.25,0.0,0.0,7.25,0.0,,,,,,,,,
168,,,,,,,,,,,,,,,,,,,,,,,,,,,,0.0,0.0,0.0,18.25,6.25,0.0,6.25,32.75,0.0,0.0,0.0,4.75,0.0,18.5,26.5,13.5,78.0,16.5,29.25,11.75,26.75,0.0,6.25,11.75,9.75,13.0,25.25,16.5,12.5,0.0,0.0,38.75,0.0,8.75,0.0,27.75,3.75,4.75,56.0,57.25,10.75,17.5,11.5,27.75,0.0,5.25,6.75,0.0,0.0,0.0,0.0,,,,,,,,,
169,,,,,,,,,,,,,,,,,,,,,,,,,,,,0.0,10.5,0.0,28.75,19.5,0.0,27.5,29.25,0.0,0.0,0.0,13.0,0.0,0.0,27.0,0.0,55.0,34.0,33.0,9.25,37.5,0.0,39.25,0.0,0.0,5.25,59.5,0.0,63.5,0.0,0.0,13.0,0.0,17.25,0.0,26.75,29.75,0.0,28.25,42.75,19.0,26.25,12.0,5.5,5.0,5.25,0.0,18.25,0.0,0.0,0.0,,,,,,,,,
170,,,,,,,,,,,,,,,,,,,,,,,,,,,,,12.25,18.25,0.0,0.0,11.5,6.25,0.0,0.0,0.0,31.0,6.25,31.25,31.5,0.0,22.0,78.5,20.5,6.0,0.0,17.0,0.0,13.25,24.25,28.5,53.5,33.75,38.25,0.0,17.75,10.75,0.0,0.0,0.0,0.0,31.75,20.75,40.25,28.5,16.0,24.5,4.75,0.0,0.0,0.0,6.75,0.0,0.0,0.0,22.0,0.0,0.0,,,,,,,,
171,,,,,,,,,,,,,,,,,,,,,,,,,,,,,20.5,50.0,43.75,0.0,17.5,9.0,9.0,9.5,42.5,8.25,0.0,64.75,0.0,20.75,0.0,23.5,36.0,16.75,0.0,18.75,0.0,28.25,22.25,8.5,10.0,61.5,35.75,0.0,68.0,15.5,20.25,0.0,31.75,7.0,0.0,12.25,41.25,9.0,37.75,41.75,8.5,15.5,6.5,22.75,20.25,18.0,0.0,0.0,17.5,0.0,0.0,,,,,,,,
172,,,,,,,,,,,,,,,,,,,,,,,,,,,,,16.25,36.25,17.5,0.0,14.5,7.0,32.0,0.0,34.25,8.5,0.0,23.25,0.0,24.5,0.0,14.0,41.25,24.25,0.0,16.75,8.25,9.75,15.75,6.5,15.0,80.25,34.0,0.0,68.75,5.25,33.5,0.0,5.25,14.5,12.0,5.5,34.25,0.0,6.0,29.75,0.0,10.5,0.0,7.25,42.5,0.0,0.0,0.0,13.0,0.0,0.0,,,,,,,,
173,,,,,,,,,,,,,,,,,,,,,,,,,,,,,0.0,0.0,0.0,0.0,0.0,0.0,0.0,0.0,0.0,25.5,10.75,37.75,51.5,0.0,11.0,61.5,26.25,26.75,10.0,9.5,0.0,20.0,9.5,44.75,81.25,48.75,28.5,16.25,9.5,15.5,0.0,0.0,0.0,0.0,29.25,55.75,57.75,59.0,6.5,35.5,15.25,0.0,0.0,0.0,32.5,0.0,0.0,0.0,8.0,0.0,0.0,,,,,,,,
174,,,,,,,,,,,,,,,,,,,,,,,,,,,,,0.0,0.0,0.0,0.0,0.0,0.0,0.0,0.0,0.0,25.75,10.75,37.5,51.5,0.0,11.0,61.75,27.0,27.5,9.5,9.5,0.0,20.0,9.5,45.5,81.0,48.75,28.25,16.25,9.5,15.5,0.0,0.0,0.0,0.0,29.25,56.5,57.75,59.0,6.5,35.5,15.25,0.0,0.0,0.0,32.0,0.0,0.0,0.0,7.75,0.0,0.0,,,,,,,,
175,,,,,,,,,,,,,,,,,,,,,,,,,,,,,11.5,19.0,0.0,0.0,30.0,0.0,0.0,0.0,18.25,20.25,0.0,32.5,12.0,0.0,34.0,47.25,0.0,40.5,10.25,18.0,0.0,41.0,0.0,37.75,46.0,63.25,72.5,26.25,10.25,17.0,0.0,0.0,0.0,0.0,39.0,8.25,24.5,49.5,18.25,40.75,31.25,0.0,0.0,24.5,35.5,7.25,0.0,0.0,9.0,0.0,0.0,,,,,,,,
176,,,,,,,,,,,,,,,,,,,,,,,,,,,,,15.0,0.0,31.75,7.75,0.0,23.25,31.25,0.0,0.0,0.0,16.0,0.0,16.75,0.0,7.75,58.75,21.25,23.5,13.75,22.5,0.0,14.75,21.75,6.25,6.75,53.75,6.0,37.5,0.0,0.0,5.75,0.0,6.0,0.0,11.5,46.0,12.0,73.25,18.0,17.25,23.25,11.0,57.0,18.75,12.5,19.75,12.0,0.0,0.0,0.0,6.5,,,,,,,,
177,,,,,,,,,,,,,,,,,,,,,,,,,,,,,15.0,0.0,10.75,18.75,0.0,7.5,24.5,0.0,0.0,0.0,18.75,0.0,0.0,28.0,8.5,77.0,24.75,31.75,0.0,28.5,0.0,26.5,14.75,13.75,8.5,38.75,0.0,13.25,0.0,0.0,13.5,0.0,12.0,0.0,24.25,31.75,6.25,44.25,65.75,25.25,11.5,5.75,44.75,14.25,6.0,0.0,0.0,0.0,0.0,0.0,12.5,,,,,,,,
178,,,,,,,,,,,,,,,,,,,,,,,,,,,,,,29.0,39.25,0.0,0.0,8.75,44.0,23.5,30.0,40.25,0.0,38.5,0.0,19.25,0.0,34.5,42.25,19.0,0.0,0.0,30.0,8.75,36.25,17.75,8.5,71.0,45.5,0.0,84.0,10.5,22.25,0.0,37.5,7.25,24.5,22.25,43.25,18.25,10.25,21.0,7.25,17.5,16.25,17.5,58.5,35.25,0.0,0.0,27.0,0.0,0.0,0.0,,,,,,,
179,,,,,,,,,,,,,,,,,,,,,,,,,,,,,,11.25,0.0,0.0,11.5,18.0,0.0,0.0,0.0,17.5,0.0,41.75,25.0,10.75,21.0,95.75,0.0,28.25,18.0,10.25,0.0,52.25,10.25,26.5,78.5,46.25,62.5,9.75,0.0,14.75,0.0,0.0,0.0,0.0,46.75,39.25,30.5,31.75,15.75,39.0,0.0,0.0,0.0,32.75,6.5,14.75,0.0,0.0,9.25,0.0,0.0,9.5,,,,,,,
180,,,,,,,,,,,,,,,,,,,,,,,,,,,,,,0.0,8.25,13.75,0.0,7.75,42.75,0.0,0.0,0.0,5.5,0.0,11.75,56.75,19.5,82.0,21.25,18.5,7.5,31.0,0.0,18.75,12.75,10.0,4.75,58.25,6.25,4.75,0.0,0.0,10.0,0.0,10.5,0.0,27.5,37.5,14.5,67.0,58.75,24.0,4.0,9.75,36.75,6.5,11.5,4.5,9.0,0.0,0.0,0.0,24.5,0.0,,,,,,,
181,,,,,,,,,,,,,,,,,,,,,,,,,,,,,,27.75,0.0,0.0,0.0,18.5,0.0,0.0,17.25,28.5,8.0,51.25,43.75,7.75,19.0,74.25,10.0,20.25,27.0,0.0,0.0,38.75,26.75,46.5,61.5,71.75,46.75,7.75,15.75,0.0,0.0,0.0,0.0,0.0,55.5,47.5,44.75,28.0,7.75,14.0,14.0,0.0,0.0,15.0,15.75,0.0,0.0,0.0,16.25,0.0,0.0,23.0,,,,,,,
182,,,,,,,,,,,,,,,,,,,,,,,,,,,,,,,0.0,0.0,10.75,38.5,0.0,0.0,22.5,38.5,24.25,40.25,22.25,0.0,8.75,46.25,7.5,24.75,10.25,19.75,0.0,59.25,0.0,40.5,87.25,50.75,27.25,17.25,24.0,0.0,0.0,0.0,0.0,0.0,20.5,15.75,23.0,45.5,43.25,35.0,10.0,0.0,0.0,6.75,25.25,32.75,0.0,0.0,9.75,0.0,0.0,0.0,0.0,,,,,,
183,,,,,,,,,,,,,,,,,,,,,,,,,,,,,,,0.0,0.0,26.75,35.75,0.0,0.0,25.0,55.75,9.75,45.5,63.75,19.0,8.25,42.75,18.75,18.0,9.0,8.75,0.0,41.0,17.25,44.75,71.0,55.75,38.25,17.75,17.75,0.0,0.0,0.0,0.0,0.0,27.75,41.25,21.75,11.25,28.75,36.5,12.25,0.0,0.0,30.75,8.5,0.0,0.0,0.0,6.5,0.0,0.0,7.75,0.0,,,,,,
184,,,,,,,,,,,,,,,,,,,,,,,,,,,,,,,0.0,0.0,19.75,20.5,0.0,0.0,5.25,18.5,9.0,35.25,9.0,14.0,15.25,56.75,14.0,0.0,14.5,8.5,0.0,25.75,14.0,20.0,54.75,46.5,44.25,0.0,13.5,0.0,0.0,0.0,0.0,0.0,37.25,23.5,28.5,28.75,11.0,6.5,16.25,0.0,0.0,6.75,14.0,0.0,0.0,0.0,5.0,0.0,0.0,11.75,0.0,,,,,,
185,,,,,,,,,,,,,,,,,,,,,,,,,,,,,,,8.0,32.0,0.0,18.0,27.25,0.0,0.0,0.0,31.0,0.0,0.0,56.5,0.0,93.25,7.0,31.75,15.25,63.25,0.0,7.5,20.0,9.75,19.75,49.25,6.5,41.25,0.0,0.0,17.5,0.0,15.25,0.0,20.75,42.0,16.0,43.25,53.0,20.5,29.0,16.0,51.25,0.0,8.75,23.5,15.25,0.0,0.0,0.0,27.75,0.0,10.5,,,,,,
186,,,,,,,,,,,,,,,,,,,,,,,,,,,,,,,,30.25,0.0,18.75,55.0,0.0,0.0,0.0,10.25,0.0,20.5,37.25,0.0,56.0,10.75,38.0,7.5,46.25,0.0,18.75,9.5,16.0,15.25,72.5,15.75,49.0,0.0,0.0,35.5,0.0,13.75,0.0,44.75,27.25,15.75,67.25,60.0,21.25,7.0,15.25,33.5,7.5,8.25,7.25,14.0,0.0,0.0,0.0,30.25,0.0,8.25,0.0,,,,,
187,,,,,,,,,,,,,,,,,,,,,,,,,,,,,,,,,32.5,7.5,0.0,0.0,18.25,0.0,24.0,33.5,18.0,9.0,9.5,48.75,18.75,44.75,21.5,20.0,0.0,22.5,0.0,26.25,53.5,24.25,50.75,18.75,11.0,0.0,0.0,0.0,0.0,0.0,22.5,12.75,22.5,56.25,33.5,30.5,30.0,0.0,0.0,16.0,24.0,13.25,0.0,0.0,0.0,0.0,0.0,6.0,0.0,0.0,0.0,,,,
188,,,,,,,,,,,,,,,,,,,,,,,,,,,,,,,,,0.0,20.25,47.0,0.0,19.75,0.0,0.0,25.0,11.75,46.25,0.0,36.25,48.75,29.0,0.0,22.5,0.0,29.75,17.75,15.75,0.0,74.25,7.75,28.0,23.0,0.0,31.75,0.0,24.5,6.0,32.0,29.75,13.25,33.75,40.5,62.0,7.75,0.0,17.75,15.5,23.25,24.25,9.75,0.0,6.25,0.0,9.0,0.0,10.0,0.0,0.0,,,,
189,,,,,,,,,,,,,,,,,,,,,,,,,,,,,,,,,0.0,18.5,21.0,0.0,0.0,0.0,8.25,0.0,29.25,60.25,18.0,50.5,36.25,12.0,15.25,53.0,0.0,38.0,26.0,7.0,14.25,49.5,6.0,28.0,0.0,0.0,44.0,0.0,15.5,0.0,38.25,26.75,0.0,65.25,53.0,55.0,26.5,11.5,24.25,9.25,0.0,9.75,9.75,0.0,0.0,0.0,9.0,0.0,16.5,0.0,0.0,,,,
190,,,,,,,,,,,,,,,,,,,,,,,,,,,,,,,,,23.25,9.75,66.0,0.0,29.25,9.75,0.0,45.0,0.0,19.5,0.0,36.75,52.5,17.0,0.0,12.0,0.0,7.75,16.0,24.25,0.0,81.25,33.75,0.0,64.5,7.75,23.5,0.0,25.5,6.0,13.25,28.25,47.5,13.75,16.5,36.25,17.75,10.5,0.0,6.25,42.25,14.5,0.0,0.0,17.0,0.0,0.0,0.0,0.0,0.0,0.0,,,,
191,,,,,,,,,,,,,,,,,,,,,,,,,,,,,,,,,,6.0,16.5,11.5,41.25,7.5,5.5,42.0,0.0,17.75,0.0,32.0,34.25,29.75,5.0,6.0,0.0,28.25,7.75,0.0,5.0,58.0,47.25,0.0,17.5,0.0,6.5,0.0,8.75,20.75,18.75,36.0,25.25,14.75,22.5,23.25,9.0,4.75,5.25,0.0,9.25,14.0,0.0,0.0,5.0,0.0,0.0,0.0,0.0,0.0,0.0,0.0,,,
192,,,,,,,,,,,,,,,,,,,,,,,,,,,,,,,,,,29.25,33.0,0.0,0.0,0.0,20.0,0.0,34.25,75.25,11.0,76.75,46.75,19.25,0.0,34.25,0.0,48.25,27.75,0.0,9.5,47.0,12.75,65.0,0.0,0.0,28.5,0.0,7.75,0.0,25.75,29.0,6.5,53.25,74.5,30.75,16.75,13.5,23.0,8.75,7.5,7.25,17.25,0.0,0.0,0.0,15.5,0.0,16.5,0.0,0.0,0.0,,,
193,,,,,,,,,,,,,,,,,,,,,,,,,,,,,,,,,,6.75,8.25,0.0,6.5,28.0,7.75,8.25,16.25,16.0,8.5,75.25,14.25,37.25,7.5,7.75,0.0,27.5,28.25,33.0,32.5,46.0,23.25,7.0,0.0,0.0,6.0,0.0,6.25,0.0,45.75,23.25,23.0,27.75,25.0,30.0,11.0,0.0,6.75,5.75,25.5,18.25,0.0,0.0,6.0,0.0,0.0,6.5,0.0,0.0,0.0,0.0,,,
194,,,,,,,,,,,,,,,,,,,,,,,,,,,,,,,,,,0.0,57.75,0.0,0.0,0.0,6.5,0.0,20.75,14.5,0.0,100.0,36.75,7.5,12.75,37.0,0.0,26.25,20.5,5.25,0.0,49.0,19.5,30.25,0.0,0.0,14.5,0.0,6.0,0.0,0.0,27.75,16.0,57.75,47.0,32.0,35.25,13.75,10.0,12.5,0.0,15.25,12.75,0.0,0.0,0.0,29.0,0.0,11.5,0.0,0.0,0.0,,,
195,,,,,,,,,,,,,,,,,,,,,,,,,,,,,,,,,,13.0,22.5,9.0,14.5,6.25,0.0,13.5,7.75,0.0,0.0,38.75,45.0,16.5,0.0,7.25,12.0,7.0,47.5,12.0,6.0,88.25,27.75,0.0,41.0,5.75,28.75,0.0,12.25,5.25,0.0,20.75,32.0,22.5,12.5,29.5,16.75,21.0,0.0,21.5,47.75,11.5,6.25,0.0,5.75,0.0,6.25,0.0,0.0,0.0,0.0,0.0,,,
196,,,,,,,,,,,,,,,,,,,,,,,,,,,,,,,,,,0.0,33.25,0.0,0.0,0.0,16.25,0.0,19.0,43.5,23.5,36.75,30.25,45.0,9.25,19.25,0.0,0.0,0.0,9.75,14.5,71.5,0.0,31.25,0.0,0.0,15.75,0.0,15.0,0.0,40.5,56.0,0.0,58.5,89.75,32.25,20.0,0.0,19.5,16.5,0.0,7.5,13.0,0.0,0.0,0.0,32.75,0.0,17.0,0.0,0.0,0.0,0.0,,
197,,,,,,,,,,,,,,,,,,,,,,,,,,,,,,,,,,17.0,0.0,0.0,8.75,19.0,8.0,36.75,10.75,10.5,0.0,84.5,16.75,27.5,0.0,10.25,0.0,47.5,17.5,28.25,46.75,38.5,50.0,6.75,18.0,0.0,0.0,0.0,0.0,0.0,34.25,36.25,23.0,60.0,30.75,30.0,6.0,0.0,0.0,15.0,16.5,8.75,0.0,0.0,13.75,0.0,0.0,16.0,0.0,0.0,0.0,0.0,0.0,,
198,,,,,,,,,,,,,,,,,,,,,,,,,,,,,,,,,,,16.25,30.5,27.0,7.5,8.0,49.5,0.0,0.0,0.0,62.75,39.25,11.75,0.0,0.0,0.0,20.25,16.0,19.5,20.75,53.5,28.0,6.75,54.5,0.0,16.0,0.0,3.25,27.0,34.5,37.75,19.75,15.5,26.5,39.5,23.75,0.0,13.0,6.5,20.75,0.0,0.0,0.0,20.0,0.0,0.0,6.75,0.0,0.0,0.0,0.0,0.0,,
199,,,,,,,,,,,,,,,,,,,,,,,,,,,,,,,,,,,6.25,0.0,14.5,18.0,0.0,34.75,20.25,18.5,21.25,20.75,20.75,44.5,8.75,23.75,14.0,36.0,0.0,34.25,45.75,67.0,32.75,8.0,50.75,0.0,12.5,0.0,17.5,16.75,12.25,30.75,11.25,27.0,20.0,19.0,13.75,0.0,0.0,4.75,32.5,7.5,0.0,0.0,0.0,0.0,0.0,0.0,0.0,0.0,0.0,0.0,0.0,,
200,,,,,,,,,,,,,,,,,,,,,,,,,,,,,,,,,,,12.75,0.0,21.5,20.25,23.5,47.5,0.0,0.0,13.25,47.5,32.25,33.75,12.0,33.25,10.0,34.5,0.0,0.0,27.75,58.5,41.0,0.0,43.5,0.0,27.0,0.0,28.5,16.75,35.75,26.0,58.75,9.25,28.5,25.5,0.0,0.0,10.25,9.25,37.5,31.5,0.0,0.0,0.0,0.0,0.0,8.5,0.0,0.0,0.0,0.0,0.0,,
201,,,,,,,,,,,,,,,,,,,,,,,,,,,,,,,,,,,7.25,7.75,0.0,21.0,0.0,22.5,0.0,0.0,0.0,35.5,7.25,23.5,0.0,9.25,9.0,32.0,6.5,22.5,12.75,88.5,27.5,0.0,22.0,6.25,13.5,0.0,13.75,18.25,16.5,23.75,36.75,39.75,26.75,25.75,0.0,7.5,6.25,11.5,25.0,21.0,0.0,0.0,0.0,0.0,0.0,0.0,0.0,0.0,0.0,0.0,0.0,,
202,,,,,,,,,,,,,,,,,,,,,,,,,,,,,,,,,,,0.0,0.0,21.75,17.75,12.0,42.0,10.25,0.0,0.0,35.75,33.25,27.5,0.0,0.0,0.0,29.0,15.5,29.25,8.25,81.25,15.75,0.0,46.25,19.5,9.5,0.0,6.0,11.5,7.25,32.0,45.5,22.0,30.0,28.5,12.25,0.0,10.25,23.75,38.5,22.5,0.0,0.0,9.25,0.0,0.0,8.25,0.0,0.0,0.0,0.0,0.0,17.75,
203,,,,,,,,,,,,,,,,,,,,,,,,,,,,,,,,,,,7.5,10.25,25.25,25.5,0.0,32.75,0.0,9.0,0.0,64.0,22.25,29.5,8.25,15.5,7.0,9.5,15.75,30.25,48.25,75.0,32.5,0.0,50.0,12.75,8.0,0.0,8.0,7.75,21.25,19.0,7.75,28.5,8.0,40.75,0.0,0.0,8.5,13.75,14.75,0.0,0.0,0.0,0.0,0.0,0.0,0.0,0.0,0.0,0.0,0.0,0.0,8.25,
204,,,,,,,,,,,,,,,,,,,,,,,,,,,,,,,,,,,,10.5,16.25,26.0,10.0,28.75,0.0,7.25,8.5,59.0,34.5,27.25,9.0,16.75,9.25,9.0,15.5,7.0,30.0,81.5,47.75,6.25,42.75,15.0,0.0,0.0,0.0,22.0,32.0,27.5,43.0,20.5,15.0,34.75,5.5,0.0,7.75,0.0,38.0,22.75,0.0,0.0,7.5,0.0,0.0,0.0,0.0,0.0,0.0,0.0,0.0,6.25,
205,,,,,,,,,,,,,,,,,,,,,,,,,,,,,,,,,,,,9.0,12.75,25.75,0.0,27.5,0.0,7.25,8.5,46.75,21.25,45.0,17.5,7.25,0.0,26.5,15.0,27.0,56.5,43.25,35.75,6.25,15.75,11.75,6.75,0.0,6.75,0.0,29.5,51.0,23.25,22.25,4.75,31.0,5.5,6.75,7.25,10.25,21.0,6.5,0.0,0.0,5.0,0.0,0.0,0.0,0.0,0.0,0.0,0.0,0.0,17.5,
206,,,,,,,,,,,,,,,,,,,,,,,,,,,,,,,,,,,,,14.75,7.25,21.25,47.75,21.5,20.0,0.0,43.75,27.25,25.5,16.25,15.5,0.0,15.25,9.0,49.5,51.75,65.5,57.0,16.25,9.25,0.0,0.0,0.0,0.0,0.0,30.75,34.75,32.0,35.75,23.75,31.75,6.25,0.0,0.0,6.0,26.75,0.0,0.0,0.0,12.75,0.0,0.0,15.75,0.0,0.0,0.0,0.0,0.0,20.75,0.0
207,,,,,,,,,,,,,,,,,,,,,,,,,,,,,,,,,,,,,16.25,18.5,0.0,11.5,0.0,13.25,0.0,15.0,41.0,54.0,0.0,11.0,30.5,8.75,20.75,37.5,20.0,63.75,25.25,0.0,84.75,8.5,21.25,0.0,15.25,5.75,6.75,48.75,90.5,18.0,29.0,29.25,0.0,19.0,10.25,6.25,25.75,51.25,0.0,0.0,17.75,0.0,0.0,0.0,0.0,0.0,0.0,0.0,0.0,0.0,0.0
