,2020-03-01,2020-03-08,2020-03-15,2020-03-22,2020-03-29,2020-04-05,2020-04-12,2020-04-19,2020-04-26,2020-05-03,2020-05-10,2020-05-17,2020-05-24,2020-05-31,2020-06-07,2020-06-14,2020-06-21,2020-06-28,2020-07-05,2020-07-12,2020-07-19,2020-07-26,2020-08-02,2020-08-09,2020-08-16,2020-08-23,2020-08-30,2020-09-06,2020-09-13,2020-09-20,2020-09-27,2020-10-04,2020-10-11,2020-10-18,2020-10-25,2020-11-01,2020-11-08,2020-11-15,2020-11-22,2020-11-29,2020-12-06,2020-12-13,2020-12-20,2020-12-27,2021-01-03,2021-01-10,2021-01-17,2021-01-24,2021-01-31,2021-02-07,2021-02-14,2021-02-21,2021-02-28,2021-03-07,2021-03-14,2021-03-21,2021-03-28,2021-04-04,2021-04-11,2021-04-18,2021-04-25,2021-05-02,2021-05-09,2021-05-16,2021-05-23,2021-05-30,2021-06-06,2021-06-13,2021-06-20,2021-06-27,2021-07-04,2021-07-11,2021-07-18,2021-07-25,2021-08-01,2021-08-08,2021-08-15,2021-08-22,2021-08-29,2021-09-05,2021-09-12,2021-09-19,2021-09-26,2021-10-03,2021-10-10,2021-10-17,2021-10-24,2021-10-31
0,0.0,13.0,29.5,8.25,47.25,0.0,4.0,28.5,15.25,14.25,4.5,8.25,4.0,10.75,15.75,11.5,16.25,4.5,14.5,18.75,58.0,31.25,96.5,19.0,82.25,17.5,23.0,20.25,31.5,0.0,13.5,25.5,49.75,0.0,10.75,11.0,0.0,12.5,8.75,0.0,4.5,0.0,11.25,9.5,25.0,0.0,22.75,34.5,38.75,7.75,14.75,,,,,,,,,,,,,,,,,,,,,,,,,,,,,,,,,,,,,
1,0.0,0.0,8.0,22.75,37.75,15.5,37.75,18.0,14.75,16.75,11.25,0.0,0.0,0.0,11.75,8.0,24.5,32.25,9.0,21.5,86.5,80.75,55.5,39.0,26.0,29.5,43.5,23.0,19.0,9.5,0.0,8.5,16.0,36.25,0.0,10.5,0.0,15.25,22.75,7.5,16.0,21.75,20.0,9.5,17.75,4.25,0.0,4.75,8.75,8.75,21.5,,,,,,,,,,,,,,,,,,,,,,,,,,,,,,,,,,,,,
2,0.0,11.0,27.25,30.0,34.5,0.0,3.5,29.25,18.75,20.75,11.25,10.5,7.75,3.5,19.5,8.25,16.75,3.75,29.75,5.0,64.0,30.75,67.0,30.5,83.25,26.0,25.5,14.75,14.0,22.5,17.75,12.0,39.5,0.0,3.5,14.75,0.0,32.25,0.0,0.0,11.75,0.0,10.0,5.0,17.5,0.0,18.0,39.5,37.25,4.0,18.75,,,,,,,,,,,,,,,,,,,,,,,,,,,,,,,,,,,,,
3,0.0,0.0,38.75,3.25,38.25,0.0,22.0,24.75,13.75,18.25,0.0,5.25,5.5,12.25,14.75,18.75,18.5,0.0,24.0,37.25,56.75,45.5,70.0,28.25,85.5,36.0,18.75,19.5,16.75,4.0,0.0,18.25,43.5,0.0,8.75,14.25,0.0,44.75,3.5,0.0,3.75,0.0,22.75,0.0,14.75,0.0,29.0,26.75,25.0,16.0,10.75,,,,,,,,,,,,,,,,,,,,,,,,,,,,,,,,,,,,,
4,0.0,15.5,43.0,21.25,50.5,0.0,22.0,16.75,21.0,18.0,16.75,9.75,5.0,10.5,15.75,5.5,11.25,4.75,24.75,32.25,55.25,37.0,68.75,42.5,82.25,25.0,35.75,32.25,39.75,7.5,7.5,13.0,43.25,0.0,0.0,11.25,0.0,32.5,6.25,0.0,0.0,0.0,7.25,14.25,50.5,0.0,24.75,36.25,33.0,0.0,5.25,,,,,,,,,,,,,,,,,,,,,,,,,,,,,,,,,,,,,
5,0.0,0.0,46.0,32.75,44.75,0.0,7.25,12.75,21.75,14.75,7.5,8.25,5.0,14.75,26.0,9.75,17.75,0.0,33.25,33.5,57.75,22.25,73.25,15.5,76.5,18.25,12.5,14.0,19.0,19.25,8.5,14.0,25.0,0.0,0.0,7.25,0.0,25.75,0.0,0.0,12.5,0.0,17.0,4.75,20.75,0.0,12.5,39.75,14.25,12.5,4.25,,,,,,,,,,,,,,,,,,,,,,,,,,,,,,,,,,,,,
6,0.0,0.0,49.75,18.5,28.0,0.0,15.75,49.25,13.75,0.0,5.25,14.0,5.5,10.5,25.0,15.25,0.0,6.0,26.25,41.5,86.75,43.75,59.75,37.75,92.0,16.0,26.0,10.5,6.5,22.75,6.0,6.25,49.0,0.0,0.0,0.0,0.0,25.0,5.5,0.0,11.75,0.0,18.25,12.0,53.25,0.0,22.0,23.75,33.75,0.0,6.25,,,,,,,,,,,,,,,,,,,,,,,,,,,,,,,,,,,,,
7,0.0,0.0,0.0,27.25,10.75,13.25,35.25,16.5,12.75,33.5,14.5,0.0,0.0,0.0,5.5,0.0,9.0,29.25,20.75,28.25,78.0,65.5,85.5,15.75,51.25,37.75,37.5,16.5,5.25,28.0,9.5,0.0,18.5,19.0,0.0,0.0,0.0,22.5,4.5,8.5,10.75,19.5,23.75,17.0,21.75,20.75,14.75,15.5,12.25,0.0,10.75,,,,,,,,,,,,,,,,,,,,,,,,,,,,,,,,,,,,,
8,0.0,0.0,14.25,25.5,33.25,10.0,19.25,14.25,13.0,17.25,3.25,2.75,10.25,10.25,21.25,20.0,17.5,17.75,11.5,21.0,82.0,40.25,77.25,30.5,57.75,13.0,22.25,16.25,33.5,9.25,3.25,18.0,27.0,3.5,12.75,30.0,0.0,19.5,6.5,0.0,15.5,3.75,18.0,12.0,19.5,4.0,13.25,21.5,31.75,9.5,15.5,,,,,,,,,,,,,,,,,,,,,,,,,,,,,,,,,,,,,
9,0.0,11.5,11.5,5.0,26.5,23.0,36.25,30.25,26.75,24.5,10.75,11.0,0.0,10.0,28.25,0.0,23.0,11.5,48.75,23.5,49.5,36.5,70.5,75.0,43.5,42.75,18.5,32.25,58.75,12.25,12.5,6.0,28.25,22.75,11.0,11.0,22.5,11.0,16.0,0.0,23.5,18.0,34.5,29.25,32.5,25.75,12.5,12.5,0.0,6.0,12.75,,,,,,,,,,,,,,,,,,,,,,,,,,,,,,,,,,,,,
10,,10.75,41.5,22.75,15.0,0.0,15.0,30.25,17.5,20.75,21.25,10.25,10.0,5.75,13.5,18.75,21.75,5.0,23.25,39.75,58.25,32.5,68.75,20.25,89.25,26.75,39.25,16.25,3.25,12.0,3.5,27.0,28.25,0.0,3.0,30.25,0.0,26.0,3.0,0.0,14.25,0.0,10.25,0.0,23.25,0.0,3.5,18.25,29.25,14.5,12.25,54.75,,,,,,,,,,,,,,,,,,,,,,,,,,,,,,,,,,,,
11,,0.0,6.75,20.75,11.5,18.25,55.0,20.5,10.5,13.0,4.0,0.0,0.0,0.0,7.5,0.0,8.0,11.5,24.75,23.75,54.25,68.5,82.0,45.5,45.5,22.75,42.0,35.5,16.5,21.0,7.5,15.5,0.0,34.25,0.0,10.0,0.0,18.0,17.5,15.0,16.25,24.0,32.25,19.0,16.0,18.0,13.25,4.75,15.0,11.75,21.75,0.0,,,,,,,,,,,,,,,,,,,,,,,,,,,,,,,,,,,,
12,,7.5,16.0,24.75,28.0,21.75,20.25,25.75,21.0,12.75,7.0,4.25,4.25,7.0,8.75,23.5,11.5,0.0,13.25,29.5,59.5,37.75,85.5,41.0,76.75,16.0,39.5,3.5,13.5,18.0,0.0,19.0,37.5,14.25,7.25,0.0,0.0,13.0,18.0,7.25,3.25,7.75,0.0,24.5,22.75,0.0,14.75,11.5,32.75,13.0,8.25,30.25,,,,,,,,,,,,,,,,,,,,,,,,,,,,,,,,,,,,
13,,0.0,24.5,32.5,51.75,5.75,32.75,22.5,18.75,23.5,0.0,0.0,0.0,6.5,32.25,12.75,4.75,7.5,31.25,37.5,69.75,53.75,85.0,41.25,71.0,38.5,43.75,18.5,39.0,11.5,14.25,20.0,44.25,5.75,14.5,23.0,0.0,23.0,12.0,0.0,11.75,12.5,35.5,14.75,11.75,6.75,28.25,21.5,19.25,19.75,5.25,55.0,,,,,,,,,,,,,,,,,,,,,,,,,,,,,,,,,,,,
14,,0.0,10.0,27.25,27.0,55.5,41.0,4.0,12.0,15.75,17.75,0.0,0.0,0.0,0.0,13.5,9.0,14.0,14.75,39.25,81.25,87.5,81.5,44.25,28.0,18.5,51.75,31.75,16.0,22.25,14.0,0.0,13.25,22.5,0.0,8.25,0.0,27.0,9.0,5.75,13.75,29.5,25.5,23.0,13.75,11.0,0.0,9.75,15.25,4.0,21.0,4.5,,,,,,,,,,,,,,,,,,,,,,,,,,,,,,,,,,,,
15,,9.5,24.0,32.0,39.0,0.0,17.75,21.75,23.75,7.75,4.25,4.0,14.5,8.75,23.5,15.0,19.5,9.0,32.0,15.25,46.75,36.25,88.0,21.75,74.25,10.75,31.5,16.25,39.25,26.5,6.5,15.5,49.25,0.0,9.25,0.0,0.0,15.0,5.0,0.0,5.75,0.0,20.5,12.75,34.25,0.0,18.0,31.5,30.0,0.0,5.0,55.0,,,,,,,,,,,,,,,,,,,,,,,,,,,,,,,,,,,,
16,,8.75,31.25,21.5,35.75,3.25,18.25,13.0,6.75,15.5,3.25,3.5,5.5,0.0,0.0,9.25,0.0,7.25,7.75,31.0,56.5,45.0,61.0,30.5,51.5,0.0,46.25,8.0,17.5,4.0,14.25,21.75,39.0,6.75,8.5,17.5,0.0,15.5,10.0,3.25,7.25,3.75,4.5,4.5,10.5,7.75,11.75,24.0,23.5,4.0,18.75,28.25,,,,,,,,,,,,,,,,,,,,,,,,,,,,,,,,,,,,
17,,12.0,15.25,47.5,66.5,0.0,13.0,16.5,20.5,15.75,5.5,0.0,0.0,8.25,6.5,15.5,21.25,10.0,19.0,25.25,59.5,13.0,66.5,20.0,85.0,17.0,30.0,17.25,20.5,30.0,17.0,16.5,57.0,0.0,3.0,6.0,0.0,18.25,6.25,0.0,6.75,0.0,18.5,8.5,29.5,0.0,17.0,48.5,24.5,9.75,7.5,64.5,,,,,,,,,,,,,,,,,,,,,,,,,,,,,,,,,,,,
18,,9.0,25.75,0.0,23.25,19.5,13.0,21.5,33.25,13.0,4.5,15.5,0.0,28.25,29.0,10.5,0.0,10.75,70.25,15.0,62.5,74.0,77.75,65.25,47.25,22.0,5.25,39.75,46.75,33.75,10.75,27.0,15.5,20.25,20.25,8.75,4.5,22.75,4.25,18.25,9.5,0.0,0.0,5.75,5.25,5.5,11.5,0.0,0.0,5.25,5.25,4.75,56.75,,,,,,,,,,,,,,,,,,,,,,,,,,,,,,,,,,,
19,,0.0,9.25,28.25,39.75,19.0,45.75,24.75,14.5,17.75,15.25,0.0,0.0,0.0,4.25,16.25,4.75,9.75,8.0,36.5,99.5,61.25,68.25,58.0,40.5,22.25,30.5,10.5,19.5,18.75,5.0,4.75,27.0,20.75,0.0,8.5,0.0,14.25,23.0,4.0,4.25,41.25,39.5,20.25,9.25,18.25,5.0,4.25,30.75,0.0,39.75,0.0,51.5,,,,,,,,,,,,,,,,,,,,,,,,,,,,,,,,,,,
20,,,31.0,40.0,37.75,0.0,12.25,13.75,7.5,7.0,7.5,4.25,17.25,0.0,17.25,26.75,14.0,0.0,9.25,39.0,55.5,31.5,79.75,37.25,82.75,14.5,15.0,15.25,19.0,13.75,10.5,4.5,47.5,0.0,3.75,13.0,0.0,30.25,13.0,0.0,5.75,0.0,12.75,5.0,29.0,0.0,19.5,28.75,20.25,10.5,4.25,34.5,51.0,,,,,,,,,,,,,,,,,,,,,,,,,,,,,,,,,,,
21,,,29.75,30.0,21.5,0.0,5.0,5.75,15.25,3.25,4.0,2.5,5.25,1.25,17.25,10.75,8.25,5.75,7.25,27.25,28.5,23.25,27.0,8.75,35.75,2.75,13.75,8.0,13.5,3.0,4.75,9.0,11.0,0.0,0.0,6.0,0.0,11.75,1.25,0.0,2.75,0.0,12.25,5.25,27.75,0.0,6.25,13.25,17.25,7.5,6.25,26.5,16.75,,,,,,,,,,,,,,,,,,,,,,,,,,,,,,,,,,,
22,,,5.5,0.0,7.75,28.0,10.0,21.5,15.75,14.5,5.25,16.0,5.25,7.5,16.75,13.75,28.0,2.75,59.5,24.0,42.75,42.5,53.25,57.5,50.75,15.5,6.25,45.0,38.75,9.25,0.0,24.25,5.75,8.5,20.75,2.75,10.75,0.0,0.0,11.25,8.75,0.0,13.75,3.25,16.25,6.5,6.5,6.5,0.0,9.25,15.75,8.75,52.75,,,,,,,,,,,,,,,,,,,,,,,,,,,,,,,,,,,
23,,,12.0,23.75,35.25,21.5,25.75,27.25,17.5,12.25,3.0,5.5,0.0,0.0,22.0,6.0,17.75,11.5,13.75,31.0,81.0,66.25,54.25,33.75,23.0,19.0,24.5,5.0,7.0,10.5,15.25,15.0,16.5,9.25,5.75,14.75,0.0,26.0,16.5,0.0,16.5,20.75,13.25,9.75,10.5,7.5,10.25,13.0,19.75,14.75,10.5,12.25,26.0,,,,,,,,,,,,,,,,,,,,,,,,,,,,,,,,,,,
24,,,38.25,29.5,45.25,0.0,7.0,25.5,6.25,11.5,17.5,4.25,10.25,3.0,9.75,3.5,13.25,4.75,15.5,26.25,46.5,42.25,65.5,42.75,69.0,3.75,21.25,3.75,11.5,9.0,3.75,15.5,45.5,0.0,0.0,7.25,0.0,32.5,10.75,0.0,4.75,0.0,14.0,14.25,55.25,0.0,8.5,24.25,22.0,12.25,16.5,47.5,35.25,,,,,,,,,,,,,,,,,,,,,,,,,,,,,,,,,,,
25,,,,0.0,15.25,22.5,14.5,20.0,17.75,24.75,0.0,14.75,3.75,17.0,27.5,16.25,12.0,0.0,68.25,21.25,66.75,60.5,49.25,52.75,59.5,12.5,13.75,57.0,36.5,14.5,5.25,30.0,3.75,4.0,18.5,10.5,8.25,19.75,7.5,27.0,16.5,0.0,24.75,10.5,22.75,5.5,0.0,9.5,0.0,4.25,4.5,8.0,77.25,23.75,,,,,,,,,,,,,,,,,,,,,,,,,,,,,,,,,,
26,,,,19.25,27.5,0.0,3.25,22.25,11.25,6.75,8.25,3.25,4.25,15.5,16.0,20.0,9.0,8.0,23.75,13.75,35.25,17.75,87.25,19.25,61.0,9.25,18.75,10.25,0.0,9.5,8.75,7.5,12.5,0.0,8.5,14.75,0.0,12.75,11.75,0.0,0.0,0.0,15.5,15.5,42.75,0.0,4.75,3.75,30.0,13.25,10.0,54.25,44.75,61.0,,,,,,,,,,,,,,,,,,,,,,,,,,,,,,,,,,
27,,,,23.0,48.0,0.0,4.0,36.0,15.5,15.25,4.5,15.5,8.75,3.5,21.0,13.0,17.25,8.5,13.0,28.0,50.25,39.25,66.75,30.5,89.5,0.0,32.75,24.0,30.25,12.75,4.25,9.0,17.25,0.0,3.5,7.75,0.0,12.5,4.25,0.0,9.5,0.0,25.5,5.0,23.75,0.0,10.25,27.25,22.25,0.0,8.75,42.0,28.5,39.0,,,,,,,,,,,,,,,,,,,,,,,,,,,,,,,,,,
28,,,,0.0,10.25,20.5,14.5,18.75,13.5,8.75,7.5,13.0,0.0,7.0,12.0,12.25,11.25,4.75,60.75,8.0,27.5,68.25,47.75,66.0,32.25,10.75,0.0,63.0,58.0,5.0,8.5,32.5,12.25,14.75,20.0,11.75,9.75,21.5,14.0,7.5,0.0,0.0,14.75,11.75,10.5,14.0,8.75,10.25,0.0,5.0,5.0,4.75,31.25,28.75,,,,,,,,,,,,,,,,,,,,,,,,,,,,,,,,,,
29,,,,31.75,49.25,0.0,14.5,30.75,16.25,20.0,7.0,6.75,14.0,0.0,20.0,14.75,15.75,0.0,27.5,54.5,63.5,44.25,59.5,28.25,84.25,17.75,28.75,6.75,11.5,11.75,14.75,17.75,38.25,0.0,21.75,6.75,0.0,14.5,7.0,0.0,13.5,0.0,9.75,11.25,39.0,0.0,29.25,33.0,23.0,22.5,6.5,41.0,25.5,69.0,,,,,,,,,,,,,,,,,,,,,,,,,,,,,,,,,,
30,,,,,35.25,0.0,4.25,15.0,4.0,11.0,4.5,7.75,8.25,8.0,21.25,21.5,12.25,4.25,14.25,17.75,27.5,34.5,55.0,27.0,85.75,18.75,23.75,0.0,34.25,9.75,5.25,4.5,39.25,0.0,4.0,12.0,0.0,25.25,7.25,0.0,4.75,0.0,10.25,10.75,29.25,0.0,9.75,23.0,23.25,0.0,5.25,21.25,32.25,78.25,47.25,,,,,,,,,,,,,,,,,,,,,,,,,,,,,,,,,
31,,,,,13.25,34.25,8.0,24.25,13.5,9.25,0.0,21.5,0.0,14.75,23.5,29.25,39.5,4.75,71.25,14.5,46.75,61.5,56.0,54.25,43.0,15.5,6.25,37.25,27.25,22.25,5.5,29.75,15.5,0.0,14.25,3.75,16.25,10.0,3.75,9.25,17.75,0.0,10.5,0.0,5.25,12.0,6.25,9.5,0.0,10.5,16.0,16.0,43.5,45.5,39.5,,,,,,,,,,,,,,,,,,,,,,,,,,,,,,,,,
32,,,,,38.25,0.0,11.75,43.75,4.75,11.5,4.5,4.5,3.5,8.5,31.0,8.25,18.25,4.5,33.5,37.0,31.75,38.0,71.0,44.0,69.25,10.25,34.25,16.0,20.25,19.5,8.75,18.25,13.0,0.0,9.0,11.0,0.0,4.25,0.0,0.0,4.75,0.0,21.25,18.0,31.75,0.0,10.5,20.0,36.75,9.75,5.75,44.5,27.25,67.5,51.25,,,,,,,,,,,,,,,,,,,,,,,,,,,,,,,,,
33,,,,,0.0,27.5,11.25,18.75,21.25,18.0,10.25,8.75,11.0,5.5,16.0,12.5,12.75,0.0,19.5,8.75,56.75,41.5,24.75,36.25,31.5,7.0,2.5,50.5,39.5,10.75,3.75,15.0,2.25,10.0,3.0,7.0,2.25,5.75,7.0,8.25,9.0,0.0,2.75,25.25,21.5,5.0,0.0,11.5,0.0,7.0,2.5,0.0,55.75,26.5,29.5,,,,,,,,,,,,,,,,,,,,,,,,,,,,,,,,,
34,,,,,12.25,20.5,12.75,17.75,6.5,22.5,10.5,0.0,0.0,0.0,9.25,7.5,10.0,19.25,14.25,17.5,57.5,40.0,83.25,32.75,19.25,40.0,25.75,12.0,12.5,3.25,7.5,8.25,10.25,27.25,0.0,12.25,0.0,17.0,20.5,7.0,10.0,26.5,21.25,15.75,11.5,7.25,10.75,7.75,11.25,3.0,17.0,3.75,33.0,65.75,44.5,,,,,,,,,,,,,,,,,,,,,,,,,,,,,,,,,
35,,,,,25.75,14.25,19.75,16.0,12.25,8.0,14.25,0.0,0.0,0.0,10.25,13.5,20.0,15.25,18.0,34.0,79.75,43.25,79.5,18.0,37.5,27.0,32.0,16.75,0.0,19.75,5.0,0.0,25.25,30.0,0.0,12.25,0.0,35.75,4.25,5.5,6.0,33.5,37.25,7.25,18.0,26.0,0.0,6.25,27.75,12.0,5.0,10.5,53.75,58.75,45.0,,,,,,,,,,,,,,,,,,,,,,,,,,,,,,,,,
36,,,,,,0.0,17.25,17.0,28.5,8.75,4.75,4.5,5.0,4.0,25.75,25.5,9.25,9.5,17.5,27.5,43.75,38.5,46.5,31.0,83.75,24.25,10.75,18.5,19.25,16.75,0.0,6.5,23.5,0.0,5.5,15.0,0.0,29.25,0.0,0.0,6.25,0.0,0.0,20.25,41.0,0.0,17.0,17.5,16.25,6.25,12.25,37.75,47.75,64.5,46.0,69.5,,,,,,,,,,,,,,,,,,,,,,,,,,,,,,,,
37,,,,,55.0,0.0,21.25,19.75,22.75,7.75,4.75,4.5,4.25,8.0,24.75,24.5,13.5,9.5,16.25,32.0,55.75,31.75,65.5,25.25,83.5,12.75,5.0,22.75,19.25,16.75,0.0,6.5,26.75,0.0,9.5,10.0,0.0,27.0,0.0,0.0,10.5,0.0,5.25,13.5,37.0,0.0,17.0,16.5,16.25,11.0,17.0,37.75,46.75,63.5,34.0,49.75,,,,,,,,,,,,,,,,,,,,,,,,,,,,,,,,
38,,,,,,0.0,21.25,20.75,23.25,8.5,9.75,4.5,0.0,8.75,25.25,30.25,9.5,9.5,27.75,27.25,48.75,37.75,63.5,36.25,77.25,18.25,10.5,18.0,30.75,16.75,0.0,11.75,38.5,0.0,5.5,10.0,0.0,18.75,0.0,0.0,6.25,0.0,6.25,13.5,34.0,0.0,16.75,17.25,21.25,6.25,18.0,47.5,47.5,74.0,49.75,55.75,,,,,,,,,,,,,,,,,,,,,,,,,,,,,,,,
39,,,,,,3.75,6.5,11.5,2.75,4.5,1.5,4.5,4.5,0.0,8.25,1.25,3.75,1.5,9.0,5.75,29.25,21.0,41.0,19.5,40.5,16.5,13.75,12.5,11.5,7.0,4.0,6.5,7.0,3.0,1.25,8.0,0.0,7.25,2.0,0.0,1.25,1.0,8.75,7.25,7.25,0.0,0.0,9.5,16.25,7.5,4.25,20.0,5.75,28.75,32.5,18.5,,,,,,,,,,,,,,,,,,,,,,,,,,,,,,,,
40,,,,,,19.5,24.5,7.0,3.0,16.5,6.0,0.0,0.0,0.0,1.5,3.0,7.5,18.25,11.5,16.5,53.75,63.0,55.25,20.5,29.25,37.75,12.0,10.5,4.0,5.5,3.5,1.75,7.75,14.0,0.0,14.75,0.0,23.0,13.5,0.0,8.0,18.5,21.0,14.25,0.0,19.75,5.25,6.75,8.25,4.75,14.0,8.25,26.0,63.5,22.0,27.75,,,,,,,,,,,,,,,,,,,,,,,,,,,,,,,,
41,,,,,,31.75,51.0,13.5,3.0,19.5,17.0,0.0,0.0,0.0,3.75,0.0,11.5,18.0,15.75,15.0,37.75,91.75,64.0,26.25,31.5,30.25,25.5,7.5,12.0,16.25,7.0,3.5,18.0,14.5,0.0,6.0,0.0,18.25,14.25,8.0,4.5,18.5,18.75,13.5,8.5,8.0,4.5,4.5,19.25,8.0,24.5,8.25,25.75,77.25,53.0,7.5,,,,,,,,,,,,,,,,,,,,,,,,,,,,,,,,
42,,,,,,0.0,9.75,29.5,7.5,16.5,9.25,0.0,12.75,8.5,16.5,13.25,15.0,5.75,0.0,46.5,67.25,28.0,68.5,58.25,46.0,26.0,21.75,33.0,15.5,25.5,20.75,25.0,47.75,0.0,5.25,8.75,0.0,5.25,12.5,0.0,9.5,0.0,0.0,0.0,34.0,0.0,16.25,36.0,19.75,4.25,10.5,35.0,25.5,49.5,66.0,82.0,,,,,,,,,,,,,,,,,,,,,,,,,,,,,,,,
43,,,,,,,8.5,18.25,6.75,20.0,11.0,21.0,4.0,8.75,3.0,26.75,28.5,3.25,61.75,0.0,40.5,43.0,59.25,60.0,44.5,7.75,11.0,23.25,33.5,0.0,0.0,29.0,9.25,17.0,10.0,3.75,16.0,5.0,9.75,11.25,5.5,0.0,8.75,5.0,10.75,10.25,5.75,3.5,0.0,4.5,3.5,13.0,65.5,13.0,48.5,89.25,76.0,,,,,,,,,,,,,,,,,,,,,,,,,,,,,,,
44,,,,,,,24.25,19.75,31.0,19.25,14.75,21.0,7.0,6.5,12.5,24.5,17.5,7.5,76.0,11.5,86.75,55.75,54.75,64.75,43.75,14.0,14.25,27.75,27.0,0.0,6.5,19.5,5.75,3.75,17.25,17.75,18.0,35.5,12.5,12.75,22.75,0.0,8.75,0.0,17.0,0.0,6.5,0.0,0.0,14.0,21.25,11.75,39.75,19.5,29.5,70.0,31.5,,,,,,,,,,,,,,,,,,,,,,,,,,,,,,,
45,,,,,,,2.0,15.25,7.25,9.75,12.0,6.25,6.25,8.25,12.0,20.75,12.25,6.75,22.75,41.0,35.75,30.5,63.75,36.75,67.25,4.5,14.5,11.5,10.25,16.25,0.0,9.5,38.0,0.0,8.25,9.25,0.0,11.75,9.0,0.0,4.75,0.0,11.75,12.5,15.25,0.0,8.25,26.5,21.75,2.5,8.75,18.25,47.25,42.75,59.75,30.5,53.25,,,,,,,,,,,,,,,,,,,,,,,,,,,,,,,
46,,,,,,,6.75,21.5,18.75,18.25,9.25,0.0,7.0,0.0,18.5,7.25,17.25,9.75,24.5,45.25,60.75,33.75,38.75,15.75,70.5,4.0,22.5,30.25,19.25,8.0,6.25,10.5,42.5,0.0,5.25,12.25,0.0,25.75,0.0,0.0,5.75,0.0,9.25,9.5,23.75,0.0,18.5,28.0,51.0,10.0,10.75,23.0,21.25,50.75,43.5,51.25,50.75,,,,,,,,,,,,,,,,,,,,,,,,,,,,,,,
47,,,,,,,22.5,19.25,7.25,11.75,8.75,4.25,4.5,0.0,17.5,4.25,8.5,8.75,24.0,18.25,42.0,31.25,60.0,28.5,43.25,19.0,38.5,10.25,19.5,14.5,10.5,14.25,22.0,4.0,0.0,12.25,0.0,21.0,7.5,4.0,4.25,4.5,21.25,16.0,20.5,4.5,8.75,24.25,55.5,0.0,14.0,18.0,51.25,68.75,43.25,35.25,76.25,,,,,,,,,,,,,,,,,,,,,,,,,,,,,,,
48,,,,,,,5.0,20.25,16.5,4.0,4.25,7.5,13.75,15.0,28.25,18.5,22.5,13.75,43.5,17.5,57.0,69.25,59.75,60.25,56.25,9.0,10.0,37.5,35.75,13.75,8.75,20.0,10.0,18.25,33.5,0.0,0.0,13.75,4.5,11.5,16.5,0.0,6.5,12.5,24.0,14.0,11.25,9.75,0.0,10.75,15.0,9.5,45.5,34.0,36.75,96.25,48.25,31.0,,,,,,,,,,,,,,,,,,,,,,,,,,,,,,
49,,,,,,,27.5,3.75,8.0,11.5,8.5,0.0,0.0,0.0,8.5,4.25,15.75,28.5,20.25,14.0,55.5,54.25,61.5,24.75,35.25,25.25,35.25,34.25,15.75,17.0,4.75,2.5,13.5,21.5,0.0,13.5,0.0,19.5,14.5,7.25,11.5,37.0,8.0,17.75,18.0,24.0,12.75,4.75,22.5,0.0,16.0,9.5,27.5,71.0,46.5,36.5,88.25,43.0,,,,,,,,,,,,,,,,,,,,,,,,,,,,,,
50,,,,,,,,15.25,4.0,15.25,8.75,8.75,0.0,16.75,26.25,17.75,18.25,13.75,71.0,14.25,37.75,63.5,50.0,67.5,48.0,5.0,0.0,40.25,55.0,19.25,9.75,28.5,0.0,0.0,16.75,4.25,13.25,4.5,8.25,13.5,18.75,0.0,5.25,5.25,15.0,5.25,9.75,9.75,0.0,4.75,4.75,9.25,42.0,14.0,34.75,79.25,52.5,35.5,,,,,,,,,,,,,,,,,,,,,,,,,,,,,,
51,,,,,,,,10.0,7.25,13.0,7.5,0.0,0.0,0.0,4.25,7.75,14.25,19.75,24.0,11.75,62.0,53.75,57.75,22.75,34.25,15.75,24.75,33.25,14.75,20.0,4.75,2.5,15.25,21.5,0.0,16.75,0.0,14.5,10.5,7.25,10.5,26.5,7.0,16.75,17.25,23.0,12.0,3.75,21.5,0.0,18.75,13.0,31.25,70.5,48.25,35.5,88.25,52.5,,,,,,,,,,,,,,,,,,,,,,,,,,,,,,
52,,,,,,,,9.25,3.25,22.5,10.0,0.0,0.0,0.0,3.5,3.5,13.25,12.5,15.25,26.25,47.75,46.25,52.0,31.75,15.5,15.5,28.75,23.0,12.25,10.25,3.75,2.5,29.5,17.75,0.0,6.75,0.0,12.5,12.5,5.75,13.25,10.0,20.25,4.5,18.75,10.75,14.25,3.75,13.75,3.75,25.0,7.25,6.25,75.75,25.75,11.0,91.25,52.25,,,,,,,,,,,,,,,,,,,,,,,,,,,,,,
53,,,,,,,,14.25,8.25,14.5,11.25,4.5,8.25,8.5,15.5,4.5,13.5,9.25,9.25,33.75,57.25,28.5,49.0,34.25,75.0,17.0,30.5,29.0,31.25,10.25,0.0,12.75,56.5,0.0,6.5,21.25,0.0,11.25,11.0,0.0,4.75,0.0,19.75,5.5,28.5,0.0,17.75,31.75,33.75,17.0,5.25,41.25,39.75,37.5,55.75,42.75,93.25,51.5,,,,,,,,,,,,,,,,,,,,,,,,,,,,,,
54,,,,,,,,,10.25,17.75,9.0,0.0,0.0,0.0,3.0,7.75,17.0,11.25,8.75,22.25,48.0,56.25,79.75,24.5,52.0,32.0,21.75,9.75,20.25,3.25,8.75,4.0,11.0,23.5,0.0,9.25,0.0,14.25,28.25,7.0,16.5,27.5,24.0,8.75,8.0,9.75,3.0,3.0,24.75,4.5,13.75,6.75,36.5,53.5,22.5,48.0,73.75,49.5,20.25,,,,,,,,,,,,,,,,,,,,,,,,,,,,,
55,,,,,,,,,8.75,23.0,3.5,4.5,7.5,9.75,11.75,6.25,11.25,3.75,42.0,7.0,30.0,33.0,35.5,38.25,30.25,11.0,12.25,24.75,14.75,20.5,0.0,33.5,0.0,5.5,15.5,3.25,4.75,14.25,0.0,15.25,6.5,0.0,7.75,21.5,10.5,10.5,8.75,8.75,0.0,2.75,5.25,0.0,41.75,17.75,32.25,96.75,44.75,10.25,32.0,,,,,,,,,,,,,,,,,,,,,,,,,,,,,
56,,,,,,,,,3.25,21.25,10.0,3.25,3.25,0.0,10.5,10.5,17.5,7.75,27.25,22.75,38.75,29.0,63.5,35.75,53.0,8.5,44.0,15.75,17.5,20.0,0.0,25.25,32.5,3.0,3.25,15.75,0.0,7.5,4.0,3.0,3.25,6.75,14.5,13.25,32.75,3.5,16.75,19.75,28.25,4.75,12.0,30.75,45.75,48.75,85.75,29.0,87.5,32.25,32.0,,,,,,,,,,,,,,,,,,,,,,,,,,,,,
57,,,,,,,,,5.0,12.5,2.5,8.0,0.0,8.0,6.25,5.5,12.0,0.0,44.5,6.0,20.75,40.5,24.5,42.25,32.0,3.5,6.0,23.25,20.75,12.75,0.0,19.25,3.25,0.0,22.75,0.0,3.0,0.0,0.0,11.5,9.75,0.0,0.0,15.75,10.75,0.0,0.0,0.0,0.0,6.75,0.0,9.25,37.75,19.25,21.25,100.0,22.75,15.5,40.75,25.25,,,,,,,,,,,,,,,,,,,,,,,,,,,,
58,,,,,,,,,14.25,10.75,7.75,3.0,3.0,6.0,23.75,6.75,15.75,7.75,13.0,18.0,56.25,29.0,56.75,15.75,74.25,13.75,12.25,14.0,13.5,13.5,8.5,13.0,23.25,0.0,3.0,20.5,0.0,6.5,3.25,0.0,3.5,0.0,13.5,5.75,17.5,0.0,19.0,23.75,21.0,5.0,8.75,30.5,33.0,54.25,34.75,31.5,47.25,32.0,10.25,,,,,,,,,,,,,,,,,,,,,,,,,,,,,
59,,,,,,,,,11.5,11.75,10.25,0.0,3.75,9.25,20.75,7.75,22.75,5.0,23.0,13.75,70.25,20.75,80.25,26.5,70.0,9.75,24.0,27.0,27.5,14.25,10.0,8.25,42.5,0.0,4.5,17.0,0.0,33.0,10.0,0.0,10.75,0.0,9.75,7.75,26.75,0.0,5.5,28.0,45.75,4.5,11.25,55.25,50.75,81.5,59.75,66.5,35.25,49.25,6.75,46.75,,,,,,,,,,,,,,,,,,,,,,,,,,,,
60,,,,,,,,,20.5,9.0,0.0,0.0,5.25,9.5,15.75,21.0,16.0,5.5,23.0,35.0,73.75,33.5,97.5,17.25,75.25,5.75,35.0,11.25,25.0,6.25,0.0,12.0,27.25,0.0,0.0,5.25,0.0,21.25,0.0,0.0,5.75,0.0,19.75,6.0,53.5,0.0,17.25,39.5,38.75,6.0,6.0,43.0,44.5,62.75,74.5,69.25,55.5,47.25,46.25,54.75,,,,,,,,,,,,,,,,,,,,,,,,,,,,
61,,,,,,,,,,7.0,6.25,14.5,7.0,13.5,19.25,3.5,12.5,8.5,56.75,6.75,63.5,41.5,32.5,43.75,27.75,12.25,4.75,26.25,29.75,11.75,5.0,19.25,6.75,7.5,5.5,0.0,9.75,6.25,9.75,10.5,6.75,0.0,0.0,11.75,17.0,5.0,8.25,5.0,0.0,12.75,8.0,12.25,52.5,34.5,28.5,97.75,43.5,37.75,32.25,26.25,,,,,,,,,,,,,,,,,,,,,,,,,,,,
62,,,,,,,,,,13.5,11.5,7.0,14.25,10.75,28.75,11.75,11.0,12.0,23.25,16.25,73.75,29.5,82.25,25.75,60.0,12.75,40.5,18.0,20.25,13.25,0.0,18.75,58.5,0.0,8.25,20.25,0.0,21.5,13.0,0.0,4.5,0.0,29.5,8.0,37.0,0.0,17.0,43.5,16.75,15.0,25.75,30.75,34.75,66.0,58.5,18.25,61.75,54.5,26.75,71.5,,,,,,,,,,,,,,,,,,,,,,,,,,,,
63,,,,,,,,,,3.5,6.75,0.0,11.5,6.5,19.25,8.75,16.5,9.5,22.25,38.75,69.0,17.0,50.0,21.0,57.0,7.25,33.25,8.5,27.0,7.75,9.5,10.25,39.0,0.0,7.0,16.75,0.0,9.25,10.75,0.0,5.0,0.0,11.75,0.0,13.5,0.0,10.5,20.75,11.25,0.0,8.5,13.75,41.25,72.25,64.25,25.0,43.0,39.0,6.25,37.0,,,,,,,,,,,,,,,,,,,,,,,,,,,,
64,,,,,,,,,,11.75,12.75,0.0,0.0,0.0,6.75,6.5,14.0,3.75,11.5,18.25,65.0,59.0,58.75,7.5,29.75,31.5,11.25,12.0,12.25,4.25,0.0,4.0,7.25,20.75,0.0,12.75,0.0,9.5,19.75,10.25,3.0,26.25,3.75,13.25,7.25,15.0,7.5,7.5,19.0,4.0,11.5,7.25,22.0,57.25,34.25,16.0,88.25,58.5,23.0,24.0,,,,,,,,,,,,,,,,,,,,,,,,,,,,
65,,,,,,,,,,8.0,7.25,5.0,7.75,7.0,24.5,14.25,18.25,0.0,46.0,4.5,53.5,55.0,53.5,53.0,35.75,9.5,14.25,38.5,36.25,11.0,13.25,22.5,7.25,26.75,9.75,16.0,9.5,8.5,4.5,11.75,13.25,0.0,0.0,6.5,22.75,4.75,0.0,3.25,0.0,0.0,5.25,5.25,50.75,13.75,15.0,72.5,71.75,21.0,55.75,28.5,26.75,,,,,,,,,,,,,,,,,,,,,,,,,,,
66,,,,,,,,,,14.0,3.75,7.5,7.5,7.25,15.5,7.75,17.0,8.5,28.75,29.0,54.25,33.25,52.0,19.75,70.75,4.25,23.5,14.25,16.75,10.5,9.25,15.75,29.5,0.0,8.25,11.25,0.0,7.75,7.25,0.0,8.25,0.0,16.25,11.5,20.0,0.0,19.0,33.25,5.25,0.0,15.25,47.5,37.25,54.0,35.0,67.25,63.25,52.75,26.5,48.0,36.25,,,,,,,,,,,,,,,,,,,,,,,,,,,
67,,,,,,,,,,,0.0,7.5,4.0,3.75,8.0,8.0,17.25,8.5,24.5,25.25,38.0,41.5,49.0,20.25,58.0,8.5,28.0,18.75,21.25,10.5,13.5,11.5,26.0,0.0,4.75,7.75,0.0,15.5,7.5,0.0,8.5,0.0,11.5,6.5,20.0,0.0,19.25,37.5,5.25,0.0,10.75,60.5,38.0,63.25,47.5,58.25,68.25,49.25,27.0,48.75,36.5,,,,,,,,,,,,,,,,,,,,,,,,,,,
68,,,,,,,,,,,0.0,0.0,0.0,10.0,27.25,18.25,9.25,9.75,21.0,32.25,48.5,36.5,81.25,34.0,56.0,25.25,26.0,7.25,15.25,16.5,8.5,15.25,34.75,0.0,10.0,4.25,0.0,17.75,0.0,0.0,8.0,0.0,5.75,7.75,34.5,0.0,15.5,25.25,25.25,0.0,0.0,29.75,20.25,50.25,41.25,20.5,66.0,42.75,17.75,32.75,9.75,,,,,,,,,,,,,,,,,,,,,,,,,,,
69,,,,,,,,,,,5.0,0.0,0.0,0.0,5.0,0.0,12.5,11.0,14.0,18.5,66.75,57.25,59.0,26.75,17.5,19.0,27.0,17.0,3.5,11.75,10.75,7.0,13.0,26.0,0.0,5.0,0.0,8.25,7.0,4.25,3.25,25.25,29.5,16.5,15.25,2.5,0.0,14.25,9.0,3.25,27.75,0.0,29.25,62.5,28.75,35.5,90.25,64.75,25.25,39.25,40.0,,,,,,,,,,,,,,,,,,,,,,,,,,,
70,,,,,,,,,,,0.0,16.25,13.0,6.5,15.25,8.25,19.5,3.75,44.0,18.5,57.0,56.5,41.5,52.0,59.5,11.5,5.75,35.5,26.25,13.5,10.5,20.25,0.0,3.75,9.25,0.0,13.5,9.5,8.75,8.25,17.75,0.0,4.25,23.75,13.75,4.0,13.75,0.0,0.0,5.5,5.75,3.75,43.25,27.75,40.75,98.0,47.5,38.0,51.25,37.25,48.25,0.0,,,,,,,,,,,,,,,,,,,,,,,,,,
71,,,,,,,,,,,11.5,11.0,6.0,4.25,19.25,20.5,12.0,9.5,18.0,22.25,66.25,14.5,62.5,24.75,74.25,10.0,27.5,20.5,20.75,10.5,12.75,26.75,12.0,0.0,10.25,23.25,0.0,16.75,0.0,0.0,12.0,0.0,28.5,9.25,30.0,0.0,25.0,40.75,16.75,10.25,10.5,34.75,26.5,60.5,67.0,43.0,67.25,55.5,37.0,53.75,21.25,7.25,,,,,,,,,,,,,,,,,,,,,,,,,,
72,,,,,,,,,,,3.75,7.75,3.0,8.0,11.0,12.5,17.0,7.25,65.25,14.75,49.25,26.0,55.25,68.25,33.5,8.75,0.0,30.25,40.5,17.0,4.5,32.5,17.0,7.25,21.75,3.75,17.25,11.25,5.25,16.75,4.25,0.0,12.25,23.5,17.5,11.25,6.25,8.75,0.0,13.75,8.25,7.25,50.25,37.5,64.25,83.5,31.0,37.0,30.0,41.75,41.5,0.0,,,,,,,,,,,,,,,,,,,,,,,,,,
73,,,,,,,,,,,8.0,8.25,10.5,0.0,20.75,8.5,19.5,4.0,14.5,22.25,52.25,20.25,71.5,26.25,55.25,5.25,25.5,9.5,30.5,10.0,0.0,9.5,29.75,0.0,3.75,8.0,0.0,23.0,3.75,0.0,5.25,0.0,20.25,4.25,32.25,0.0,23.0,22.75,15.0,8.25,10.0,37.5,48.75,81.5,48.5,29.0,45.75,38.5,9.5,40.5,25.75,4.25,,,,,,,,,,,,,,,,,,,,,,,,,,
74,,,,,,,,,,,,12.25,0.0,9.5,12.75,9.5,13.75,4.0,57.0,14.75,47.75,34.75,73.25,71.25,48.75,14.0,5.25,37.5,38.75,17.0,4.5,30.75,18.75,8.75,22.0,8.25,17.25,5.5,5.25,18.5,9.25,0.0,12.25,19.5,14.0,11.25,6.25,8.75,0.0,10.5,4.75,9.0,42.25,34.25,62.75,75.0,46.0,37.0,45.0,37.5,37.0,0.0,,,,,,,,,,,,,,,,,,,,,,,,,,
75,,,,,,,,,,,,4.5,0.0,0.0,13.75,19.0,16.5,4.75,41.25,29.25,69.25,34.0,52.75,27.75,81.75,18.25,26.5,5.5,29.25,21.0,9.5,26.75,41.0,0.0,5.5,21.75,0.0,17.0,0.0,0.0,11.0,0.0,21.25,11.0,20.75,0.0,25.25,25.5,34.5,0.0,5.25,43.75,44.5,69.0,40.75,51.75,31.75,37.5,17.75,24.75,42.25,8.75,,,,,,,,,,,,,,,,,,,,,,,,,,
76,,,,,,,,,,,,9.25,8.5,4.75,19.0,23.75,13.75,9.0,18.75,40.25,46.5,34.0,62.5,21.0,68.5,14.75,46.75,16.75,26.75,16.5,4.25,9.5,38.75,0.0,12.75,12.5,0.0,17.0,8.25,0.0,10.75,0.0,17.0,0.0,44.0,0.0,21.75,21.25,43.0,5.25,9.75,57.0,57.0,42.0,74.0,38.5,51.25,52.5,20.0,53.25,27.25,4.0,,,,,,,,,,,,,,,,,,,,,,,,,,
77,,,,,,,,,,,,18.5,0.0,13.5,18.5,18.5,20.5,10.5,50.5,9.5,74.75,37.0,54.75,31.5,46.25,14.75,6.25,58.75,32.0,23.0,6.5,5.25,0.0,15.75,15.25,4.5,9.0,17.5,4.0,5.5,14.25,0.0,11.25,29.75,15.5,0.0,10.0,16.25,0.0,11.25,22.25,5.0,81.25,26.25,37.75,72.75,63.5,15.75,72.25,20.75,37.5,0.0,,,,,,,,,,,,,,,,,,,,,,,,,,
78,,,,,,,,,,,,0.0,0.0,0.0,0.0,6.5,2.0,5.25,10.25,15.5,45.75,47.0,64.75,19.5,39.0,16.0,22.5,10.5,7.5,11.5,6.5,9.5,9.75,7.5,0.0,10.0,0.0,11.25,15.25,2.25,2.5,8.75,10.5,8.5,2.25,5.5,3.25,8.5,7.75,8.25,2.25,0.0,27.75,33.0,43.5,27.25,91.5,47.5,35.75,19.0,30.25,7.5,,,,,,,,,,,,,,,,,,,,,,,,,,
79,,,,,,,,,,,,11.75,11.5,6.75,11.5,8.5,8.25,8.5,62.0,13.0,59.5,45.0,34.25,73.75,46.25,4.5,0.0,14.0,37.5,18.25,0.0,18.25,4.75,16.5,15.75,0.0,8.0,19.5,3.5,12.0,3.75,0.0,5.75,20.5,9.25,10.0,4.0,4.0,0.0,0.0,4.5,3.75,46.75,29.0,53.0,68.75,55.5,33.0,46.75,46.75,22.75,0.0,53.0,,,,,,,,,,,,,,,,,,,,,,,,,
80,,,,,,,,,,,,0.0,9.0,13.25,31.75,13.0,27.5,13.75,18.75,30.5,44.25,44.5,74.5,10.75,53.75,11.0,29.25,4.75,21.5,16.25,15.75,14.75,18.0,0.0,4.5,4.5,0.0,18.25,9.25,0.0,0.0,0.0,6.0,16.5,19.75,0.0,16.75,26.0,29.0,4.25,5.5,37.25,48.5,74.75,60.25,47.0,67.0,30.75,19.0,42.25,19.25,9.25,30.5,,,,,,,,,,,,,,,,,,,,,,,,,
81,,,,,,,,,,,,,3.75,13.0,26.25,13.0,22.0,8.25,35.75,18.75,37.75,32.75,68.0,10.75,53.0,11.0,29.25,4.75,21.25,16.0,9.75,14.75,23.25,0.0,4.5,9.25,0.0,13.0,4.0,0.0,0.0,0.0,12.75,23.25,31.25,0.0,10.5,25.75,29.0,4.25,5.5,42.5,48.25,79.75,54.25,46.75,73.25,42.0,24.0,47.5,19.0,14.5,36.0,,,,,,,,,,,,,,,,,,,,,,,,,
82,,,,,,,,,,,,,8.0,12.75,34.25,8.25,23.25,8.0,41.25,4.5,44.0,55.5,25.25,51.25,44.0,17.25,0.0,21.25,48.75,13.75,15.25,33.5,0.0,5.5,27.75,4.0,29.0,11.5,3.5,9.5,18.0,0.0,5.0,26.5,11.0,6.25,0.0,15.0,0.0,0.0,15.75,0.0,47.75,33.75,54.75,94.5,49.25,26.5,43.5,27.5,42.75,0.0,67.25,,,,,,,,,,,,,,,,,,,,,,,,,
83,,,,,,,,,,,,,5.25,0.0,27.0,13.5,14.0,8.0,10.25,15.25,52.75,29.75,54.75,30.75,75.25,16.5,40.5,21.75,26.0,17.25,6.0,16.0,37.25,0.0,9.5,13.25,0.0,14.25,16.75,3.75,14.25,8.25,6.75,16.75,58.25,4.5,6.0,27.0,11.25,4.0,0.0,35.0,22.0,59.75,43.0,40.0,64.0,38.5,27.5,44.0,28.5,0.0,31.0,,,,,,,,,,,,,,,,,,,,,,,,,
84,,,,,,,,,,,,,3.25,11.0,10.75,7.75,18.75,0.0,53.5,7.5,33.75,53.5,38.5,57.0,36.0,3.75,9.25,40.5,35.25,18.0,8.75,21.0,15.5,15.5,3.25,3.75,11.25,10.5,0.0,8.75,8.0,0.0,9.75,19.75,13.75,12.5,4.75,8.25,0.0,12.25,4.5,8.25,40.75,16.25,34.0,72.25,49.75,26.25,69.75,28.25,50.25,0.0,56.75,12.25,,,,,,,,,,,,,,,,,,,,,,,,
85,,,,,,,,,,,,,3.0,3.0,21.0,6.25,13.75,4.0,3.75,23.75,65.25,23.0,86.5,4.25,72.5,16.75,24.5,8.5,12.5,8.0,7.5,11.5,25.25,0.0,0.0,7.0,0.0,28.0,0.0,0.0,12.0,0.0,4.5,14.25,27.75,0.0,4.25,16.25,31.0,0.0,7.75,18.0,42.0,65.5,57.5,44.5,45.75,24.25,15.75,44.25,22.75,3.25,26.5,0.0,,,,,,,,,,,,,,,,,,,,,,,,
86,,,,,,,,,,,,,8.25,7.75,4.25,12.25,4.25,4.25,48.5,8.75,27.0,66.25,47.25,55.25,40.5,22.5,4.75,23.5,43.5,4.5,4.5,35.75,0.0,17.0,7.75,4.0,12.0,7.5,0.0,4.25,4.25,0.0,10.0,31.5,14.0,4.5,4.75,9.25,0.0,9.5,14.25,4.5,43.0,26.25,40.75,93.25,60.5,23.75,34.5,29.75,28.25,0.0,42.75,12.5,,,,,,,,,,,,,,,,,,,,,,,,
87,,,,,,,,,,,,,,0.0,15.25,17.25,11.0,9.0,33.75,15.0,29.0,40.75,98.0,28.5,68.75,18.25,42.25,5.0,12.75,11.0,4.5,17.25,31.25,0.0,5.0,11.5,0.0,36.75,3.5,0.0,4.25,0.0,4.5,0.0,30.75,0.0,14.5,35.0,17.5,8.75,19.75,39.25,40.75,54.75,55.25,46.25,60.0,41.0,8.75,29.75,21.75,4.25,21.0,0.0,,,,,,,,,,,,,,,,,,,,,,,,
88,,,,,,,,,,,,,,7.5,8.25,11.5,8.5,12.0,68.75,16.0,48.75,52.5,45.75,48.75,49.25,3.75,13.0,34.25,37.75,12.75,0.0,16.0,8.25,16.75,12.5,3.5,11.5,6.5,4.5,8.0,8.25,0.0,0.0,12.0,17.0,9.25,9.0,4.0,0.0,5.0,5.25,5.0,65.25,36.5,45.25,73.0,58.75,29.0,58.75,32.0,44.75,0.0,46.0,21.5,,,,,,,,,,,,,,,,,,,,,,,,
89,,,,,,,,,,,,,,0.0,1.75,1.75,6.0,13.0,4.5,9.25,44.25,42.5,52.0,12.25,13.25,19.75,9.5,7.75,5.0,3.0,0.0,6.5,5.0,12.0,0.0,6.75,0.0,15.25,11.5,5.25,0.0,9.0,13.5,10.25,5.5,7.25,7.0,8.5,11.5,6.5,14.75,5.5,21.25,36.25,23.25,15.25,92.75,32.75,26.25,22.0,27.5,0.0,16.75,4.0,,,,,,,,,,,,,,,,,,,,,,,,
90,,,,,,,,,,,,,,11.25,17.25,17.0,13.25,0.0,68.75,4.25,49.5,44.0,48.5,54.0,63.0,18.5,4.5,30.25,24.25,14.0,19.0,23.5,0.0,25.75,16.25,8.5,11.75,11.5,0.0,16.75,12.75,0.0,0.0,20.5,24.75,4.75,9.75,4.5,0.0,9.25,4.5,0.0,66.25,32.5,53.5,70.5,47.5,15.0,51.5,25.5,62.5,0.0,41.0,20.25,25.5,,,,,,,,,,,,,,,,,,,,,,,
91,,,,,,,,,,,,,,0.0,0.0,7.5,11.25,7.5,10.25,8.25,52.25,58.0,41.75,31.5,20.25,19.75,22.25,32.75,15.75,12.5,4.5,0.0,14.5,21.5,0.0,9.5,0.0,3.0,17.0,11.0,0.0,28.0,13.25,9.0,14.75,14.5,3.75,10.75,22.0,3.75,10.5,3.5,18.5,68.0,39.0,52.25,90.5,58.5,45.5,19.0,43.0,7.75,17.25,4.25,17.5,,,,,,,,,,,,,,,,,,,,,,,
92,,,,,,,,,,,,,,,8.75,4.5,26.5,13.25,45.0,5.0,14.25,39.0,52.0,73.0,54.0,15.75,9.25,48.75,41.5,20.0,5.75,39.75,4.25,18.5,22.5,9.5,13.25,17.25,0.0,8.5,9.0,0.0,6.25,11.75,15.0,15.25,10.25,9.75,0.0,9.5,6.0,0.0,53.5,13.0,39.75,70.0,66.75,24.5,53.75,22.75,57.75,0.0,62.0,27.75,37.25,,,,,,,,,,,,,,,,,,,,,,,
93,,,,,,,,,,,,,,,29.0,14.5,0.0,0.0,40.0,28.0,48.0,42.5,68.5,11.5,69.0,20.75,21.25,23.25,24.0,6.0,12.75,9.25,39.0,0.0,5.25,13.75,0.0,33.75,11.0,0.0,8.75,0.0,10.5,4.0,13.25,0.0,10.25,24.75,23.5,15.0,6.0,43.25,37.25,57.75,70.75,32.75,77.0,53.5,33.25,43.5,51.25,0.0,13.75,0.0,21.5,,,,,,,,,,,,,,,,,,,,,,,
94,,,,,,,,,,,,,,,8.5,20.25,13.25,17.0,63.25,9.75,60.5,53.75,38.5,64.5,44.75,14.25,4.0,22.0,34.0,0.0,4.75,27.75,4.75,16.75,18.25,0.0,24.5,4.5,0.0,20.5,9.0,0.0,4.5,11.25,4.75,15.0,5.25,8.75,0.0,0.0,13.75,4.75,66.5,21.0,44.25,82.25,64.75,28.5,43.25,16.0,37.0,0.0,37.0,20.5,27.25,,,,,,,,,,,,,,,,,,,,,,,
95,,,,,,,,,,,,,,,8.75,8.75,25.75,21.0,3.75,24.25,59.5,63.75,57.25,22.25,19.25,25.0,29.5,17.25,23.75,4.0,12.25,7.5,11.5,21.0,0.0,7.5,0.0,22.25,14.25,4.75,3.75,25.0,13.25,20.25,23.25,5.25,8.5,3.75,27.5,12.25,30.75,0.0,19.5,79.0,52.25,24.25,77.0,64.0,47.5,8.25,21.0,4.5,20.25,24.75,16.25,30.25,,,,,,,,,,,,,,,,,,,,,,
96,,,,,,,,,,,,,,,4.25,23.0,20.0,4.5,17.25,33.75,59.25,19.0,77.75,33.75,45.25,13.25,31.75,5.0,17.0,15.25,4.75,9.25,36.25,0.0,3.5,16.0,0.0,13.75,7.75,0.0,0.0,0.0,10.25,5.75,6.25,0.0,4.75,30.75,22.5,0.0,5.0,36.25,33.5,52.25,57.5,74.0,43.5,49.5,9.25,34.5,41.0,5.75,15.0,0.0,0.0,36.0,,,,,,,,,,,,,,,,,,,,,,
97,,,,,,,,,,,,,,,,0.0,24.25,9.5,60.75,28.75,46.5,49.0,56.75,56.25,58.25,10.0,5.5,39.5,46.25,9.5,5.5,25.0,0.0,10.0,12.5,0.0,14.0,8.0,0.0,9.0,14.75,0.0,5.75,21.75,8.5,0.0,6.25,9.25,0.0,10.0,0.0,15.5,63.5,22.5,45.5,82.25,53.75,8.25,61.75,28.25,61.5,0.0,74.25,12.25,33.25,8.75,,,,,,,,,,,,,,,,,,,,,,
98,,,,,,,,,,,,,,,,23.75,15.75,9.5,12.75,29.75,56.5,20.25,79.5,35.0,45.25,19.25,37.5,0.0,22.75,20.75,0.0,5.25,33.25,0.0,3.5,16.5,0.0,5.5,7.75,0.0,0.0,0.0,10.25,5.75,17.25,0.0,5.25,36.5,28.25,0.0,5.0,42.25,38.5,63.75,50.25,66.5,44.5,51.0,9.75,44.75,37.25,5.75,15.0,0.0,0.0,37.25,,,,,,,,,,,,,,,,,,,,,,
99,,,,,,,,,,,,,,,,11.5,10.75,7.5,76.0,12.25,28.0,64.0,49.75,56.25,39.25,11.25,0.0,22.75,12.75,24.75,0.0,7.75,4.0,8.0,11.0,0.0,14.25,10.5,0.0,22.5,7.5,0.0,9.75,24.0,4.75,0.0,4.5,8.5,0.0,4.5,4.25,4.25,51.0,11.75,29.0,60.5,76.0,12.0,47.75,23.0,35.25,0.0,50.25,17.5,27.75,8.5,,,,,,,,,,,,,,,,,,,,,,
100,,,,,,,,,,,,,,,,15.25,25.5,9.25,70.0,20.0,51.5,54.0,62.25,71.0,45.0,15.25,5.25,41.75,46.5,25.25,6.0,24.25,10.0,19.25,17.5,13.25,8.5,9.5,0.0,17.5,10.25,0.0,12.25,5.5,15.0,4.75,10.75,9.75,0.0,0.0,5.0,0.0,39.25,48.25,65.5,96.25,56.75,31.0,30.0,27.25,54.25,0.0,32.5,18.25,38.5,25.0,,,,,,,,,,,,,,,,,,,,,,
101,,,,,,,,,,,,,,,,7.5,6.5,7.25,17.25,13.5,68.25,16.25,71.75,23.75,77.0,13.25,22.75,14.25,13.5,3.5,0.0,8.75,21.25,0.0,4.0,7.0,0.0,15.0,0.0,0.0,4.5,0.0,18.5,0.0,20.75,0.0,13.5,6.5,16.75,0.0,4.0,32.25,20.5,53.5,38.5,46.25,63.5,53.75,24.25,55.25,10.75,7.75,18.5,0.0,6.5,28.0,,,,,,,,,,,,,,,,,,,,,,
102,,,,,,,,,,,,,,,,8.75,18.75,15.5,47.75,15.25,54.25,39.25,51.5,74.0,43.5,25.75,5.75,25.0,46.0,20.25,5.75,29.25,4.5,13.75,21.0,8.75,13.0,8.75,4.75,18.0,4.75,5.75,17.25,12.0,15.0,4.75,10.5,15.25,0.0,0.0,10.75,0.0,32.5,53.5,49.75,78.0,56.75,32.5,44.75,32.25,53.5,0.0,38.25,14.25,37.25,24.0,,,,,,,,,,,,,,,,,,,,,,
103,,,,,,,,,,,,,,,,20.5,26.25,0.0,16.5,13.25,35.25,54.5,54.0,60.5,37.5,13.25,10.5,36.75,46.5,13.75,6.0,34.25,4.25,9.75,10.5,5.0,8.0,17.0,0.0,8.25,5.5,0.0,10.0,0.0,10.5,6.0,0.0,0.0,0.0,0.0,9.0,10.75,37.5,21.75,57.75,59.25,70.75,20.0,29.25,22.25,40.75,0.0,72.5,24.25,30.75,18.5,,,,,,,,,,,,,,,,,,,,,,
104,,,,,,,,,,,,,,,,,15.25,10.25,69.75,18.0,29.75,53.75,46.25,56.5,45.0,13.25,9.75,35.75,33.5,9.5,5.5,39.0,7.75,14.0,17.75,4.75,17.0,13.0,0.0,3.5,13.0,0.0,0.0,4.5,14.5,10.0,9.5,0.0,0.0,3.75,8.5,14.0,75.25,9.0,35.75,82.5,39.0,19.25,53.75,36.75,41.0,0.0,53.0,5.0,27.5,14.0,17.5,,,,,,,,,,,,,,,,,,,,,
105,,,,,,,,,,,,,,,,,15.75,0.0,25.75,25.5,60.25,21.25,32.0,8.5,90.25,12.75,34.75,17.5,13.0,4.25,0.0,4.0,16.75,0.0,3.5,7.5,0.0,11.75,3.5,0.0,8.25,0.0,14.75,10.0,17.25,0.0,26.0,17.75,20.5,4.5,0.0,24.5,28.75,62.0,72.25,56.25,73.5,26.25,29.25,40.0,31.5,8.0,20.25,0.0,12.25,36.0,14.0,,,,,,,,,,,,,,,,,,,,,
106,,,,,,,,,,,,,,,,,16.25,11.75,72.75,7.0,25.5,42.75,37.25,55.75,41.25,8.5,4.0,38.5,15.75,11.75,4.75,25.5,7.0,8.0,17.0,0.0,10.75,6.75,0.0,4.25,8.0,0.0,0.0,5.25,9.75,5.0,9.25,3.75,0.0,12.5,3.75,8.0,51.75,20.5,37.0,98.25,47.5,4.75,40.5,32.25,51.75,0.0,32.0,20.5,26.5,33.5,0.0,,,,,,,,,,,,,,,,,,,,,
107,,,,,,,,,,,,,,,,,19.0,10.75,11.25,24.75,55.75,57.5,71.25,29.5,46.0,14.0,38.0,25.25,13.25,13.0,8.0,4.75,10.5,17.75,0.0,6.75,0.0,18.5,8.5,4.25,12.0,9.25,38.25,13.25,15.5,13.5,16.0,28.25,12.25,8.0,14.5,19.5,28.5,49.0,44.5,52.0,60.5,61.75,41.25,36.75,29.25,12.5,24.0,7.25,14.75,20.25,8.75,,,,,,,,,,,,,,,,,,,,,
108,,,,,,,,,,,,,,,,,13.75,4.5,65.0,11.5,29.5,67.0,35.5,57.0,58.25,3.75,10.25,28.25,23.5,6.25,0.0,13.0,8.0,6.0,23.0,12.0,0.0,16.5,0.0,16.25,3.75,0.0,7.0,16.5,11.0,11.75,0.0,11.5,0.0,8.75,19.5,0.0,63.25,21.0,43.0,92.25,72.25,25.25,42.5,21.5,56.5,0.0,55.75,21.25,24.75,4.0,21.25,,,,,,,,,,,,,,,,,,,,,
109,,,,,,,,,,,,,,,,,12.75,9.5,10.0,25.0,68.25,34.75,66.75,25.25,84.5,25.25,34.5,20.0,18.0,13.75,5.25,13.5,38.0,0.0,4.25,13.25,0.0,21.5,7.5,0.0,3.25,0.0,11.5,6.0,32.25,0.0,24.25,28.75,24.75,5.0,9.0,72.25,39.0,47.5,49.0,41.0,50.75,51.5,19.75,60.5,28.25,9.5,14.0,0.0,11.25,27.75,4.75,,,,,,,,,,,,,,,,,,,,,
110,,,,,,,,,,,,,,,,,13.75,4.5,64.5,11.25,29.25,66.25,35.0,56.25,58.0,3.75,10.25,28.0,23.5,6.25,0.0,12.5,8.0,6.0,22.75,11.75,0.0,16.25,0.0,16.25,3.75,0.0,7.0,16.25,10.75,11.75,0.0,11.5,0.0,8.5,19.25,0.0,62.25,20.75,42.75,92.25,71.75,25.25,42.25,21.25,55.75,0.0,55.0,21.0,24.5,3.75,21.25,,,,,,,,,,,,,,,,,,,,,
111,,,,,,,,,,,,,,,,,4.5,20.75,22.0,18.25,81.5,46.5,66.25,35.5,51.5,26.5,27.0,18.75,5.0,10.5,0.0,5.0,20.25,25.25,0.0,12.25,0.0,19.5,8.0,4.25,9.5,27.5,3.75,15.75,22.25,13.5,3.25,4.75,17.5,3.25,23.75,12.0,41.5,59.75,42.5,34.5,77.75,42.75,52.75,42.5,36.0,3.25,34.75,4.5,29.5,26.5,0.0,,,,,,,,,,,,,,,,,,,,,
112,,,,,,,,,,,,,,,,,9.0,9.25,58.0,4.5,28.25,56.25,56.0,64.0,57.5,9.5,5.75,43.25,27.25,14.75,5.75,27.25,5.0,3.5,5.0,0.0,11.75,12.25,0.0,12.5,10.75,0.0,6.5,11.0,9.75,0.0,14.75,0.0,0.0,0.0,8.75,13.5,53.5,30.5,43.75,93.75,81.25,27.5,62.75,25.0,49.25,0.0,54.75,24.0,18.5,19.0,18.5,11.5,,,,,,,,,,,,,,,,,,,,
113,,,,,,,,,,,,,,,,,,10.25,60.5,9.0,31.0,66.75,49.25,48.0,71.75,14.0,5.75,44.25,28.25,15.75,5.75,24.5,5.0,4.25,9.0,0.0,12.5,9.0,0.0,13.5,10.75,0.0,6.5,11.0,6.0,5.0,15.5,0.0,0.0,4.5,5.0,10.0,51.0,27.0,38.0,93.25,86.0,33.25,61.75,25.75,47.0,0.0,58.0,20.5,19.25,24.5,15.75,16.0,,,,,,,,,,,,,,,,,,,,
114,,,,,,,,,,,,,,,,,,6.75,17.75,15.5,41.75,38.5,66.75,26.0,30.5,21.5,7.75,8.5,25.5,4.5,3.75,9.0,19.25,13.25,12.0,6.25,0.0,26.25,15.75,4.0,4.25,14.25,9.25,12.75,25.5,12.75,8.25,13.0,16.25,0.0,12.5,11.5,28.5,63.75,40.25,45.5,86.0,28.75,38.0,37.5,26.0,4.5,46.5,10.75,8.5,19.5,8.75,35.5,,,,,,,,,,,,,,,,,,,,
115,,,,,,,,,,,,,,,,,,13.0,3.25,17.25,40.5,42.0,62.75,22.0,15.0,15.5,27.0,19.0,14.75,11.75,11.0,3.25,13.25,26.0,0.0,12.5,0.0,15.5,25.0,0.0,0.0,21.5,4.25,16.75,11.5,15.0,7.0,11.0,10.75,3.25,14.5,10.75,31.5,60.75,39.0,19.75,100.0,11.5,42.5,27.5,26.25,0.0,27.25,13.0,10.25,13.75,0.0,35.75,,,,,,,,,,,,,,,,,,,,
116,,,,,,,,,,,,,,,,,,6.25,14.75,12.0,34.0,41.25,55.0,30.5,40.25,13.75,31.25,21.25,3.5,17.75,7.25,15.0,13.75,12.75,4.75,11.25,0.0,16.5,9.25,0.0,0.0,7.25,13.75,4.0,19.0,7.0,21.25,13.0,15.0,3.25,13.0,30.75,51.5,51.5,43.5,52.25,80.5,32.5,29.25,34.75,21.5,5.75,31.75,6.25,15.75,30.75,11.5,26.25,,,,,,,,,,,,,,,,,,,,
117,,,,,,,,,,,,,,,,,,5.75,38.5,37.25,49.25,27.5,78.0,28.5,68.75,15.25,28.75,0.0,22.25,11.25,0.0,21.75,25.0,11.25,4.25,19.5,0.0,28.0,10.5,0.0,0.0,6.0,19.75,0.0,29.5,0.0,22.0,20.75,26.0,0.0,5.0,15.75,42.25,62.75,40.0,72.5,58.25,69.75,42.75,52.75,29.75,16.0,52.75,5.5,10.0,26.75,16.0,43.5,,,,,,,,,,,,,,,,,,,,
118,,,,,,,,,,,,,,,,,,8.0,56.25,8.75,37.75,65.5,18.0,60.5,42.25,22.25,0.0,59.75,24.25,13.5,9.0,25.25,3.25,7.5,10.75,3.25,4.5,10.5,0.0,3.5,16.5,0.0,5.75,14.0,0.0,4.0,0.0,3.75,0.0,3.5,13.0,0.0,59.0,24.0,36.0,83.5,57.75,30.25,33.25,26.25,43.0,0.0,66.75,3.25,27.5,9.25,17.5,8.5,,,,,,,,,,,,,,,,,,,,
119,,,,,,,,,,,,,,,,,,7.75,16.5,24.25,80.0,39.75,50.75,30.5,67.75,16.25,19.75,16.25,23.25,3.25,4.75,5.0,36.25,10.5,9.25,14.25,0.0,11.75,9.25,3.0,0.0,3.25,26.5,12.75,27.25,5.25,0.0,25.0,43.25,0.0,19.25,25.25,17.5,48.0,45.0,53.75,75.5,44.0,17.75,35.25,18.5,0.0,29.75,0.0,29.25,36.0,5.5,9.0,,,,,,,,,,,,,,,,,,,,
120,,,,,,,,,,,,,,,,,,6.5,32.25,15.75,58.25,51.25,53.75,55.5,36.75,6.75,10.25,32.5,30.0,15.5,15.5,26.25,6.25,23.0,15.25,14.0,7.5,21.25,0.0,15.0,20.0,0.0,0.0,25.0,4.75,8.25,3.25,8.0,0.0,6.75,9.75,9.5,59.75,38.0,58.25,86.75,74.5,8.0,51.75,21.75,47.75,0.0,39.75,25.5,29.75,24.75,21.25,11.75,,,,,,,,,,,,,,,,,,,,
121,,,,,,,,,,,,,,,,,,9.75,32.5,15.25,68.5,53.75,40.25,41.75,55.5,9.25,35.5,22.75,25.75,29.25,4.75,6.25,25.0,8.75,4.0,18.5,0.0,17.25,4.0,0.0,5.25,0.0,5.25,12.0,35.0,0.0,12.75,42.0,10.0,9.0,6.5,40.75,38.75,47.75,46.25,62.75,89.75,56.0,34.25,45.75,18.25,8.75,20.25,8.75,12.0,41.5,5.75,29.75,,,,,,,,,,,,,,,,,,,,
122,,,,,,,,,,,,,,,,,,17.25,18.75,22.25,55.5,59.25,76.75,24.0,38.5,30.75,36.5,15.5,18.5,9.0,4.75,5.0,8.0,21.5,0.0,0.0,0.0,16.75,22.75,4.5,8.25,18.25,27.0,21.25,15.5,14.25,5.0,5.0,27.5,8.5,30.0,8.0,31.0,49.0,34.75,18.5,77.75,42.75,53.0,22.25,45.25,4.75,22.75,9.0,20.75,12.25,0.0,39.5,,,,,,,,,,,,,,,,,,,,
123,,,,,,,,,,,,,,,,,,,14.0,13.75,62.75,34.0,73.75,22.5,54.75,28.5,17.5,14.0,13.25,17.5,7.25,9.5,12.0,14.75,0.0,11.0,0.0,19.25,11.5,4.25,4.5,4.75,23.5,10.75,27.5,3.5,8.0,7.25,25.25,4.5,5.0,29.0,34.25,47.5,50.0,32.75,82.25,32.25,24.25,38.5,26.0,8.25,39.75,3.0,27.75,11.75,8.25,40.25,42.5,,,,,,,,,,,,,,,,,,,
124,,,,,,,,,,,,,,,,,,33.25,17.25,13.75,63.25,70.25,76.25,39.25,26.25,17.25,26.0,27.75,13.25,28.0,3.5,8.25,11.75,27.0,0.0,21.5,0.0,11.5,19.75,16.0,7.75,13.0,21.5,10.5,8.5,8.25,0.0,8.0,12.5,8.0,14.75,7.75,20.25,48.5,42.25,36.5,75.75,42.25,45.75,45.0,35.0,3.25,30.25,13.25,21.0,24.5,0.0,45.75,22.5,,,,,,,,,,,,,,,,,,,
125,,,,,,,,,,,,,,,,,,,64.0,20.0,23.0,49.0,58.5,55.5,44.0,6.25,11.25,50.5,36.0,6.0,11.25,37.0,8.75,4.5,22.75,9.25,17.75,4.0,0.0,9.75,23.75,0.0,5.25,12.5,15.0,10.25,4.75,4.75,0.0,0.0,6.25,0.0,59.25,19.25,33.75,95.25,46.0,37.25,53.75,32.25,26.25,0.0,58.5,16.5,52.25,29.75,18.25,0.0,24.5,,,,,,,,,,,,,,,,,,,
126,,,,,,,,,,,,,,,,,,,21.0,41.75,58.75,85.75,55.25,30.5,31.25,22.25,38.25,21.0,19.0,10.5,0.0,9.5,10.5,3.5,0.0,8.75,0.0,8.5,24.75,7.75,6.25,17.75,17.5,10.25,11.5,14.0,5.25,0.0,14.75,11.25,17.5,26.0,26.5,56.5,44.25,36.5,64.5,35.25,31.75,15.25,20.75,4.25,37.0,0.0,22.5,24.25,0.0,32.75,28.5,,,,,,,,,,,,,,,,,,,
127,,,,,,,,,,,,,,,,,,,55.0,11.25,30.0,54.25,60.25,61.25,39.5,18.0,5.25,23.75,12.5,22.5,9.0,28.75,3.5,14.25,23.0,0.0,0.0,9.0,0.0,10.25,13.5,0.0,4.25,28.5,10.75,0.0,0.0,5.0,0.0,6.5,4.0,8.75,50.75,28.0,53.25,77.0,70.0,27.0,49.25,36.5,37.5,0.0,62.75,20.0,31.0,24.5,14.25,5.75,38.0,,,,,,,,,,,,,,,,,,,
128,,,,,,,,,,,,,,,,,,,0.0,23.0,56.75,40.5,56.5,16.25,48.25,0.0,28.5,23.25,18.5,6.0,6.25,6.0,18.5,10.25,2.5,9.75,0.0,7.25,16.5,0.0,8.0,0.0,25.5,18.5,29.5,0.0,11.25,19.5,25.75,0.0,11.25,39.75,25.5,45.0,43.25,21.25,46.5,43.0,11.25,26.5,22.25,2.75,22.25,5.0,5.5,14.5,10.75,21.5,30.0,,,,,,,,,,,,,,,,,,,
129,,,,,,,,,,,,,,,,,,,5.0,27.75,38.75,19.0,36.5,38.0,49.75,17.0,36.0,14.75,25.5,21.75,5.5,19.25,30.5,2.5,4.5,9.5,0.0,17.75,2.5,0.0,0.0,3.0,13.0,6.0,32.5,0.0,14.5,21.25,14.5,8.25,5.75,43.75,42.25,69.5,55.25,42.25,89.25,51.5,13.5,56.75,31.75,9.75,30.25,0.0,12.5,34.25,10.5,19.0,39.25,,,,,,,,,,,,,,,,,,,
130,,,,,,,,,,,,,,,,,,,5.0,16.5,93.5,79.5,64.5,52.25,26.25,13.0,13.5,10.25,19.0,3.5,5.0,8.25,7.75,18.0,0.0,2.75,0.0,23.75,14.25,9.0,9.25,23.25,14.75,11.5,20.0,12.25,10.0,4.75,4.75,3.25,13.75,12.5,11.25,77.25,32.25,33.5,83.0,47.5,47.75,28.75,38.75,12.75,21.5,7.25,12.75,21.0,0.0,49.0,19.5,,,,,,,,,,,,,,,,,,,
131,,,,,,,,,,,,,,,,,,,,10.25,31.5,64.25,49.0,70.5,56.5,23.75,4.75,34.25,54.5,8.75,10.0,28.5,9.75,8.0,15.0,0.0,4.25,6.75,0.0,15.75,14.5,0.0,6.25,10.0,9.75,0.0,9.5,0.0,0.0,15.25,4.75,4.5,30.25,24.25,45.75,85.25,52.25,24.5,42.0,43.75,35.75,0.0,32.5,3.75,26.75,21.0,17.5,8.75,36.25,29.0,,,,,,,,,,,,,,,,,,
132,,,,,,,,,,,,,,,,,,,,30.0,85.75,54.0,40.75,32.25,59.25,21.5,39.25,13.75,33.5,8.25,0.0,20.25,22.5,0.0,12.75,15.5,0.0,26.25,11.5,0.0,14.25,0.0,14.75,15.5,22.0,0.0,27.25,22.5,28.0,8.25,13.0,64.5,38.75,56.0,55.0,73.75,74.0,40.75,34.5,46.0,32.5,12.5,33.5,0.0,20.25,14.25,25.25,28.25,52.5,10.5,,,,,,,,,,,,,,,,,,
133,,,,,,,,,,,,,,,,,,,,14.0,40.25,62.5,51.0,64.5,62.75,17.5,5.25,34.75,51.25,20.5,5.25,44.0,12.0,28.75,21.5,8.75,20.5,30.75,0.0,18.75,26.0,0.0,5.25,24.75,24.5,10.0,13.25,0.0,0.0,17.75,5.25,4.75,35.5,41.5,50.75,77.5,76.0,18.0,56.5,43.0,53.5,0.0,74.0,23.25,34.5,16.75,9.25,10.0,23.5,24.5,,,,,,,,,,,,,,,,,,
134,,,,,,,,,,,,,,,,,,,,19.5,19.75,30.25,42.25,10.25,56.5,7.5,52.0,5.5,10.0,25.75,0.0,4.5,13.75,0.0,0.0,0.0,0.0,16.75,0.0,0.0,9.5,0.0,19.25,15.25,23.5,0.0,22.5,26.25,20.25,4.5,0.0,42.5,34.25,60.25,49.25,37.25,78.0,29.5,21.75,43.25,40.75,4.5,10.0,0.0,23.25,15.75,0.0,20.25,53.5,3.0,,,,,,,,,,,,,,,,,,
135,,,,,,,,,,,,,,,,,,,,,,68.5,33.0,74.75,28.75,17.0,2.5,44.75,17.75,23.0,0.0,16.75,6.75,8.25,21.0,5.25,5.5,15.0,0.0,4.5,15.0,0.0,3.0,14.25,27.75,8.0,6.25,6.0,0.0,2.5,2.75,8.0,52.25,36.25,31.25,79.0,47.0,38.0,36.5,38.25,50.5,0.0,71.25,10.25,38.0,8.5,11.5,0.0,11.0,29.5,34.25,38.0,,,,,,,,,,,,,,,,
136,,,,,,,,,,,,,,,,,,,,,,12.5,50.75,9.5,84.5,21.75,15.0,21.0,9.0,0.0,9.25,14.5,28.25,0.0,0.0,3.75,0.0,12.75,8.25,0.0,14.0,0.0,25.0,0.0,30.0,0.0,19.0,28.0,18.0,9.75,15.25,47.75,36.25,63.75,51.0,36.0,68.25,60.75,22.75,42.0,17.0,13.25,11.5,0.0,9.0,28.25,8.25,22.75,40.5,20.75,33.75,66.75,26.25,,,,,,,,,,,,,,,
137,,,,,,,,,,,,,,,,,,,,,,,59.0,63.25,45.75,13.25,0.0,28.5,42.0,12.5,8.5,26.5,4.0,7.5,15.75,3.25,7.25,16.75,0.0,15.75,12.5,0.0,4.75,16.25,0.0,5.5,5.25,9.75,0.0,4.25,8.5,3.75,34.25,31.0,30.5,78.75,73.5,49.5,31.0,41.25,38.25,0.0,56.0,21.0,29.75,16.75,13.0,5.0,4.5,14.0,22.5,20.75,39.5,,,,,,,,,,,,,,,
138,,,,,,,,,,,,,,,,,,,,,,,74.75,24.5,41.0,25.25,51.0,17.5,13.75,6.25,9.25,5.5,13.0,15.0,0.0,14.5,0.0,10.0,25.75,0.0,0.0,20.75,31.75,22.5,14.25,10.0,10.25,7.75,25.0,7.5,22.5,11.0,22.25,87.0,39.0,37.5,73.25,60.0,62.0,31.25,30.75,3.75,25.25,7.25,19.5,28.25,0.0,48.75,30.0,19.5,50.0,11.0,10.25,,,,,,,,,,,,,,,
139,,,,,,,,,,,,,,,,,,,,,,,75.5,20.75,48.5,7.25,21.5,13.5,13.75,12.5,4.75,3.25,40.25,0.0,0.0,17.25,0.0,3.5,4.0,0.0,11.5,0.0,4.5,4.5,31.0,0.0,4.0,35.0,31.25,0.0,12.75,54.0,35.0,55.0,44.75,24.0,90.5,23.5,15.5,45.25,18.5,4.75,10.5,0.0,11.5,36.5,0.0,30.5,56.0,6.75,27.5,41.25,10.0,,,,,,,,,,,,,,,
140,,,,,,,,,,,,,,,,,,,,,,,,59.0,41.25,6.0,33.5,40.25,18.5,16.75,6.0,0.0,14.75,20.25,0.0,14.5,0.0,13.25,23.0,5.25,11.0,4.25,30.25,25.25,4.5,23.0,0.0,5.5,22.25,10.25,23.0,11.0,36.5,76.25,40.0,11.0,77.75,62.0,55.5,41.75,58.0,11.0,30.5,22.0,20.25,15.5,0.0,39.5,38.5,38.25,62.0,26.0,19.5,12.25,,,,,,,,,,,,,,
141,,,,,,,,,,,,,,,,,,,,,,,65.75,62.25,50.75,4.5,9.25,30.5,47.75,4.5,15.25,21.25,5.25,10.25,14.25,4.0,8.75,11.25,0.0,14.0,10.25,0.0,7.25,24.0,16.0,16.5,0.0,8.25,0.0,5.25,15.75,6.0,53.25,37.0,42.25,83.25,65.25,21.25,43.0,57.0,35.75,0.0,56.75,27.5,21.25,10.25,14.0,10.25,19.5,20.5,25.0,16.75,33.25,39.0,,,,,,,,,,,,,,
142,,,,,,,,,,,,,,,,,,,,,,,,50.75,49.25,13.25,13.75,28.5,38.75,9.0,8.75,19.25,5.25,14.5,12.75,4.0,8.75,11.25,0.0,14.0,8.5,0.0,5.0,21.75,14.0,9.75,0.0,8.25,0.0,5.25,14.0,0.0,44.0,33.5,32.25,86.5,76.0,28.25,55.75,60.25,36.25,0.0,66.25,24.25,17.75,14.5,8.0,3.75,13.0,13.75,16.25,20.0,33.25,35.0,,,,,,,,,,,,,,
143,,,,,,,,,,,,,,,,,,,,,,,,26.25,42.0,10.75,21.75,24.0,25.25,7.75,0.0,18.25,31.5,0.0,10.0,9.25,0.0,23.25,2.5,0.0,2.75,0.0,3.5,9.5,10.75,0.0,14.75,19.5,13.0,0.0,7.75,27.5,21.0,38.25,58.75,27.75,66.0,61.0,20.25,33.75,18.5,3.75,23.5,0.0,3.0,26.0,6.0,25.5,34.25,8.5,27.25,42.75,35.25,16.75,,,,,,,,,,,,,,
144,,,,,,,,,,,,,,,,,,,,,,,,18.75,48.5,14.5,20.25,10.0,20.25,9.75,0.0,9.75,37.75,0.0,6.0,4.25,0.0,16.5,8.75,0.0,0.0,0.0,14.25,8.0,12.25,0.0,24.25,19.0,24.5,5.25,7.25,53.75,27.75,63.75,31.25,31.25,58.75,52.75,19.5,43.25,17.25,4.25,13.0,0.0,10.75,19.0,20.5,36.75,49.5,15.5,35.5,67.25,33.5,7.25,,,,,,,,,,,,,,
145,,,,,,,,,,,,,,,,,,,,,,,,20.5,33.25,21.25,28.25,15.5,3.5,9.0,0.0,7.0,20.25,6.5,0.0,7.5,0.0,13.75,3.5,4.25,7.0,21.25,17.5,24.75,16.25,0.0,0.0,0.0,14.25,4.75,27.25,8.5,15.5,60.25,39.75,23.0,85.75,53.0,41.25,32.5,22.25,8.5,32.25,7.75,12.0,12.5,0.0,44.0,29.0,42.5,31.25,19.0,33.25,8.5,,,,,,,,,,,,,,
146,,,,,,,,,,,,,,,,,,,,,,,,71.25,36.75,11.0,5.25,22.75,39.25,6.0,5.25,38.0,10.25,14.25,22.5,13.75,15.0,10.0,0.0,15.5,15.25,0.0,5.75,19.25,5.25,6.25,10.25,11.25,0.0,10.25,5.25,5.5,58.25,27.0,24.0,72.0,65.0,39.75,67.5,39.5,56.75,0.0,66.5,15.0,31.0,11.5,15.75,0.0,12.0,46.75,16.75,44.75,17.0,27.5,26.0,,,,,,,,,,,,,
147,,,,,,,,,,,,,,,,,,,,,,,,,69.0,21.75,22.0,17.75,16.75,21.0,11.5,21.5,20.25,0.0,0.0,14.25,0.0,9.5,8.75,0.0,10.0,0.0,6.0,6.0,51.25,0.0,26.5,33.25,40.25,5.75,5.5,49.75,36.75,70.75,54.25,59.5,64.5,67.75,10.75,50.25,38.75,5.5,20.5,0.0,0.0,41.75,19.5,15.5,38.0,10.75,40.25,80.5,12.75,22.5,76.5,,,,,,,,,,,,,
148,,,,,,,,,,,,,,,,,,,,,,,,,23.0,2.5,2.5,15.25,32.5,9.5,2.75,7.0,6.5,11.0,14.25,0.0,11.25,0.0,0.0,15.0,7.0,0.0,0.0,0.0,12.25,12.25,7.25,7.0,0.0,0.0,7.75,6.5,34.5,17.75,42.75,52.0,36.0,15.75,29.5,20.0,25.75,0.0,32.0,19.75,7.25,2.5,15.75,2.5,17.0,11.75,12.5,13.25,20.0,38.0,34.25,,,,,,,,,,,,,
149,,,,,,,,,,,,,,,,,,,,,,,,,75.25,17.5,18.0,5.25,9.25,16.0,14.0,9.5,34.75,0.0,11.75,32.0,0.0,19.5,4.25,0.0,3.75,0.0,38.0,15.5,31.25,0.0,14.25,18.25,36.75,9.75,8.75,41.0,34.25,44.0,71.75,61.25,84.5,59.25,23.25,54.25,12.25,8.5,4.25,0.0,9.5,26.25,18.0,13.75,34.0,23.5,33.0,33.0,20.75,9.5,42.25,,,,,,,,,,,,,
150,,,,,,,,,,,,,,,,,,,,,,,,,29.5,26.75,28.25,21.5,18.0,12.5,9.25,0.0,15.75,8.5,0.0,3.25,0.0,19.0,3.5,0.0,5.25,11.5,20.5,16.25,9.75,23.5,0.0,0.0,25.75,3.75,17.75,0.0,19.25,74.25,40.75,31.25,84.75,38.5,45.25,42.75,37.5,0.0,11.5,17.25,20.75,17.0,0.0,31.0,18.75,47.75,40.75,10.5,0.0,19.75,13.75,,,,,,,,,,,,,
151,,,,,,,,,,,,,,,,,,,,,,,,,71.75,21.25,35.25,22.0,12.5,13.75,0.0,17.0,22.25,8.0,4.5,10.25,0.0,14.0,7.5,0.0,0.0,4.5,10.0,4.0,22.75,0.0,8.5,13.0,20.0,0.0,4.5,30.75,13.0,48.0,32.25,33.75,40.25,53.5,21.5,44.5,36.5,0.0,19.75,4.0,7.25,17.0,12.0,29.0,43.5,14.25,35.5,45.0,15.0,0.0,34.25,,,,,,,,,,,,,
152,,,,,,,,,,,,,,,,,,,,,,,,,52.25,23.75,39.5,10.0,20.5,9.75,4.5,9.5,13.75,0.0,8.0,11.75,0.0,30.5,13.0,9.0,4.25,19.0,23.25,16.0,41.0,0.0,9.25,9.25,14.25,0.0,19.75,17.75,23.25,58.0,54.75,74.25,65.0,41.0,34.5,26.0,28.0,0.0,14.0,4.25,13.0,22.5,9.0,29.25,23.75,25.25,48.5,50.75,20.5,15.5,50.25,,,,,,,,,,,,,
153,,,,,,,,,,,,,,,,,,,,,,,,,42.0,18.0,4.75,34.0,43.75,14.5,9.25,40.75,4.5,4.75,15.75,4.5,16.5,4.0,0.0,16.75,18.25,0.0,5.25,11.5,14.5,0.0,9.0,0.0,0.0,4.25,0.0,9.0,45.0,9.5,29.5,73.5,76.5,24.0,26.75,26.25,48.75,0.0,65.75,16.5,22.0,4.5,4.0,14.0,23.75,20.25,15.5,28.25,44.0,25.25,35.5,51.75,,,,,,,,,,,,
154,,,,,,,,,,,,,,,,,,,,,,,,,50.5,16.25,37.75,23.75,15.25,21.25,4.25,4.25,12.25,32.0,0.0,11.5,0.0,18.25,22.5,5.25,8.5,27.25,7.25,27.0,16.5,15.25,0.0,10.25,29.75,11.0,7.75,4.0,23.25,55.0,43.75,37.75,75.75,32.25,35.75,16.25,50.0,0.0,28.75,15.0,25.0,15.5,0.0,44.25,32.5,35.0,46.5,19.25,45.0,14.25,19.25,26.0,,,,,,,,,,,,
155,,,,,,,,,,,,,,,,,,,,,,,,,,14.5,0.0,35.75,50.0,19.0,0.0,24.25,4.5,9.25,22.0,12.25,8.75,21.75,0.0,13.5,14.25,0.0,0.0,28.5,10.75,10.5,9.75,14.5,0.0,9.5,10.0,5.0,47.0,14.0,49.25,66.5,63.25,35.25,50.0,22.0,44.75,0.0,64.0,18.25,36.75,10.0,17.75,9.25,35.0,20.75,16.0,33.5,15.75,47.0,43.5,27.0,,,,,,,,,,,,
156,,,,,,,,,,,,,,,,,,,,,,,,,,25.25,0.0,40.25,60.5,15.75,10.25,15.0,4.5,12.5,26.5,7.25,17.75,7.5,0.0,16.75,9.25,0.0,4.25,11.0,5.5,14.5,0.0,20.0,0.0,4.5,10.0,0.0,33.75,9.5,35.5,75.5,66.75,11.25,70.5,33.5,53.5,0.0,56.75,10.0,36.25,24.75,18.75,5.25,34.25,14.0,20.25,39.75,16.25,47.25,33.5,49.75,,,,,,,,,,,,
157,,,,,,,,,,,,,,,,,,,,,,,,,,,8.75,34.25,33.5,4.5,0.0,23.5,10.75,11.5,13.5,4.75,11.5,10.25,0.0,7.0,22.5,0.0,3.5,17.0,4.0,0.0,8.75,4.5,0.0,5.5,3.5,4.25,41.5,40.5,35.5,85.5,68.5,12.5,32.0,24.0,32.25,0.0,64.5,29.25,29.0,10.5,10.5,7.25,23.5,27.75,33.25,39.25,30.25,35.5,44.5,48.0,15.0,,,,,,,,,,,
158,,,,,,,,,,,,,,,,,,,,,,,,,,,8.75,34.25,33.5,4.5,0.0,23.5,10.75,11.5,13.5,4.75,11.5,10.25,0.0,7.0,22.25,0.0,3.5,17.0,4.0,0.0,8.75,4.5,0.0,5.5,3.5,4.25,41.5,40.5,35.75,85.25,68.5,12.5,32.0,24.0,32.5,0.0,64.5,29.25,29.25,10.5,10.5,7.25,23.5,28.0,33.25,39.0,30.25,35.75,44.0,48.25,14.75,,,,,,,,,,,
159,,,,,,,,,,,,,,,,,,,,,,,,,,,38.0,19.5,4.75,24.25,4.5,3.25,29.0,25.75,0.0,4.0,0.0,31.0,16.75,9.0,0.0,9.75,26.25,11.75,10.0,15.75,13.0,0.0,15.0,13.0,15.5,3.25,21.25,59.25,33.25,32.0,78.5,56.75,40.25,58.0,28.75,9.25,26.0,10.5,30.0,0.0,0.0,34.75,27.0,29.0,52.0,21.0,23.75,19.0,20.5,5.0,30.5,,,,,,,,,,,
160,,,,,,,,,,,,,,,,,,,,,,,,,,,,21.0,28.5,10.25,16.25,29.75,5.25,24.0,12.75,13.5,13.75,13.5,0.0,18.25,9.25,0.0,0.0,11.25,6.0,12.0,4.75,16.0,0.0,15.75,10.5,4.0,60.25,14.75,44.25,81.75,46.0,21.75,22.25,26.0,54.25,0.0,54.5,30.75,13.75,19.25,9.75,5.75,25.25,15.75,25.0,24.5,39.75,35.0,27.25,69.0,17.5,29.25,,,,,,,,,,
161,,,,,,,,,,,,,,,,,,,,,,,,,,,,13.75,26.5,13.0,9.5,32.5,12.75,7.75,13.0,3.25,8.0,8.5,0.0,13.0,8.5,0.0,10.75,16.0,18.5,10.25,0.0,13.5,0.0,4.75,4.75,4.5,52.0,12.0,41.5,80.75,70.25,36.75,38.0,16.0,48.5,0.0,46.5,12.5,25.75,10.0,13.0,4.5,19.5,4.25,33.75,31.0,35.25,46.25,47.5,35.25,39.75,10.5,,,,,,,,,,
162,,,,,,,,,,,,,,,,,,,,,,,,,,,,13.75,7.75,3.25,8.75,5.0,34.75,12.0,0.0,11.0,0.0,16.75,18.5,7.25,10.0,12.5,15.25,9.5,7.0,0.0,7.5,4.75,11.75,0.0,20.5,3.0,14.0,39.0,34.5,38.0,89.75,49.75,31.0,28.75,27.5,11.25,23.0,11.25,19.0,8.0,0.0,38.5,14.75,14.75,18.5,9.75,4.0,12.0,14.0,25.75,25.75,0.0,,,,,,,,,,
163,,,,,,,,,,,,,,,,,,,,,,,,,,,,,44.0,4.75,8.5,36.0,7.5,20.25,10.25,3.0,12.0,11.0,0.0,11.5,4.25,0.0,10.0,22.25,4.75,10.5,4.75,4.5,0.0,5.25,0.0,0.0,53.25,22.25,53.0,84.75,73.5,10.25,33.25,13.25,61.5,0.0,48.75,12.75,14.5,9.0,18.75,0.0,31.25,18.25,16.0,14.5,14.75,46.0,33.5,52.0,11.0,14.25,0.0,,,,,,,,,
164,,,,,,,,,,,,,,,,,,,,,,,,,,,,,31.0,6.75,12.5,12.0,51.0,5.5,0.0,14.75,0.0,36.0,11.0,5.25,4.5,6.0,26.0,13.75,42.25,0.0,19.5,29.75,56.25,11.25,18.25,34.0,18.75,55.0,71.75,32.75,70.0,50.25,40.75,27.0,32.25,0.0,15.5,0.0,16.25,29.5,16.75,34.25,44.75,16.75,47.5,39.75,22.25,5.0,39.5,6.25,19.0,13.75,28.25,,,,,,,,,
165,,,,,,,,,,,,,,,,,,,,,,,,,,,,,36.0,5.0,3.75,16.5,0.0,12.75,11.25,1.75,11.5,13.0,0.0,14.5,10.25,0.0,2.25,21.25,6.0,0.0,3.75,2.0,0.0,7.25,0.0,0.0,43.75,2.0,34.75,57.75,47.5,13.25,33.75,15.25,24.25,0.0,50.5,6.5,16.5,9.75,11.75,2.0,11.25,18.5,19.5,17.5,33.5,19.75,10.25,36.25,4.25,9.75,0.0,,,,,,,,,
166,,,,,,,,,,,,,,,,,,,,,,,,,,,,,38.0,11.0,13.5,41.0,0.0,5.75,40.75,3.75,4.0,31.5,0.0,5.5,28.75,0.0,14.75,27.5,11.75,6.25,7.0,11.0,0.0,0.0,13.0,12.5,54.25,35.75,45.25,76.75,53.0,54.75,27.25,35.5,51.25,0.0,55.75,22.5,22.25,18.75,22.75,4.5,41.75,39.75,25.0,22.5,54.75,46.25,38.75,67.5,42.5,21.0,0.0,,,,,,,,,
167,,,,,,,,,,,,,,,,,,,,,,,,,,,,,,0.0,4.5,3.75,24.25,20.25,0.0,13.5,0.0,20.0,16.0,0.0,10.0,23.0,12.75,7.75,7.5,12.0,3.5,0.0,11.25,4.25,15.0,3.0,25.0,62.0,37.0,28.25,88.0,43.5,40.75,19.25,29.75,4.0,14.75,10.25,18.25,18.75,0.0,26.0,10.5,22.5,44.75,13.25,25.5,11.25,5.0,19.25,21.0,0.0,0.0,0.0,,,,,,,,
168,,,,,,,,,,,,,,,,,,,,,,,,,,,,,,0.0,8.75,15.25,3.5,6.75,22.5,3.0,17.75,9.5,0.0,21.75,14.5,0.0,12.0,8.75,0.0,4.0,7.25,0.0,0.0,3.75,4.75,0.0,61.5,27.75,34.5,86.75,76.75,29.0,30.0,19.75,43.25,0.0,55.75,14.5,13.25,4.25,11.0,8.25,27.0,23.0,12.25,23.0,21.25,31.0,23.25,29.25,16.0,4.25,0.0,10.5,,,,,,,,
169,,,,,,,,,,,,,,,,,,,,,,,,,,,,,,12.0,0.0,0.0,6.5,29.75,0.0,11.75,0.0,9.25,5.75,10.5,7.5,11.75,8.25,13.25,11.25,16.25,7.25,7.5,13.75,3.0,3.5,3.75,28.75,70.25,30.75,19.25,69.5,53.0,31.75,31.25,19.25,7.5,16.75,14.0,17.5,10.75,0.0,29.0,11.75,10.0,35.0,9.0,16.0,15.25,12.0,3.75,29.75,0.0,0.0,0.0,,,,,,,,
170,,,,,,,,,,,,,,,,,,,,,,,,,,,,,,16.5,0.0,0.0,19.25,32.5,0.0,10.75,0.0,8.25,16.25,0.0,4.25,21.0,16.75,11.5,7.5,13.5,11.75,12.5,25.25,2.5,4.75,0.0,27.5,49.25,39.0,38.75,93.25,35.5,48.0,38.75,52.5,4.25,26.0,2.25,9.0,17.0,0.0,36.25,0.0,16.75,34.25,12.0,16.5,10.75,26.75,18.75,20.75,0.0,0.0,0.0,,,,,,,,
171,,,,,,,,,,,,,,,,,,,,,,,,,,,,,,20.0,4.25,16.0,19.75,0.0,3.0,7.0,0.0,18.75,6.5,0.0,0.0,0.0,18.5,4.25,17.75,0.0,12.25,29.25,15.75,3.75,3.75,21.25,31.25,59.5,48.75,22.25,65.5,26.0,20.0,29.25,19.25,0.0,14.5,0.0,7.75,11.25,19.25,13.25,39.75,4.25,21.75,67.0,18.25,9.0,56.75,0.0,12.75,13.0,28.5,5.0,,,,,,,,
172,,,,,,,,,,,,,,,,,,,,,,,,,,,,,,,8.5,31.25,6.5,14.75,14.75,7.25,11.75,7.25,0.0,8.5,16.75,0.0,9.25,14.75,17.5,0.0,5.0,0.0,0.0,3.75,9.75,3.75,47.5,28.0,37.75,96.25,69.25,32.25,29.0,37.75,37.0,0.0,65.0,7.0,29.0,8.25,4.5,0.0,9.25,24.75,20.75,29.0,26.25,53.75,33.5,37.0,22.75,19.25,0.0,4.25,,,,,,,,
173,,,,,,,,,,,,,,,,,,,,,,,,,,,,,,,7.5,24.25,7.75,8.5,25.25,3.5,10.75,6.5,0.0,11.25,11.0,0.0,18.25,18.0,5.0,4.25,4.0,9.0,0.0,8.75,13.25,7.25,45.5,22.0,54.5,92.75,39.0,17.75,16.5,41.0,48.0,0.0,48.75,7.25,26.5,8.5,8.5,0.0,32.5,4.25,12.25,24.5,27.0,37.25,28.5,48.25,17.5,15.25,0.0,0.0,9.5,,,,,,,
174,,,,,,,,,,,,,,,,,,,,,,,,,,,,,,,6.0,32.25,5.5,10.25,24.0,8.25,12.75,17.75,0.0,14.25,19.25,0.0,0.0,11.25,10.5,4.0,10.0,11.25,0.0,10.75,15.25,4.75,63.25,11.5,53.25,79.0,54.75,5.25,36.25,29.5,47.75,0.0,56.75,10.0,36.25,16.5,5.5,0.0,48.0,22.5,18.75,46.5,27.0,39.25,30.0,40.0,21.75,27.5,0.0,5.0,27.25,,,,,,,
175,,,,,,,,,,,,,,,,,,,,,,,,,,,,,,,5.75,14.25,9.25,15.0,12.5,8.0,18.0,13.5,0.0,8.25,15.0,0.0,11.5,18.25,10.75,12.0,0.0,10.75,0.0,6.0,9.75,0.0,75.0,40.0,43.0,76.0,72.25,30.75,41.75,41.25,57.0,0.0,67.75,13.75,41.75,13.5,10.0,0.0,25.0,29.0,26.75,47.0,40.5,33.5,33.75,41.5,20.75,28.25,0.0,0.0,13.5,,,,,,,
176,,,,,,,,,,,,,,,,,,,,,,,,,,,,,,,6.25,9.5,16.25,21.5,0.0,11.75,0.0,19.0,14.75,2.0,0.0,21.5,4.5,16.75,26.75,9.0,8.5,0.0,7.75,0.0,17.75,0.0,13.5,52.25,37.25,6.75,66.25,51.75,44.0,23.25,28.5,4.5,26.5,2.0,19.0,10.5,0.0,35.25,22.25,16.5,63.5,7.75,30.0,0.0,8.25,19.5,27.75,0.0,0.0,0.0,9.0,,,,,,,
177,,,,,,,,,,,,,,,,,,,,,,,,,,,,,,,4.5,13.5,16.0,0.0,10.5,10.25,0.0,15.0,10.75,0.0,12.0,0.0,33.0,10.5,26.75,0.0,12.75,25.0,20.5,16.75,9.0,29.0,45.0,45.25,56.0,50.75,73.0,36.75,25.0,52.25,28.0,0.0,19.75,0.0,19.75,22.75,15.5,33.25,27.25,0.0,31.75,56.25,23.75,19.5,66.0,0.0,15.0,5.0,40.5,21.25,0.0,,,,,,,
178,,,,,,,,,,,,,,,,,,,,,,,,,,,,,,,,5.0,19.5,23.75,0.0,7.75,0.0,28.0,8.75,0.0,4.75,25.0,7.25,19.0,9.75,4.5,10.0,12.0,27.75,5.0,18.75,0.0,20.0,67.5,56.75,44.25,72.75,59.5,43.5,27.75,51.25,15.0,26.5,15.25,18.75,24.0,0.0,55.5,33.75,15.25,41.5,18.75,15.5,24.5,0.0,15.5,24.0,0.0,0.0,0.0,19.75,16.75,,,,,,
179,,,,,,,,,,,,,,,,,,,,,,,,,,,,,,,,4.0,19.75,11.5,0.0,10.0,0.0,8.0,15.75,3.5,5.0,13.75,18.75,25.0,14.0,18.5,0.0,8.0,25.5,5.0,14.0,3.75,8.75,63.5,32.0,23.0,57.0,55.25,50.25,25.75,43.0,0.0,7.75,3.5,17.75,12.5,0.0,42.25,31.75,12.25,38.75,9.5,19.5,0.0,0.0,24.75,38.0,0.0,0.0,0.0,28.75,11.5,,,,,,
180,,,,,,,,,,,,,,,,,,,,,,,,,,,,,,,,11.0,29.75,0.0,4.5,17.5,0.0,7.75,4.75,0.0,4.25,0.0,6.25,15.75,20.75,0.0,8.25,18.25,13.5,5.25,14.5,41.75,34.25,47.25,52.25,19.0,58.0,49.0,30.25,25.0,32.75,0.0,21.5,0.0,13.5,9.75,17.25,47.75,42.0,14.75,44.0,77.0,16.75,16.0,41.5,0.0,14.25,10.5,28.25,19.25,0.0,17.75,,,,,,
181,,,,,,,,,,,,,,,,,,,,,,,,,,,,,,,,,12.25,13.25,20.5,2.75,11.25,6.75,0.0,11.75,7.0,0.0,9.5,10.75,4.0,3.5,13.0,4.0,0.0,8.0,10.25,13.5,45.5,29.75,43.0,71.5,70.5,9.5,26.25,36.0,50.5,0.0,36.0,13.5,42.0,18.0,4.5,0.0,12.75,14.25,22.75,37.25,43.5,56.25,22.75,72.25,17.0,17.0,0.0,0.0,20.5,6.0,0.0,,,,,
182,,,,,,,,,,,,,,,,,,,,,,,,,,,,,,,,,38.75,0.0,8.75,0.0,0.0,8.75,4.5,0.0,4.0,0.0,23.25,6.0,38.25,0.0,10.5,19.75,40.0,0.0,10.5,44.75,59.5,54.5,61.5,38.75,77.0,58.25,14.75,54.25,25.5,0.0,28.0,0.0,5.0,24.75,0.0,31.0,37.5,17.0,28.75,68.75,28.0,4.5,60.75,0.0,27.25,22.75,19.75,12.0,0.0,13.0,0.0,,,,,
183,,,,,,,,,,,,,,,,,,,,,,,,,,,,,,,,,4.25,30.25,0.0,3.25,0.0,12.0,25.75,3.5,3.75,7.75,11.75,13.5,6.0,9.0,7.75,7.75,0.0,8.25,4.25,4.5,18.5,40.0,31.5,39.0,69.0,45.0,34.25,21.25,33.25,7.25,20.25,19.75,18.0,18.5,0.0,33.5,23.5,35.5,21.5,5.75,15.0,12.75,18.5,17.5,27.75,0.0,0.0,0.0,10.25,15.5,0.0,,,,,
184,,,,,,,,,,,,,,,,,,,,,,,,,,,,,,,,,,14.75,0.0,11.25,0.0,12.25,15.25,7.0,12.5,25.75,16.75,21.5,30.75,0.0,9.0,10.0,13.75,8.25,5.25,4.25,11.25,84.5,57.5,32.0,84.0,59.0,59.0,21.0,27.25,5.0,36.75,18.0,15.25,10.5,0.0,46.25,16.25,29.5,51.5,12.75,10.75,6.0,10.0,14.5,30.25,0.0,0.0,0.0,4.25,12.75,0.0,19.0,,,,
185,,,,,,,,,,,,,,,,,,,,,,,,,,,,,,,,,,6.75,16.0,5.5,13.5,11.25,0.0,9.75,14.0,0.0,12.75,18.0,0.0,3.5,0.0,7.25,0.0,4.75,12.75,4.5,49.75,17.5,36.75,100.0,56.5,22.25,23.0,22.5,34.25,0.0,52.75,16.25,17.5,0.0,11.5,0.0,17.5,11.75,21.25,15.75,20.0,44.25,28.75,46.5,18.75,26.5,0.0,4.25,27.0,0.0,0.0,0.0,,,,
186,,,,,,,,,,,,,,,,,,,,,,,,,,,,,,,,,,4.5,12.0,8.25,8.25,5.25,0.0,4.25,13.75,0.0,28.0,12.25,17.5,10.0,15.75,31.0,10.25,0.0,20.5,23.75,61.5,49.5,64.5,73.25,43.5,47.0,23.25,22.25,57.5,0.0,44.5,8.5,27.25,10.0,10.25,33.0,15.75,10.0,27.5,51.5,33.75,11.25,56.5,31.25,10.5,22.5,24.0,6.0,18.75,19.75,0.0,12.25,,,,
187,,,,,,,,,,,,,,,,,,,,,,,,,,,,,,,,,,0.0,0.0,16.25,0.0,8.75,3.5,0.0,3.75,0.0,22.25,6.75,37.0,0.0,16.5,44.5,21.5,9.0,11.0,32.5,45.25,51.0,74.0,43.75,40.25,37.0,15.5,16.75,32.5,0.0,14.5,0.0,10.5,31.5,15.5,37.0,22.25,9.0,36.75,61.25,25.0,10.5,83.25,0.0,10.25,20.75,30.5,17.75,0.0,36.25,0.0,7.0,,,,
188,,,,,,,,,,,,,,,,,,,,,,,,,,,,,,,,,,15.5,0.0,18.25,4.25,21.5,7.75,15.75,0.0,12.75,4.5,26.75,0.0,26.25,13.5,4.0,13.25,4.75,13.25,4.5,28.5,67.5,42.75,61.5,74.25,57.0,47.0,20.0,32.5,8.25,28.75,7.5,12.75,17.0,4.5,37.0,18.0,22.25,35.0,20.5,22.25,17.5,25.75,37.25,19.25,10.5,0.0,6.0,10.5,10.75,0.0,5.5,12.0,,,
189,,,,,,,,,,,,,,,,,,,,,,,,,,,,,,,,,,5.0,25.5,8.0,8.75,4.0,0.0,13.25,0.0,0.0,6.0,17.25,0.0,5.5,10.0,0.0,0.0,14.25,0.0,5.0,70.75,22.75,44.75,89.25,59.5,36.0,38.0,28.0,53.25,0.0,47.0,0.0,19.25,19.25,14.0,0.0,29.75,16.0,30.75,39.75,22.5,42.25,49.0,38.75,10.25,33.5,0.0,12.75,6.25,13.0,0.0,5.5,18.75,,,
190,,,,,,,,,,,,,,,,,,,,,,,,,,,,,,,,,,,9.25,8.25,5.25,14.5,0.0,0.0,15.25,0.0,22.5,12.0,9.75,0.0,6.0,23.75,4.5,0.0,5.0,9.25,68.5,25.0,46.0,62.75,78.25,51.25,30.5,43.25,37.25,0.0,63.5,15.25,14.5,5.0,15.5,9.0,27.75,0.0,20.25,41.25,38.0,50.25,27.25,41.0,23.25,29.25,10.75,0.0,14.5,12.5,0.0,6.0,20.0,,,
191,,,,,,,,,,,,,,,,,,,,,,,,,,,,,,,,,,,8.0,11.25,0.0,8.5,0.0,0.0,9.0,0.0,15.25,15.5,8.25,0.0,13.25,23.75,23.25,10.25,10.0,23.5,58.75,52.5,74.25,53.0,42.75,50.5,37.75,23.75,47.5,0.0,13.75,4.75,18.5,8.75,17.75,18.75,32.0,9.5,44.0,58.75,20.5,20.0,49.0,17.75,23.5,15.0,36.25,6.5,0.0,23.0,0.0,14.75,0.0,,,
192,,,,,,,,,,,,,,,,,,,,,,,,,,,,,,,,,,,17.5,0.0,0.0,13.0,4.25,0.0,0.0,0.0,17.0,6.5,30.0,6.0,10.0,18.0,31.0,4.5,5.25,31.5,26.25,55.75,47.75,54.0,64.75,61.0,15.0,56.5,28.5,0.0,24.75,5.25,0.0,10.0,12.75,18.75,25.75,0.0,26.25,65.25,25.0,37.0,62.0,6.25,31.25,28.25,6.0,12.5,15.0,35.25,0.0,11.5,0.0,6.75,,
193,,,,,,,,,,,,,,,,,,,,,,,,,,,,,,,,,,,13.75,9.5,8.0,16.25,5.75,4.0,0.0,0.0,5.5,18.75,32.0,4.75,21.0,25.75,13.5,0.0,4.75,43.0,55.0,30.5,55.0,72.5,74.75,52.25,19.5,68.75,37.5,0.0,31.75,4.25,19.25,26.5,10.75,27.0,31.5,21.5,44.5,66.25,10.25,22.25,30.25,5.0,20.75,10.25,37.75,8.25,0.0,22.75,0.0,11.5,0.0,23.5,,
194,,,,,,,,,,,,,,,,,,,,,,,,,,,,,,,,,,,,13.75,0.0,25.5,4.0,0.0,9.25,0.0,7.5,7.75,33.75,0.0,5.5,23.75,9.0,9.75,4.75,52.5,42.25,53.0,58.0,55.75,61.0,29.0,18.75,70.0,32.25,0.0,51.0,0.0,14.25,8.75,4.25,10.0,24.0,11.75,48.75,49.25,15.0,17.5,71.5,14.75,18.25,23.75,10.5,5.5,8.75,39.0,0.0,16.5,8.75,30.25,,
195,,,,,,,,,,,,,,,,,,,,,,,,,,,,,,,,,,,,4.5,7.75,15.25,4.5,11.75,12.75,0.0,4.25,16.0,29.5,0.0,5.25,25.0,9.5,13.5,4.0,28.0,44.25,42.5,46.5,83.25,52.5,30.5,29.5,42.25,40.5,0.0,50.75,3.5,12.0,13.0,5.25,10.0,45.25,13.5,24.0,16.0,9.75,27.75,35.25,35.25,19.5,21.25,16.75,5.5,11.75,30.5,0.0,10.75,10.0,5.75,,
196,,,,,,,,,,,,,,,,,,,,,,,,,,,,,,,,,,,,,9.0,17.0,0.0,3.0,20.0,0.0,7.0,12.5,8.5,0.0,3.5,10.25,0.0,0.0,4.0,0.0,53.5,27.0,43.5,84.5,60.75,16.75,33.5,33.75,30.5,0.0,45.0,9.5,25.5,9.25,18.0,0.0,22.25,31.75,40.75,41.25,39.0,25.75,39.5,59.0,23.0,16.0,0.0,5.75,17.75,9.0,0.0,4.5,24.25,14.0,13.25,
197,,,,,,,,,,,,,,,,,,,,,,,,,,,,,,,,,,,,,0.0,27.25,9.0,0.0,4.75,0.0,24.0,18.25,37.5,0.0,16.0,15.5,34.75,10.25,5.5,35.0,48.75,30.25,77.5,17.0,77.0,43.0,15.25,54.0,24.0,0.0,9.0,0.0,5.0,34.75,14.5,26.0,64.5,32.0,45.0,78.0,17.0,10.5,61.75,0.0,23.5,17.0,36.25,0.0,0.0,26.0,0.0,19.0,0.0,38.75,46.75,
198,,,,,,,,,,,,,,,,,,,,,,,,,,,,,,,,,,,,,0.0,11.75,2.5,6.75,6.75,7.25,14.25,11.5,11.5,10.75,7.5,6.5,15.0,10.5,14.75,13.25,12.25,55.75,32.25,17.75,70.25,38.5,36.25,21.0,24.75,4.5,22.75,5.25,6.0,12.5,0.0,48.25,5.5,16.25,15.5,3.25,6.0,6.75,3.0,11.75,16.25,0.0,0.0,0.0,13.5,14.0,0.0,8.75,0.0,8.0,0.0,
199,,,,,,,,,,,,,,,,,,,,,,,,,,,,,,,,,,,,,0.0,34.75,11.25,5.5,9.25,20.75,8.5,15.5,8.0,23.5,10.0,6.75,24.5,3.75,17.0,8.25,19.75,72.0,39.75,20.25,43.75,58.5,49.75,19.75,47.5,13.25,16.5,11.75,0.0,17.75,0.0,30.25,7.0,26.0,38.75,7.0,18.25,13.0,13.75,17.25,15.75,0.0,0.0,0.0,24.25,24.5,0.0,6.75,0.0,8.5,0.0,
200,,,,,,,,,,,,,,,,,,,,,,,,,,,,,,,,,,,,,18.5,0.0,0.0,4.0,25.0,0.0,3.75,14.75,4.5,3.5,14.5,5.75,0.0,13.0,15.5,12.25,84.5,36.25,54.5,73.25,53.5,28.75,33.75,16.75,44.75,0.0,22.0,25.25,12.0,4.25,14.25,0.0,22.5,15.0,19.75,41.75,47.0,40.25,45.25,49.25,0.0,6.0,0.0,16.5,17.25,7.5,0.0,16.0,28.75,13.25,26.0,21.5
201,,,,,,,,,,,,,,,,,,,,,,,,,,,,,,,,,,,,,0.0,8.5,0.0,0.0,4.0,0.0,22.75,12.75,21.25,0.0,10.25,28.25,33.0,0.0,0.0,59.5,28.75,70.25,74.5,46.75,42.0,65.0,15.5,42.75,14.75,0.0,14.25,0.0,13.75,9.5,15.0,24.75,16.25,9.25,44.0,57.25,39.25,9.75,56.25,0.0,34.0,11.25,55.75,12.75,0.0,16.25,0.0,12.5,0.0,26.0,72.0,46.5
202,,,,,,,,,,,,,,,,,,,,,,,,,,,,,,,,,,,,,,10.5,0.0,13.25,7.75,0.0,16.25,4.75,8.5,4.25,12.5,8.25,0.0,3.75,4.0,0.0,47.25,16.25,28.0,70.0,33.5,32.5,71.5,29.25,43.25,0.0,50.0,22.5,27.0,20.5,18.0,0.0,19.0,31.0,24.5,21.75,45.0,35.75,16.5,53.75,25.75,32.5,0.0,13.5,24.75,10.0,0.0,4.75,20.75,31.0,28.75,0.0
203,,,,,,,,,,,,,,,,,,,,,,,,,,,,,,,,,,,,,,12.5,5.0,0.0,4.5,0.0,14.25,6.75,45.0,0.0,16.25,17.75,51.25,10.25,4.75,43.0,30.75,58.75,76.0,47.5,75.0,50.75,18.0,35.5,21.0,0.0,9.5,0.0,5.5,32.5,12.0,30.25,26.25,11.75,52.0,42.25,35.75,18.5,60.5,0.0,26.0,14.0,40.25,0.0,0.0,22.5,0.0,24.25,0.0,27.5,53.5,67.0
204,,,,,,,,,,,,,,,,,,,,,,,,,,,,,,,,,,,,,,18.25,0.0,0.0,8.25,0.0,27.5,0.0,18.75,0.0,8.25,31.25,18.75,3.75,6.25,48.25,34.5,48.75,58.75,32.5,80.5,41.5,16.5,54.0,30.0,0.0,7.25,0.0,7.5,14.75,13.5,22.0,38.25,14.0,38.0,65.0,28.0,8.5,61.25,0.0,20.25,29.5,10.75,5.25,0.0,23.25,0.0,4.75,0.0,24.5,43.5,51.25
