,2020-03-01,2020-03-08,2020-03-15,2020-03-22,2020-03-29,2020-04-05,2020-04-12,2020-04-19,2020-04-26,2020-05-03,2020-05-10,2020-05-17,2020-05-24,2020-05-31,2020-06-07,2020-06-14,2020-06-21,2020-06-28,2020-07-05,2020-07-12,2020-07-19,2020-07-26,2020-08-02,2020-08-09,2020-08-16,2020-08-23,2020-08-30,2020-09-06,2020-09-13,2020-09-20,2020-09-27,2020-10-04,2020-10-11,2020-10-18,2020-10-25,2020-11-01,2020-11-08,2020-11-15,2020-11-22,2020-11-29,2020-12-06,2020-12-13,2020-12-20,2020-12-27,2021-01-03,2021-01-10,2021-01-17,2021-01-24,2021-01-31,2021-02-07,2021-02-14,2021-02-21,2021-02-28,2021-03-07,2021-03-14,2021-03-21,2021-03-28,2021-04-04,2021-04-11,2021-04-18,2021-04-25,2021-05-02,2021-05-09,2021-05-16,2021-05-23
0,0.0,0.0,7.25,59.0,21.75,0.0,20.25,50.25,12.0,0.0,0.0,0.0,0.0,0.0,0.0,5.75,20.5,11.25,41.5,62.0,33.0,73.25,55.0,56.5,53.5,26.25,43.0,24.25,0.0,0.0,19.25,13.75,6.75,0.0,0.0,31.25,11.25,0.0,0.0,11.5,39.25,0.0,14.25,0.0,8.25,61.0,11.75,20.0,0.0,12.25,0.0,,,,,,,,,,,,,,
1,0.0,0.0,30.25,0.0,0.0,40.0,22.0,27.75,41.5,9.5,0.0,0.0,39.25,7.5,6.0,0.0,0.0,6.25,0.0,25.5,42.25,41.0,87.5,18.5,0.0,19.0,27.75,12.75,33.0,22.5,13.75,0.0,0.0,12.75,36.5,0.0,8.25,17.75,0.0,18.75,0.0,15.5,0.0,9.75,0.0,45.5,0.0,18.5,0.0,20.5,33.5,,,,,,,,,,,,,,
2,0.0,0.0,18.75,69.75,20.25,0.0,21.0,20.75,10.75,0.0,0.0,0.0,0.0,0.0,0.0,7.75,14.0,36.5,19.75,50.0,50.5,71.75,43.5,58.5,55.5,40.25,10.0,11.25,13.0,0.0,26.25,18.5,11.75,0.0,0.0,0.0,0.0,0.0,0.0,25.0,6.0,0.0,23.0,0.0,20.5,34.5,17.25,18.75,0.0,20.0,0.0,,,,,,,,,,,,,,
3,0.0,0.0,4.5,35.25,19.0,12.25,17.25,31.25,12.25,0.0,14.25,0.0,0.0,0.0,0.0,4.75,11.25,22.75,26.75,70.75,55.75,55.75,33.25,37.0,38.75,61.5,16.0,8.0,0.0,0.0,17.5,14.5,17.5,0.0,0.0,16.5,12.25,0.0,0.0,23.25,46.0,0.0,6.0,0.0,11.75,21.5,6.25,13.0,0.0,13.5,0.0,,,,,,,,,,,,,,
4,0.0,0.0,7.5,19.75,3.5,19.0,6.75,40.5,30.0,9.5,7.0,0.0,10.75,0.0,11.25,8.0,17.0,15.25,12.5,37.75,42.75,42.25,28.75,41.5,8.5,16.25,12.0,45.5,12.25,37.0,4.5,8.5,9.0,13.0,11.75,0.0,8.0,0.0,0.0,24.5,12.0,0.0,5.25,0.0,8.75,21.5,8.25,11.75,0.0,4.25,37.5,,,,,,,,,,,,,,
5,0.0,0.0,31.5,71.0,22.75,7.5,19.25,45.0,15.75,0.0,5.25,0.0,0.0,0.0,0.0,7.75,29.5,23.5,12.0,25.25,37.25,50.5,60.0,74.0,44.75,53.25,16.75,19.0,12.5,0.0,9.0,16.5,0.0,0.0,0.0,8.25,6.0,0.0,0.0,19.0,22.75,0.0,17.75,0.0,22.0,20.25,0.0,8.0,0.0,4.25,0.0,,,,,,,,,,,,,,
6,0.0,0.0,29.25,33.75,21.5,7.25,6.5,33.0,23.5,0.0,0.0,0.0,7.0,0.0,0.0,0.0,6.5,42.5,18.25,12.5,71.5,44.5,53.0,41.5,31.0,61.75,33.5,28.75,0.0,0.0,20.25,0.0,0.0,0.0,0.0,17.75,0.0,0.0,0.0,18.5,30.0,0.0,14.5,9.25,0.0,13.0,19.0,12.0,0.0,12.5,0.0,,,,,,,,,,,,,,
7,0.0,0.0,18.25,0.0,0.0,33.75,0.0,7.0,47.25,13.0,0.0,0.0,39.0,32.25,15.5,0.0,0.0,11.25,0.0,45.75,51.0,75.0,64.75,12.0,0.0,48.75,27.75,54.25,38.5,33.5,0.0,0.0,0.0,8.75,19.0,0.0,16.0,11.5,0.0,20.5,0.0,17.0,0.0,29.0,0.0,21.0,0.0,11.75,0.0,12.0,17.0,,,,,,,,,,,,,,
8,0.0,0.0,20.0,59.75,28.0,0.0,29.25,54.5,0.0,0.0,5.5,0.0,0.0,0.0,0.0,21.5,12.75,6.0,28.25,40.5,69.75,67.75,70.0,97.0,58.75,63.25,16.5,19.75,16.5,0.0,24.75,16.0,13.75,0.0,0.0,0.0,0.0,0.0,0.0,16.0,6.0,0.0,19.5,0.0,17.5,36.75,0.0,22.0,0.0,12.25,0.0,,,,,,,,,,,,,,
9,0.0,5.25,22.25,20.25,0.0,17.0,10.5,15.25,10.5,9.5,10.5,0.0,11.0,0.0,0.0,0.0,0.0,0.0,24.75,19.25,38.75,80.5,80.5,50.0,19.25,37.0,0.0,31.25,0.0,6.5,20.5,12.25,0.0,6.5,0.0,12.0,6.0,11.5,0.0,12.0,12.5,25.25,0.0,14.75,6.5,18.75,12.25,0.0,0.0,12.5,19.5,,,,,,,,,,,,,,
10,,0.0,38.5,44.0,23.0,16.75,13.75,26.75,13.25,0.0,7.25,0.0,0.0,0.0,0.0,0.0,18.75,32.75,59.5,69.25,27.75,60.5,68.25,65.5,62.75,65.25,18.75,19.5,0.0,0.0,17.5,10.5,17.0,0.0,0.0,8.0,15.75,0.0,0.0,18.25,25.5,0.0,29.75,0.0,28.0,16.5,8.0,0.0,0.0,8.0,0.0,16.75,,,,,,,,,,,,,
11,,0.0,41.5,0.0,0.0,47.25,6.75,7.25,32.25,12.75,0.0,0.0,35.25,0.0,21.25,0.0,0.0,15.5,0.0,14.5,80.5,83.5,83.25,8.25,0.0,16.25,36.5,39.75,31.25,13.0,8.75,0.0,0.0,6.75,15.0,0.0,7.75,0.0,0.0,14.5,0.0,6.5,0.0,26.75,0.0,14.75,0.0,8.25,0.0,0.0,23.0,0.0,,,,,,,,,,,,,
12,,0.0,48.5,0.0,12.75,38.0,11.75,30.25,35.0,7.25,0.0,0.0,8.25,8.75,9.5,0.0,0.0,15.0,5.25,5.25,75.25,70.0,58.25,41.0,20.5,24.75,21.25,26.5,20.0,25.75,10.5,0.0,0.0,17.25,9.0,0.0,0.0,15.0,0.0,10.0,10.25,27.25,0.0,13.5,0.0,26.0,10.0,15.0,0.0,10.0,6.5,0.0,,,,,,,,,,,,,
13,,0.0,28.25,40.25,13.75,3.75,17.25,25.0,8.75,0.0,4.25,3.5,0.0,3.75,0.0,6.0,10.5,18.5,45.25,16.25,46.0,58.25,56.25,76.25,42.0,54.25,23.75,26.75,6.5,4.5,13.5,10.25,0.0,0.0,0.0,6.25,10.25,0.0,0.0,12.5,11.25,5.25,15.5,0.0,0.0,35.75,6.25,6.0,0.0,5.0,20.25,6.0,,,,,,,,,,,,,
14,,0.0,47.25,0.0,0.0,29.0,7.0,57.75,7.25,13.0,0.0,0.0,38.0,10.25,12.25,0.0,0.0,0.0,0.0,31.5,42.25,71.5,72.75,0.0,0.0,32.0,49.25,41.5,34.0,40.75,13.0,0.0,0.0,21.5,8.0,0.0,16.0,11.0,0.0,11.5,0.0,8.25,0.0,22.75,0.0,45.0,0.0,28.5,0.0,8.0,21.5,0.0,,,,,,,,,,,,,
15,,0.0,33.5,60.5,26.5,21.25,25.75,34.75,7.0,0.0,0.0,0.0,0.0,0.0,0.0,0.0,16.25,29.25,44.0,60.25,68.25,40.0,61.0,67.0,70.75,37.5,17.5,38.25,0.0,0.0,41.5,22.5,0.0,0.0,0.0,16.75,16.0,0.0,0.0,24.5,32.5,0.0,18.25,0.0,18.0,32.25,16.75,6.0,0.0,7.75,0.0,15.0,,,,,,,,,,,,,
16,,0.0,18.25,27.75,5.25,18.5,18.5,35.75,15.5,0.0,5.5,0.0,5.5,5.75,0.0,7.5,12.5,19.5,26.5,18.75,33.75,94.75,67.0,54.0,35.25,40.25,27.25,19.5,6.25,6.5,8.5,8.0,7.0,6.75,0.0,8.0,6.0,0.0,0.0,12.5,24.0,0.0,0.0,7.25,6.75,13.0,8.0,14.0,0.0,6.25,0.0,13.25,,,,,,,,,,,,,
17,,0.0,12.75,62.25,20.5,0.0,45.5,32.75,5.25,0.0,5.25,0.0,0.0,0.0,0.0,7.75,22.5,29.0,29.5,47.75,56.0,75.5,60.5,39.75,50.0,43.5,14.25,38.0,8.25,0.0,21.5,6.25,17.5,0.0,0.0,7.75,5.75,0.0,0.0,16.0,15.75,0.0,7.5,0.0,8.5,25.75,0.0,16.5,0.0,14.0,0.0,27.5,,,,,,,,,,,,,
18,,8.25,20.25,0.0,15.75,8.25,42.5,15.0,0.0,0.0,4.25,11.5,0.0,0.0,0.0,12.0,12.0,0.0,36.75,15.0,55.25,79.5,72.25,40.5,50.75,24.25,29.25,39.25,0.0,8.25,0.0,25.75,0.0,0.0,0.0,4.75,0.0,8.25,0.0,0.0,9.0,30.5,0.0,35.75,12.75,13.25,11.75,0.0,4.75,7.5,26.75,0.0,25.75,,,,,,,,,,,,
19,,0.0,16.0,0.0,0.0,39.75,28.25,10.25,47.0,6.75,0.0,0.0,24.5,0.0,6.0,0.0,0.0,7.5,0.0,41.75,44.25,58.0,77.75,14.0,0.0,24.75,31.75,28.25,29.75,16.5,13.0,0.0,0.0,22.25,33.0,0.0,21.5,7.5,0.0,0.0,0.0,6.25,0.0,31.25,0.0,12.5,0.0,0.0,0.0,8.0,21.0,0.0,13.75,,,,,,,,,,,,
20,,,15.25,58.25,18.75,9.75,18.25,30.0,11.0,0.0,5.25,0.0,0.0,0.0,0.0,18.5,27.25,30.25,26.75,53.75,70.25,63.75,45.75,46.75,66.75,54.0,13.75,19.5,13.0,0.0,26.5,14.5,9.0,0.0,0.0,4.75,10.75,0.0,0.0,6.0,43.25,0.0,0.0,0.0,0.0,45.25,27.75,13.0,0.0,11.0,0.0,5.75,20.25,,,,,,,,,,,,
21,,,7.0,76.5,13.75,0.0,27.25,46.0,16.5,0.0,6.75,0.0,0.0,0.0,0.0,15.5,24.5,46.25,63.25,61.75,42.25,92.0,36.5,36.0,25.0,63.0,28.5,33.0,8.0,0.0,43.75,20.0,30.25,0.0,0.0,8.0,7.75,0.0,0.0,8.0,51.75,0.0,9.75,0.0,8.75,35.0,16.0,16.0,0.0,8.0,0.0,11.5,22.5,,,,,,,,,,,,
22,,,23.0,0.0,24.5,13.75,48.75,8.75,5.25,0.0,5.25,3.5,0.0,9.25,0.0,5.75,8.75,0.0,43.75,32.5,51.25,94.0,70.25,59.0,42.5,44.5,23.0,27.5,0.0,6.5,0.0,20.5,0.0,9.5,0.0,0.0,4.25,5.75,0.0,0.0,9.0,17.0,0.0,27.75,6.75,15.5,6.25,6.25,0.0,6.0,43.25,0.0,27.0,,,,,,,,,,,,
23,,,16.5,18.5,20.25,20.0,28.0,6.75,9.0,0.0,11.0,9.25,0.0,7.25,0.0,9.75,16.0,22.25,14.75,41.75,82.5,63.0,75.25,50.0,51.0,20.5,8.0,22.0,0.0,13.5,0.0,0.0,0.0,9.0,8.0,13.0,5.75,7.75,0.0,8.25,0.0,0.0,9.75,5.75,8.25,17.0,10.25,13.25,5.75,4.75,20.5,0.0,25.25,,,,,,,,,,,,
24,,,5.5,44.0,5.25,14.75,20.25,18.75,12.0,0.0,11.75,0.0,0.0,0.0,0.0,6.0,24.75,15.5,45.75,47.75,40.0,60.25,73.75,61.75,39.0,68.25,29.0,12.5,16.25,0.0,15.25,0.0,8.75,0.0,0.0,14.0,13.25,0.0,0.0,22.0,8.25,0.0,19.5,0.0,8.0,9.0,0.0,7.5,0.0,14.0,0.0,33.75,15.25,,,,,,,,,,,,
25,,,,0.0,13.5,4.5,34.75,12.25,0.0,0.0,22.25,3.0,0.0,8.5,0.0,3.25,8.5,0.0,40.0,21.75,39.5,80.0,82.75,33.0,56.0,28.75,8.5,29.75,0.0,10.5,0.0,11.75,0.0,5.25,0.0,4.75,9.75,8.25,0.0,0.0,9.5,10.25,0.0,34.75,0.0,19.0,8.5,8.25,11.25,11.0,19.5,0.0,12.75,20.5,,,,,,,,,,,
26,,,,57.0,34.75,13.0,11.75,48.75,6.25,0.0,17.75,0.0,0.0,0.0,0.0,7.5,14.5,21.0,39.5,36.0,59.25,70.0,55.0,73.75,53.0,54.0,6.75,14.0,7.75,0.0,20.25,20.5,15.5,0.0,0.0,8.0,21.25,0.0,0.0,8.0,14.0,0.0,17.5,0.0,13.5,30.0,6.25,0.0,0.0,6.5,0.0,0.0,19.0,15.25,,,,,,,,,,,
27,,,,56.5,11.0,11.75,6.5,21.75,10.25,0.0,13.75,0.0,0.0,0.0,0.0,4.75,18.25,32.25,8.0,53.25,40.75,73.75,62.25,81.75,34.25,27.0,29.25,0.0,15.75,0.0,19.25,7.75,19.0,0.0,0.0,20.25,12.75,0.0,0.0,0.0,20.5,0.0,15.75,0.0,5.25,22.25,18.0,13.0,0.0,5.0,0.0,9.25,22.25,22.25,,,,,,,,,,,
28,,,,0.0,14.75,12.75,34.5,7.75,4.25,0.0,12.0,3.5,0.0,0.0,0.0,11.5,8.25,0.0,37.75,40.75,54.25,53.75,100.0,24.0,31.0,49.0,24.0,13.5,0.0,9.75,0.0,8.25,0.0,0.0,0.0,5.0,4.25,0.0,0.0,0.0,10.25,21.25,0.0,16.75,0.0,12.75,12.0,5.0,5.25,3.25,21.5,0.0,9.0,17.0,,,,,,,,,,,
29,,,,24.75,26.75,7.5,6.75,45.25,20.75,0.0,0.0,0.0,0.0,0.0,0.0,8.0,8.25,31.5,32.0,66.25,49.5,24.5,54.25,82.25,65.5,36.75,25.75,15.25,14.75,0.0,17.5,6.25,9.25,0.0,0.0,16.25,7.75,0.0,0.0,8.25,31.0,0.0,18.5,0.0,26.0,6.75,6.5,8.0,0.0,22.25,0.0,21.75,14.0,16.0,,,,,,,,,,,
30,,,,,0.0,13.5,2.5,22.0,30.0,3.5,0.0,0.0,2.5,7.5,3.0,0.0,0.0,0.0,0.0,13.25,12.5,25.25,10.5,5.75,0.0,3.0,6.0,28.5,1.5,14.0,12.5,0.0,0.0,3.25,13.75,0.0,4.25,8.5,0.0,3.0,0.0,13.5,0.0,3.5,0.0,10.25,0.0,3.0,0.0,0.0,22.75,0.0,28.75,38.0,4.0,,,,,,,,,,
31,,,,,25.75,0.0,41.5,19.0,0.0,0.0,6.0,0.0,0.0,7.0,0.0,14.0,5.0,0.0,36.5,29.5,42.75,100.0,74.75,45.5,57.0,21.5,14.0,19.75,0.0,4.25,0.0,12.5,0.0,5.25,0.0,10.75,0.0,7.5,0.0,0.0,9.0,14.0,0.0,16.75,6.5,15.5,14.25,3.5,9.5,7.5,24.0,0.0,23.0,24.25,10.0,,,,,,,,,,
32,,,,,21.25,0.0,15.25,33.5,0.0,0.0,4.5,0.0,0.0,0.0,0.0,0.0,5.25,17.5,28.0,27.5,60.75,23.75,36.75,51.0,43.5,69.25,8.75,22.0,8.5,0.0,27.25,6.25,16.0,0.0,0.0,13.25,19.25,0.0,0.0,0.0,22.0,0.0,0.0,0.0,6.75,15.75,6.5,8.25,0.0,5.0,0.0,12.5,10.75,0.0,38.5,,,,,,,,,,
33,,,,,15.25,10.5,22.0,20.5,15.75,0.0,16.5,0.0,0.0,0.0,0.0,4.75,8.0,44.5,38.25,43.25,13.75,48.5,74.0,52.0,65.5,44.0,21.25,13.25,6.5,0.0,20.75,13.0,8.75,0.0,0.0,14.0,25.0,0.0,0.0,19.25,35.25,0.0,15.5,0.0,12.25,12.5,21.0,6.5,0.0,7.75,0.0,6.25,18.0,28.0,43.5,,,,,,,,,,
34,,,,,0.0,9.75,2.5,8.5,16.25,1.75,0.0,0.0,3.75,5.25,9.0,0.0,0.0,3.0,0.0,5.25,25.0,26.0,40.0,6.0,0.0,27.75,22.75,23.0,0.0,12.75,18.5,0.0,0.0,6.25,13.75,0.0,2.0,0.0,0.0,6.0,0.0,6.25,0.0,3.75,0.0,2.25,0.0,3.0,0.0,15.0,15.25,0.0,19.5,28.5,5.25,,,,,,,,,,
35,,,,,21.25,4.5,28.0,13.75,7.25,0.0,18.75,3.5,0.0,11.5,0.0,7.75,3.75,0.0,40.5,35.0,38.5,73.25,59.25,63.0,35.25,49.25,13.25,13.5,0.0,8.75,0.0,16.75,0.0,9.25,0.0,13.0,0.0,12.0,0.0,0.0,12.5,13.5,0.0,15.5,5.25,4.0,17.25,5.0,8.0,9.0,17.5,0.0,20.75,18.0,11.0,,,,,,,,,,
36,,,,,0.0,58.5,17.25,15.75,46.0,4.5,0.0,0.0,25.5,0.0,0.0,0.0,0.0,20.25,0.0,27.75,29.25,83.25,66.5,15.75,0.0,30.0,24.75,32.0,13.5,27.75,23.0,0.0,0.0,5.25,0.0,0.0,0.0,18.0,0.0,7.75,0.0,11.25,0.0,24.75,0.0,16.25,0.0,8.0,0.0,0.0,20.25,0.0,42.25,28.25,28.5,,,,,,,,,,
37,,,,,0.0,13.0,0.0,25.75,30.75,4.0,0.0,0.0,8.0,0.0,6.5,0.0,0.0,0.0,0.0,27.5,40.5,45.5,33.75,15.5,0.0,12.0,32.0,40.25,23.0,14.0,9.0,0.0,0.0,0.0,26.25,0.0,8.25,15.0,0.0,6.75,0.0,5.25,0.0,0.0,0.0,17.0,0.0,0.0,0.0,4.0,20.0,0.0,42.75,42.5,18.25,,,,,,,,,,
38,,,,,,13.5,12.0,26.0,5.75,0.0,6.75,0.0,0.0,0.0,0.0,6.75,14.0,6.5,20.25,50.5,44.5,67.75,50.5,69.75,37.5,50.0,29.25,37.5,7.0,0.0,37.75,21.75,7.5,0.0,0.0,0.0,6.75,0.0,0.0,15.25,42.0,0.0,8.5,0.0,8.5,23.0,6.75,14.0,0.0,14.25,0.0,21.0,13.75,34.5,89.0,74.5,,,,,,,,,
39,,,,,6.0,6.5,15.5,9.25,9.25,0.0,3.5,0.0,0.0,0.0,0.0,10.75,18.25,10.5,28.5,55.25,40.25,68.0,43.0,53.75,29.75,42.25,25.25,21.0,11.25,0.0,29.25,13.5,7.5,0.0,0.0,0.0,6.75,0.0,0.0,7.0,38.25,0.0,8.5,0.0,4.5,14.5,11.0,14.0,0.0,14.25,0.0,17.0,6.25,35.0,82.25,49.5,,,,,,,,,
40,,,,,,0.0,12.25,19.0,12.5,0.0,5.5,0.0,0.0,0.0,0.0,8.0,8.0,7.5,25.5,44.75,46.25,44.0,50.25,68.5,55.25,62.5,53.25,6.75,7.75,0.0,24.25,21.25,24.75,0.0,0.0,7.75,20.5,0.0,0.0,22.5,45.25,0.0,7.75,0.0,8.5,24.25,14.75,0.0,0.0,0.0,0.0,6.0,7.5,14.5,43.5,45.25,,,,,,,,,
41,,,,,,2.75,9.0,11.25,2.5,0.0,2.5,0.0,0.0,0.0,0.0,12.0,6.0,10.5,7.5,22.0,28.75,42.25,23.25,27.5,18.75,31.25,12.25,10.5,1.75,0.0,22.5,7.5,3.25,0.0,0.0,1.5,4.75,0.0,0.0,9.0,16.5,0.0,2.0,0.0,3.0,13.0,10.75,8.75,0.0,1.75,0.0,11.25,8.25,23.75,20.25,20.5,,,,,,,,,
42,,,,,,11.0,4.0,11.75,16.0,0.0,0.0,0.0,10.25,5.25,0.0,1.5,1.5,3.25,1.5,19.0,21.25,23.5,32.0,1.5,0.0,6.0,19.0,22.25,6.0,19.5,16.25,0.0,1.75,3.75,0.0,0.0,0.0,0.0,0.0,5.75,1.5,0.0,0.0,0.0,0.0,3.75,1.5,9.25,0.0,1.5,16.0,0.0,15.0,16.25,10.5,78.0,,,,,,,,,
43,,,,,,7.25,12.25,17.5,10.5,7.0,0.0,0.0,7.75,9.75,10.25,0.0,0.0,4.5,0.0,4.75,14.25,39.0,48.75,0.0,0.0,13.75,8.75,18.25,21.25,20.25,14.25,0.0,0.0,4.25,16.25,0.0,4.75,10.5,0.0,0.0,0.0,4.0,0.0,10.0,0.0,9.25,0.0,15.0,0.0,9.75,15.25,0.0,18.25,19.5,13.25,100.0,,,,,,,,,
44,,,,,,8.5,14.75,15.5,5.0,0.0,10.25,0.0,0.0,0.0,0.0,11.5,15.75,22.0,16.75,38.75,32.25,33.5,27.25,54.75,29.5,24.0,15.25,16.25,11.75,0.0,22.75,0.0,6.25,0.0,0.0,5.75,11.25,0.0,0.0,0.0,13.0,0.0,11.5,0.0,0.0,24.75,9.5,11.5,0.0,0.0,0.0,25.0,14.5,29.5,33.5,77.0,,,,,,,,,
45,,,,,,,29.25,8.25,8.25,0.0,4.25,4.25,0.0,4.5,0.0,14.0,10.0,0.0,39.25,29.75,51.25,59.5,74.25,39.5,55.5,14.5,15.0,34.0,0.0,0.0,0.0,9.75,0.0,0.0,0.0,9.5,0.0,0.0,0.0,0.0,19.75,19.75,0.0,28.75,10.25,20.0,4.75,0.0,14.5,4.75,20.75,0.0,28.0,19.25,17.25,29.5,66.75,,,,,,,,
46,,,,,,,25.25,7.5,2.5,0.0,2.5,0.0,0.0,0.0,0.0,11.25,0.0,0.0,42.25,34.0,44.25,65.0,55.0,54.75,27.75,20.25,9.0,9.0,0.0,15.75,0.0,0.0,0.0,9.75,0.0,9.0,9.0,0.0,0.0,0.0,14.75,21.75,0.0,28.5,0.0,12.5,23.5,5.75,11.75,12.0,16.0,0.0,26.25,5.75,19.5,24.5,43.75,,,,,,,,
47,,,,,,,4.5,15.5,6.5,4.5,0.0,0.0,8.0,2.5,3.25,0.0,0.0,3.25,0.0,13.75,17.0,23.5,17.75,3.25,0.0,12.75,10.75,18.0,0.0,9.25,6.0,0.0,0.0,6.0,9.0,0.0,4.0,0.0,0.0,10.25,0.0,4.75,0.0,2.0,0.0,0.0,0.0,4.0,0.0,7.75,3.0,0.0,15.0,11.75,5.5,70.5,36.5,,,,,,,,
48,,,,,,,7.25,13.75,17.0,0.0,0.0,0.0,8.75,2.0,7.25,0.0,5.0,3.75,0.0,7.75,27.0,33.25,34.75,31.0,10.25,5.0,5.25,14.75,8.75,4.75,7.5,5.0,0.0,4.25,2.25,0.0,8.5,0.0,0.0,7.5,5.0,2.5,0.0,7.5,5.5,12.0,5.0,12.25,0.0,0.0,0.0,0.0,11.25,18.5,25.0,62.0,40.75,,,,,,,,
49,,,,,,,32.0,26.0,0.0,0.0,19.25,0.0,0.0,0.0,0.0,14.0,6.25,19.75,16.25,39.75,49.5,78.75,49.0,67.0,77.5,63.25,33.5,6.25,14.25,0.0,17.75,6.0,15.75,0.0,0.0,16.0,22.25,0.0,0.0,6.25,8.0,0.0,10.0,0.0,6.5,17.25,22.75,16.0,0.0,14.5,0.0,7.75,0.0,16.0,72.5,55.75,56.75,,,,,,,,
50,,,,,,,19.75,30.75,7.75,0.0,0.0,0.0,0.0,0.0,0.0,4.75,15.5,18.0,22.0,56.75,40.5,69.25,33.25,53.5,42.5,37.25,19.25,19.0,14.25,0.0,8.25,4.5,6.5,0.0,0.0,10.75,0.0,0.0,0.0,4.75,7.75,0.0,15.25,0.0,8.25,18.5,16.0,6.0,0.0,10.75,0.0,15.0,14.5,16.75,56.5,52.75,74.25,,,,,,,,
51,,,,,,,38.25,13.75,8.5,0.0,3.5,0.0,0.0,0.0,0.0,16.0,10.5,0.0,34.0,21.25,45.0,100.0,56.0,43.5,50.25,32.5,4.75,6.0,0.0,10.5,0.0,9.0,0.0,9.25,0.0,6.0,0.0,0.0,0.0,0.0,10.25,16.0,0.0,27.0,4.25,11.5,14.5,6.25,0.0,11.0,22.75,0.0,19.5,26.25,21.0,10.75,23.0,28.5,,,,,,,
52,,,,,,,0.0,8.5,17.75,0.0,0.0,0.0,0.0,4.25,8.25,0.0,0.0,4.5,0.0,10.25,15.5,62.25,22.25,14.5,0.0,8.5,17.75,13.5,8.75,23.75,0.0,0.0,0.0,5.5,4.5,0.0,4.5,5.25,0.0,4.75,0.0,8.75,0.0,5.75,0.0,19.25,0.0,8.25,0.0,9.5,5.5,0.0,17.5,34.0,23.75,92.0,52.5,55.5,,,,,,,
53,,,,,,,,8.5,0.0,0.0,3.5,3.5,0.0,5.5,0.0,11.5,0.0,0.0,13.25,21.75,49.75,85.5,82.5,26.75,44.5,32.0,12.25,9.0,0.0,16.75,0.0,8.75,0.0,10.5,0.0,11.75,9.0,6.75,0.0,0.0,6.0,27.25,0.0,19.5,11.0,0.0,0.0,9.0,0.0,6.0,21.0,0.0,27.0,17.0,3.75,9.5,28.0,48.75,,,,,,,
54,,,,,,,,27.5,24.0,3.75,0.0,0.0,9.25,4.25,4.5,0.0,0.0,0.0,0.0,23.75,23.0,73.5,50.5,16.0,0.0,4.75,6.0,35.0,6.0,27.75,6.25,0.0,0.0,10.5,15.75,0.0,5.75,15.5,0.0,6.0,0.0,6.25,0.0,5.5,0.0,23.0,0.0,16.25,0.0,6.0,18.0,0.0,22.5,21.5,0.0,84.5,69.0,68.25,,,,,,,
55,,,,,,,,26.5,24.0,7.0,0.0,0.0,12.75,4.25,4.5,0.0,0.0,0.0,0.0,18.25,21.5,75.0,61.0,10.75,0.0,8.75,14.0,33.75,10.0,26.5,6.25,0.0,0.0,5.0,15.75,0.0,5.75,10.25,0.0,6.0,0.0,6.25,0.0,10.25,0.0,21.75,0.0,20.25,0.0,6.0,16.75,0.0,25.0,16.25,3.5,79.25,77.5,62.25,,,,,,,
56,,,,,,,,20.75,18.5,8.75,0.0,0.0,9.25,0.0,4.5,0.0,0.0,4.75,0.0,13.25,24.5,9.0,35.75,0.0,0.0,11.0,13.5,23.75,9.75,15.25,0.0,0.0,0.0,10.25,11.25,0.0,13.25,0.0,0.0,14.5,0.0,14.0,0.0,0.0,0.0,4.75,0.0,3.75,0.0,8.75,4.0,0.0,42.5,21.25,18.25,84.25,71.75,63.5,,,,,,,
57,,,,,,,,,21.5,13.25,0.0,0.0,16.75,8.5,12.0,0.0,0.0,4.5,0.0,12.5,24.5,48.5,37.0,0.0,0.0,12.0,22.25,14.25,5.25,8.75,3.5,0.0,0.0,0.0,6.75,0.0,7.0,0.0,0.0,3.75,0.0,9.25,0.0,10.0,0.0,4.0,0.0,8.5,0.0,0.0,5.0,0.0,16.75,30.0,19.25,70.75,40.25,90.5,16.25,,,,,,
58,,,,,,,,,0.0,0.0,13.5,6.75,0.0,0.0,0.0,6.0,13.75,0.0,55.0,35.5,49.5,82.75,70.75,58.5,40.25,43.25,25.75,27.0,0.0,8.25,0.0,23.5,0.0,20.0,0.0,6.0,7.75,10.25,0.0,0.0,16.75,0.0,0.0,20.5,0.0,24.5,7.75,0.0,0.0,16.0,18.25,0.0,5.75,15.5,21.5,27.25,44.75,9.0,32.25,,,,,,
59,,,,,,,,,26.0,0.0,6.5,0.0,0.0,0.0,4.25,0.0,32.5,23.75,18.0,50.25,33.25,21.0,26.75,33.25,26.5,46.25,22.75,20.75,12.5,0.0,28.75,4.0,0.0,4.75,4.25,10.25,7.5,4.25,0.0,8.25,7.5,0.0,7.75,0.0,6.5,24.0,0.0,0.0,0.0,0.0,0.0,3.75,8.25,26.5,28.0,71.0,61.75,60.0,50.5,,,,,,
60,,,,,,,,,14.75,0.0,10.75,0.0,0.0,0.0,0.0,4.75,37.5,29.0,23.0,56.0,33.5,41.25,32.25,52.5,26.5,42.0,22.75,11.75,7.75,0.0,24.0,8.75,0.0,0.0,0.0,14.75,7.5,0.0,0.0,4.0,7.5,0.0,13.75,0.0,11.75,19.75,0.0,4.75,0.0,0.0,0.0,3.75,8.5,32.0,40.75,57.5,63.0,39.5,41.75,,,,,,
61,,,,,,,,,0.0,0.0,8.25,11.75,0.0,5.25,0.0,13.25,10.0,0.0,50.0,23.0,45.5,86.5,56.75,57.25,40.25,49.0,9.5,9.75,0.0,6.25,0.0,32.5,0.0,3.75,0.0,4.0,7.5,0.0,0.0,0.0,16.0,16.75,0.0,24.5,0.0,10.0,21.5,3.25,5.75,5.75,18.5,0.0,33.25,7.5,9.0,4.25,32.75,21.5,20.5,20.75,,,,,
62,,,,,,,,,4.0,0.0,3.5,0.0,0.0,0.0,0.0,9.75,4.0,13.75,14.25,41.0,26.0,51.25,39.5,55.5,36.25,33.5,23.5,10.25,9.0,0.0,11.25,5.0,4.5,0.0,0.0,4.0,19.0,0.0,0.0,9.25,9.0,0.0,0.0,0.0,0.0,15.0,5.5,10.25,0.0,9.25,0.0,8.25,18.0,14.75,44.0,57.25,47.25,17.75,44.25,,,,,,
63,,,,,,,,,16.75,0.0,7.0,0.0,0.0,0.0,0.0,6.0,18.75,43.25,29.0,36.5,55.5,55.75,62.25,71.75,14.5,26.25,19.0,18.5,18.25,0.0,15.75,12.0,13.25,0.0,0.0,14.5,8.25,0.0,0.0,6.25,19.75,0.0,7.0,0.0,15.0,25.75,12.25,11.75,0.0,21.0,0.0,25.0,38.75,27.75,33.25,46.25,33.75,16.5,47.75,32.0,,,,,
64,,,,,,,,,0.0,0.0,5.25,0.0,0.0,0.0,0.0,13.5,25.5,31.0,38.5,25.25,34.0,42.75,57.5,43.5,41.25,34.5,12.75,13.0,4.75,0.0,8.5,8.0,6.75,0.0,0.0,14.0,13.75,0.0,0.0,0.0,12.0,0.0,9.5,0.0,6.5,18.25,4.75,10.75,0.0,10.75,0.0,22.25,29.5,30.0,37.0,65.0,71.25,35.0,50.5,26.75,,,,,
65,,,,,,,,,,0.0,9.5,4.25,0.0,9.25,0.0,0.0,10.0,0.0,32.0,23.25,54.75,88.75,72.75,53.0,47.5,18.5,15.25,43.25,0.0,4.0,0.0,14.0,0.0,0.0,0.0,6.0,10.5,14.25,0.0,0.0,27.0,16.25,0.0,26.25,4.25,34.5,8.75,0.0,4.0,4.5,4.5,0.0,14.5,8.75,9.75,19.5,25.75,39.25,16.25,39.5,,,,,
66,,,,,,,,,,0.0,10.75,0.0,0.0,0.0,0.0,10.5,30.5,41.5,37.5,30.5,8.25,35.0,46.75,65.25,46.0,34.25,28.5,20.0,0.0,0.0,0.0,8.75,6.25,0.0,0.0,8.25,12.0,0.0,0.0,14.5,13.5,0.0,7.25,0.0,0.0,25.0,14.25,0.0,0.0,4.0,0.0,11.0,14.0,26.25,43.75,69.5,73.0,33.0,42.5,24.5,,,,,
67,,,,,,,,,,0.0,13.75,0.0,0.0,0.0,0.0,8.0,12.25,28.0,17.5,32.0,36.0,15.5,66.5,46.5,16.75,26.5,22.25,28.5,7.0,0.0,3.75,11.75,16.25,0.0,0.0,0.0,3.25,0.0,0.0,0.0,8.25,0.0,14.25,0.0,7.5,17.0,11.75,11.5,0.0,0.0,0.0,8.0,6.25,17.75,20.0,44.5,39.75,31.5,33.75,26.25,,,,,
68,,,,,,,,,,3.0,0.0,0.0,16.5,0.0,12.25,0.0,0.0,11.0,0.0,3.75,49.75,52.25,57.5,15.0,0.0,11.0,10.5,21.5,21.5,21.75,0.0,0.0,0.0,12.25,22.25,0.0,8.5,10.0,0.0,16.0,0.0,7.0,0.0,13.25,0.0,14.75,0.0,0.0,0.0,16.25,15.75,0.0,30.0,22.75,14.75,71.5,39.0,90.5,21.0,17.5,,,,,
69,,,,,,,,,,0.0,6.0,0.0,0.0,0.0,0.0,6.0,18.0,11.25,12.75,36.25,40.0,56.25,60.75,76.25,43.75,72.25,13.75,0.0,0.0,0.0,33.5,12.25,12.25,0.0,0.0,11.5,12.25,0.0,0.0,5.5,11.5,0.0,0.0,0.0,0.0,24.5,7.25,13.0,0.0,13.0,0.0,16.25,0.0,31.0,46.25,64.25,61.75,38.0,41.25,47.0,43.25,,,,
70,,,,,,,,,,,0.0,0.0,0.0,0.0,0.0,6.0,25.0,17.75,12.75,50.5,18.25,49.5,68.25,69.5,44.0,59.0,6.5,14.5,0.0,0.0,18.5,5.25,12.25,0.0,0.0,11.5,12.5,0.0,0.0,12.25,18.25,0.0,0.0,0.0,7.25,24.5,7.25,6.0,0.0,6.0,0.0,22.75,0.0,24.0,34.0,57.0,77.0,44.0,47.25,47.0,43.25,,,,
71,,,,,,,,,,,13.5,0.0,0.0,0.0,0.0,0.0,33.0,38.25,56.0,33.25,75.25,33.5,65.0,64.25,58.0,23.75,58.0,24.75,16.5,0.0,26.0,24.5,17.0,0.0,0.0,15.75,0.0,0.0,0.0,23.75,23.75,0.0,29.5,0.0,8.75,8.75,16.25,8.0,0.0,0.0,0.0,30.25,23.0,23.25,21.25,75.0,50.0,39.0,55.5,28.75,21.25,,,,
72,,,,,,,,,,,0.0,0.0,2.75,3.0,8.5,0.0,0.0,6.75,0.0,14.5,42.5,31.25,25.5,9.0,0.0,11.0,20.25,18.5,15.25,13.25,6.25,0.0,0.0,9.75,17.0,0.0,9.25,10.75,0.0,8.75,0.0,7.25,0.0,4.5,0.0,3.75,0.0,14.25,0.0,3.75,3.75,0.0,33.25,17.0,16.25,46.25,53.0,92.0,19.0,8.25,15.0,,,,
73,,,,,,,,,,,15.5,7.75,0.0,7.0,0.0,5.75,0.0,0.0,27.5,27.25,27.25,66.0,94.25,17.25,49.0,11.5,12.0,11.75,0.0,4.5,0.0,15.0,0.0,5.25,0.0,2.75,4.25,7.25,0.0,0.0,11.75,4.25,0.0,24.5,11.75,17.75,12.5,8.75,0.0,18.0,31.0,0.0,11.5,8.25,16.5,26.25,35.0,20.0,7.0,18.75,9.0,19.5,,,
74,,,,,,,,,,,5.5,0.0,0.0,0.0,0.0,0.0,6.0,27.25,20.0,72.25,52.25,69.75,63.25,66.75,70.75,29.75,24.75,29.25,13.75,0.0,30.0,21.25,0.0,0.0,0.0,12.0,0.0,0.0,0.0,19.75,21.75,0.0,7.75,0.0,17.0,14.75,14.25,6.25,0.0,21.75,0.0,27.5,40.0,29.25,35.25,62.5,93.25,61.5,49.25,35.75,31.5,20.25,,,
75,,,,,,,,,,,4.0,0.0,0.0,0.0,0.0,10.25,5.75,0.0,18.5,33.75,41.5,94.5,79.5,35.0,43.5,32.25,16.0,5.25,0.0,9.25,0.0,5.75,0.0,5.25,0.0,0.0,0.0,10.25,0.0,0.0,15.25,8.5,0.0,35.25,3.25,6.0,16.25,7.75,10.25,3.0,23.5,0.0,30.0,28.0,2.75,15.25,54.25,30.5,10.0,23.75,19.0,32.0,,,
76,,,,,,,,,,,11.75,0.0,0.0,0.0,0.0,8.0,22.0,24.0,17.25,60.25,46.5,37.5,49.75,61.0,34.0,24.25,11.5,11.75,5.5,0.0,24.5,13.5,12.5,0.0,0.0,13.75,0.0,0.0,0.0,0.0,25.25,0.0,16.75,0.0,15.0,20.5,13.75,5.75,0.0,13.5,0.0,18.25,16.0,16.75,45.0,28.25,67.25,23.75,61.25,33.5,15.0,15.75,,,
77,,,,,,,,,,,,3.25,0.0,0.0,0.0,10.25,5.75,0.0,21.0,27.5,30.25,94.5,63.75,39.25,39.5,39.0,19.75,5.25,0.0,9.25,0.0,9.25,0.0,5.25,0.0,0.0,0.0,13.5,0.0,0.0,5.75,12.25,0.0,33.5,3.25,9.75,15.0,7.75,13.75,3.0,22.25,0.0,30.0,25.25,9.25,14.0,46.0,24.75,11.75,21.25,25.25,23.0,,,
78,,,,,,,,,,,,0.0,12.0,0.0,0.0,0.0,0.0,5.75,11.5,18.0,20.75,41.5,44.0,25.25,6.0,11.75,11.75,14.25,11.25,14.25,8.0,0.0,6.5,8.5,16.5,0.0,0.0,4.5,0.0,0.0,5.75,6.0,7.0,0.0,0.0,6.25,0.0,0.0,0.0,5.75,13.5,5.5,36.25,30.75,26.0,81.0,68.25,68.0,27.25,33.0,5.25,12.5,,,
79,,,,,,,,,,,,0.0,0.0,0.0,0.0,5.75,17.0,27.0,28.75,30.25,47.0,49.5,56.0,71.0,59.0,34.5,6.5,29.75,5.0,0.0,6.75,5.75,18.25,0.0,0.0,11.75,0.0,0.0,0.0,17.0,12.25,0.0,0.0,0.0,11.75,18.0,6.25,4.75,0.0,12.0,0.0,12.0,21.5,35.75,35.75,30.5,80.75,33.0,56.5,46.25,30.75,11.25,,,
80,,,,,,,,,,,,6.75,0.0,0.0,0.0,5.75,6.25,0.0,52.25,32.25,54.0,84.25,86.5,22.75,57.75,21.25,31.25,24.0,0.0,6.5,0.0,18.25,0.0,0.0,0.0,14.0,14.0,10.5,0.0,0.0,11.0,25.0,0.0,37.75,21.5,12.0,17.0,0.0,6.0,11.25,38.5,0.0,19.75,37.0,10.0,31.25,67.0,37.25,41.75,41.75,23.5,46.75,,,
81,,,,,,,,,,,,0.0,19.5,9.25,6.25,0.0,0.0,5.0,0.0,11.75,41.75,68.0,30.75,10.5,0.0,17.0,9.75,28.0,13.0,25.25,0.0,0.0,0.0,12.5,21.25,0.0,12.25,9.25,0.0,5.0,0.0,16.25,0.0,11.5,0.0,29.0,0.0,4.5,0.0,22.5,36.75,0.0,29.5,49.25,14.0,71.25,41.5,86.75,17.5,19.0,10.75,10.0,,,
82,,,,,,,,,,,,3.0,0.0,13.0,0.0,5.0,14.75,0.0,27.25,51.75,41.75,90.5,65.75,44.0,50.75,12.75,16.5,33.75,0.0,8.75,0.0,22.0,0.0,10.0,0.0,9.0,6.0,5.75,0.0,0.0,29.75,12.25,0.0,20.5,12.0,9.75,10.0,9.25,9.25,7.5,21.25,0.0,12.5,7.5,13.5,23.25,47.5,28.75,20.5,18.5,20.25,30.5,11.0,,
83,,,,,,,,,,,,0.0,0.0,0.0,0.0,13.75,14.25,43.5,37.5,61.5,61.25,75.5,45.5,50.5,34.25,41.75,16.75,18.75,18.75,0.0,30.0,16.5,11.25,0.0,0.0,13.75,16.0,0.0,0.0,10.5,5.75,0.0,12.25,0.0,19.5,14.75,6.0,0.0,0.0,18.25,0.0,29.0,21.0,32.75,10.75,53.0,59.5,13.5,33.5,49.5,28.25,21.25,24.5,,
84,,,,,,,,,,,,,0.0,0.0,0.0,19.25,13.75,55.0,31.5,42.5,67.25,92.75,50.75,56.0,28.0,47.0,16.75,18.75,24.75,0.0,23.25,10.5,11.25,0.0,0.0,7.75,10.0,0.0,0.0,16.25,11.5,0.0,19.5,0.0,25.75,14.75,0.0,0.0,0.0,24.0,0.0,22.75,9.5,38.25,5.25,59.0,78.0,19.0,21.75,43.75,38.75,15.5,17.75,,
85,,,,,,,,,,,,,0.0,0.0,0.0,0.0,4.75,0.0,36.0,13.0,43.0,83.75,68.0,45.75,56.0,30.25,16.25,26.25,0.0,5.0,0.0,24.5,0.0,4.75,0.0,10.5,14.0,3.0,0.0,0.0,15.0,17.25,0.0,14.5,3.25,13.25,11.75,10.75,4.75,13.75,18.25,0.0,12.5,15.5,18.75,8.0,59.5,25.25,24.5,32.25,42.75,18.75,26.0,,
86,,,,,,,,,,,,,0.0,0.0,0.0,0.0,8.5,9.5,19.0,21.25,20.75,26.25,45.0,29.25,21.5,57.75,8.0,18.5,18.5,8.0,24.75,0.0,9.0,0.0,3.5,0.0,4.0,4.0,0.0,6.25,20.25,0.0,18.0,4.5,15.25,8.0,0.0,8.0,0.0,14.5,0.0,0.0,23.0,29.25,26.25,45.75,54.75,33.0,38.0,30.0,18.75,13.25,30.0,,
87,,,,,,,,,,,,,0.0,4.25,0.0,4.5,5.0,0.0,53.5,15.5,61.75,94.25,50.75,52.0,50.0,23.75,25.25,11.0,0.0,0.0,0.0,18.5,0.0,10.5,0.0,9.25,9.5,4.5,0.0,0.0,10.75,5.0,0.0,24.25,0.0,16.0,4.5,0.0,9.75,4.75,22.25,0.0,18.0,21.25,4.5,9.75,20.25,28.25,23.75,19.0,41.5,19.0,25.25,18.75,
88,,,,,,,,,,,,,0.0,0.0,0.0,14.0,27.0,35.25,32.75,29.5,66.25,44.75,54.0,46.5,44.5,50.0,21.0,6.75,0.0,0.0,24.75,16.5,15.0,0.0,0.0,8.25,22.0,0.0,0.0,8.25,26.5,0.0,25.25,0.0,0.0,6.75,5.75,0.0,0.0,8.25,0.0,32.5,7.5,28.75,26.75,36.75,66.5,44.0,20.0,18.75,11.5,19.0,14.75,5.5,
89,,,,,,,,,,,,,0.0,8.75,0.0,0.0,5.0,0.0,37.5,9.75,48.75,81.75,50.0,28.75,48.25,42.5,19.75,14.75,0.0,10.25,0.0,24.0,0.0,4.5,0.0,5.0,9.5,13.25,0.0,0.0,10.0,19.5,0.0,11.0,5.25,14.75,8.75,13.75,13.75,9.25,45.0,0.0,13.25,13.25,12.25,38.5,58.75,22.75,26.5,21.25,37.5,22.0,29.25,31.25,
90,,,,,,,,,,,,,,0.0,0.0,0.0,17.25,26.0,11.0,40.75,44.5,47.0,62.0,60.0,52.25,34.75,10.25,17.25,12.0,0.0,17.0,4.75,0.0,0.0,0.0,9.75,15.25,0.0,0.0,17.75,0.0,0.0,13.5,0.0,10.25,23.25,6.0,15.75,0.0,6.75,0.0,15.75,10.75,23.25,67.0,46.75,74.0,27.0,41.5,30.0,15.75,30.5,20.0,5.75,
91,,,,,,,,,,,,,,8.0,4.25,0.0,0.0,8.75,0.0,11.75,38.75,33.0,36.25,3.5,0.0,20.25,13.5,29.75,10.5,29.0,4.5,0.0,0.0,0.0,20.0,0.0,12.0,0.0,0.0,11.0,0.0,3.5,0.0,14.75,0.0,9.5,0.0,7.75,0.0,3.5,6.5,0.0,30.5,35.75,22.5,88.25,65.5,79.0,19.25,5.25,10.5,4.0,25.75,27.0,
92,,,,,,,,,,,,,,5.25,0.0,6.0,6.25,0.0,20.75,23.0,39.75,99.5,86.0,47.5,57.5,22.75,22.25,34.25,0.0,5.0,0.0,9.75,0.0,6.75,0.0,6.0,9.75,10.25,0.0,0.0,18.25,5.25,0.0,13.5,5.25,24.25,11.0,17.5,0.0,17.25,39.25,0.0,21.5,15.5,25.75,28.75,28.75,32.5,30.5,44.75,42.75,21.75,17.25,25.0,15.0
93,,,,,,,,,,,,,,5.25,6.0,0.0,0.0,0.0,0.0,6.0,22.25,38.5,45.75,9.5,0.0,6.25,16.0,19.75,10.0,22.0,10.5,0.0,0.0,4.0,26.5,0.0,0.0,9.25,0.0,12.0,0.0,0.0,0.0,0.0,0.0,12.0,0.0,0.0,0.0,11.75,19.25,0.0,28.5,47.25,26.75,90.25,60.75,70.5,24.5,7.0,16.5,3.5,13.0,18.0,24.25
94,,,,,,,,,,,,,,,0.0,12.0,4.25,0.0,21.0,41.75,39.5,89.0,91.25,43.25,48.5,34.5,13.0,17.25,0.0,8.5,0.0,3.5,0.0,4.5,0.0,11.25,8.25,4.5,0.0,0.0,20.75,11.75,0.0,11.0,3.75,18.0,15.75,0.0,17.0,9.0,21.75,0.0,31.75,27.5,11.25,21.25,46.25,43.0,27.25,29.75,25.25,8.5,8.75,30.25,6.75
95,,,,,,,,,,,,,,,0.0,4.75,15.25,39.75,41.75,28.5,48.5,22.75,36.75,97.0,37.25,21.0,3.75,23.5,0.0,0.0,24.75,5.0,9.5,0.0,0.0,12.75,9.5,0.0,0.0,13.25,3.5,0.0,4.25,0.0,6.75,31.5,0.0,7.75,0.0,18.0,0.0,3.25,13.25,28.25,27.0,49.25,47.5,48.0,49.5,22.25,21.0,0.0,21.0,12.25,0.0
96,,,,,,,,,,,,,,,0.0,4.0,11.0,0.0,32.25,15.75,63.75,95.75,72.0,60.25,51.0,47.5,15.5,14.0,0.0,10.75,0.0,5.25,0.0,15.75,0.0,0.0,0.0,10.75,0.0,0.0,19.25,22.0,0.0,15.0,11.75,20.75,9.5,0.0,0.0,0.0,16.25,0.0,25.25,13.75,18.0,20.25,20.25,20.5,28.5,22.0,14.25,25.0,15.5,26.75,13.75
