,2020-03-01,2020-03-08,2020-03-15,2020-03-22,2020-03-29,2020-04-05,2020-04-12,2020-04-19,2020-04-26,2020-05-03,2020-05-10,2020-05-17,2020-05-24,2020-05-31,2020-06-07,2020-06-14,2020-06-21,2020-06-28,2020-07-05,2020-07-12,2020-07-19,2020-07-26,2020-08-02,2020-08-09,2020-08-16,2020-08-23,2020-08-30,2020-09-06,2020-09-13,2020-09-20,2020-09-27,2020-10-04,2020-10-11,2020-10-18,2020-10-25,2020-11-01,2020-11-08,2020-11-15,2020-11-22,2020-11-29,2020-12-06,2020-12-13,2020-12-20,2020-12-27,2021-01-03,2021-01-10,2021-01-17,2021-01-24,2021-01-31,2021-02-07,2021-02-14,2021-02-21,2021-02-28,2021-03-07,2021-03-14,2021-03-21,2021-03-28,2021-04-04,2021-04-11,2021-04-18,2021-04-25,2021-05-02,2021-05-09,2021-05-16,2021-05-23,2021-05-30,2021-06-06
0,0.0,4.0,25.75,24.25,21.5,24.5,42.5,51.0,63.0,96.25,95.5,67.0,70.25,59.25,53.0,44.0,54.5,53.25,58.0,42.75,43.25,34.5,46.5,34.25,34.25,30.5,23.0,33.0,21.5,30.5,19.25,18.0,17.25,28.25,31.5,29.25,26.5,36.0,49.25,56.75,53.0,52.75,67.5,55.0,48.75,55.0,41.75,31.75,37.75,31.5,34.5,,,,,,,,,,,,,,,,
1,1.0,1.25,30.25,27.75,17.0,34.75,33.0,43.25,77.5,100.0,89.25,68.5,70.5,59.75,50.5,44.0,49.5,46.25,33.25,43.0,39.5,43.5,43.25,32.5,36.0,25.75,24.75,29.75,17.25,25.5,24.5,16.0,30.25,22.75,25.75,25.0,29.5,31.5,53.25,39.25,59.25,51.25,43.75,60.25,39.5,36.0,44.25,32.0,27.5,22.75,37.25,,,,,,,,,,,,,,,,
2,0.0,6.5,28.25,20.25,21.5,23.25,48.25,49.75,78.75,98.5,96.25,66.0,57.25,65.25,65.0,47.25,57.0,53.25,56.0,40.5,45.25,34.5,43.5,43.25,34.5,31.5,28.25,29.0,24.5,26.75,21.5,30.25,12.5,27.75,33.25,34.5,25.75,35.0,51.0,56.5,60.75,62.75,71.0,56.0,60.0,45.5,35.0,32.75,38.25,24.25,37.5,,,,,,,,,,,,,,,,
3,0.0,5.0,26.75,22.75,22.5,25.75,42.5,44.75,70.25,97.5,95.0,68.5,52.75,66.75,53.75,48.75,56.0,49.0,54.75,42.0,44.5,33.0,39.25,35.75,35.75,36.5,29.5,32.0,23.0,24.25,24.0,27.75,11.75,29.25,33.75,32.25,31.75,40.25,42.75,53.75,59.25,51.25,67.0,52.25,55.0,46.75,30.25,31.5,35.25,26.5,41.0,,,,,,,,,,,,,,,,
4,1.5,4.25,19.5,19.0,16.5,28.75,35.75,38.75,71.25,86.25,98.0,60.5,58.5,52.75,40.5,38.0,43.75,42.0,35.25,37.25,32.75,36.5,41.25,31.5,26.0,27.25,16.75,25.25,21.5,25.25,23.75,15.5,20.0,21.75,22.75,23.0,26.5,29.75,44.0,37.75,54.5,42.75,52.75,48.5,43.0,33.25,33.75,29.0,34.0,28.0,35.0,,,,,,,,,,,,,,,,
5,0.0,6.5,26.25,27.5,22.0,26.75,35.75,47.25,63.0,85.0,99.25,56.75,60.0,60.5,56.75,43.0,60.25,47.5,51.0,44.25,38.5,31.75,39.0,35.5,34.75,30.25,25.0,27.0,21.25,25.0,22.0,28.5,15.25,28.75,28.75,33.25,27.5,38.0,41.75,54.0,52.25,49.75,60.75,59.5,56.75,44.75,40.5,23.0,37.75,24.25,34.5,,,,,,,,,,,,,,,,
6,0.5,3.75,29.0,23.0,19.75,28.75,44.0,48.0,71.75,97.0,88.0,68.5,66.25,59.25,49.0,42.0,52.0,48.5,40.5,45.75,38.25,36.25,40.75,34.0,33.75,32.5,26.0,27.25,23.5,30.0,18.5,20.75,17.75,23.25,22.75,24.25,28.75,34.25,50.0,51.75,45.0,50.25,61.75,59.5,48.25,37.5,36.0,30.5,32.5,28.25,36.0,,,,,,,,,,,,,,,,
7,1.5,4.5,25.5,30.25,15.0,34.0,35.75,52.0,84.75,99.25,95.5,71.0,66.75,59.0,54.25,42.5,51.0,48.75,35.0,39.25,46.5,44.25,44.25,41.0,30.25,31.25,28.5,28.75,20.5,28.25,24.0,15.75,31.75,20.25,25.0,22.5,29.5,21.5,46.25,42.25,60.0,56.75,50.0,60.75,42.75,34.5,40.75,31.25,37.25,34.75,43.0,,,,,,,,,,,,,,,,
8,1.0,2.5,23.75,27.25,15.25,29.5,24.5,41.75,79.0,91.25,100.0,60.5,73.75,55.0,46.75,44.5,43.75,45.5,38.0,46.0,33.0,39.0,43.25,39.25,24.25,27.5,15.25,25.25,19.0,26.25,14.75,17.75,24.75,19.75,24.0,25.75,30.75,30.0,55.25,44.0,56.0,51.0,42.75,59.0,40.5,31.75,41.25,26.75,32.5,23.75,43.75,,,,,,,,,,,,,,,,
9,0.0,4.25,27.0,23.25,20.75,31.0,43.75,42.0,67.0,97.25,90.0,64.0,56.0,55.0,39.75,41.75,45.75,44.25,37.0,35.25,36.25,31.25,42.0,33.5,35.0,29.5,27.75,26.0,21.25,25.0,16.5,19.0,16.5,22.5,23.75,19.25,31.25,31.75,38.5,59.75,58.25,60.25,61.75,54.0,50.5,36.0,33.0,24.5,30.0,22.75,37.5,,,,,,,,,,,,,,,,
10,0.0,5.5,25.25,29.75,15.5,24.5,36.5,40.5,69.75,100.0,86.25,71.5,64.25,56.0,49.5,37.75,50.5,51.0,51.5,44.25,42.0,29.75,42.25,45.25,28.25,29.5,27.0,26.5,19.75,27.25,23.0,22.0,22.0,21.75,24.5,32.0,28.75,36.5,56.5,58.75,62.0,55.0,62.25,60.75,64.75,40.25,33.75,36.5,38.5,26.5,46.25,,,,,,,,,,,,,,,,
11,0.0,3.5,23.0,22.25,20.5,28.75,40.5,51.25,76.75,98.25,98.0,66.5,56.25,66.5,51.0,47.5,56.5,54.5,46.75,44.25,36.75,34.25,48.25,38.75,33.5,36.75,29.75,32.5,17.5,21.25,17.5,26.0,19.5,29.0,30.5,26.75,30.25,41.25,47.0,59.25,62.75,57.25,68.0,60.75,51.25,36.0,30.5,31.0,31.25,24.5,41.0,,,,,,,,,,,,,,,,
12,0.0,6.75,28.75,21.25,27.25,28.75,46.25,47.0,69.0,100.0,88.25,68.5,60.5,57.0,55.0,46.5,56.5,52.75,40.0,39.75,38.0,33.25,40.75,37.5,29.0,29.5,26.5,31.75,24.5,26.75,24.25,25.0,11.25,30.75,29.0,32.75,29.0,39.5,52.0,52.0,52.25,53.25,79.5,66.25,56.75,48.5,35.25,28.5,33.5,32.25,37.0,,,,,,,,,,,,,,,,
13,0.5,2.75,27.5,28.0,12.0,29.0,33.25,40.75,78.75,100.0,84.5,59.5,69.25,46.75,46.25,37.0,50.0,46.25,29.75,37.0,39.0,42.25,38.75,32.25,31.5,31.5,23.25,22.5,24.25,25.25,19.25,17.75,26.25,30.0,20.5,27.75,25.25,18.75,56.0,37.25,53.25,45.25,52.5,54.0,40.25,31.5,33.75,32.25,25.5,23.75,41.75,36.0,,,,,,,,,,,,,,,
14,,2.75,25.75,28.5,12.75,28.5,34.25,42.0,75.0,100.0,81.25,60.75,68.75,50.75,44.75,38.0,51.5,49.5,33.75,39.0,38.0,41.0,39.75,30.5,31.5,29.75,24.75,22.5,20.75,24.75,19.25,16.5,29.5,28.75,21.0,28.25,25.0,22.25,51.0,36.5,52.0,45.25,53.75,50.25,37.25,32.75,36.5,33.75,26.5,22.5,41.0,34.0,,,,,,,,,,,,,,,
15,,4.0,25.5,21.5,21.25,28.0,42.25,48.75,63.25,99.0,93.75,60.5,51.75,61.75,48.0,41.75,55.75,50.25,55.0,35.75,33.0,31.5,44.5,37.75,36.25,33.25,24.0,19.0,24.75,23.25,25.25,31.0,12.25,29.0,27.0,25.75,27.75,33.25,50.5,57.0,53.5,51.25,63.0,47.75,55.75,44.75,34.25,28.25,32.75,25.25,35.25,49.25,,,,,,,,,,,,,,,
16,,4.0,25.75,27.5,11.5,33.0,30.25,39.5,73.25,100.0,86.25,70.25,64.25,48.5,45.5,38.25,52.5,46.25,30.5,37.5,33.0,38.5,44.0,38.0,27.5,34.0,22.75,24.5,17.75,22.0,18.25,18.25,22.5,19.75,23.25,25.0,22.75,24.25,51.0,35.25,57.5,44.75,45.75,57.5,36.0,30.5,32.25,31.75,30.0,21.5,38.25,42.5,,,,,,,,,,,,,,,
17,,4.75,27.75,28.0,12.75,33.0,33.75,37.5,75.0,95.5,95.0,69.5,69.0,53.25,46.5,41.0,52.0,49.5,35.25,33.75,41.25,42.0,42.75,36.0,27.25,31.5,21.5,25.75,17.25,24.0,16.5,18.0,30.0,21.5,25.75,20.25,31.5,25.25,51.0,39.0,53.75,49.5,51.25,54.25,35.5,36.25,38.5,35.0,30.5,23.0,41.5,41.5,,,,,,,,,,,,,,,
18,,4.0,21.0,19.5,17.25,22.75,33.0,44.0,55.25,87.0,100.0,53.75,49.75,51.0,43.0,39.25,46.0,43.25,48.75,38.0,35.25,29.5,36.75,35.5,33.5,32.5,23.0,27.25,19.25,26.0,23.5,22.5,11.0,24.0,22.75,27.75,24.5,34.25,37.25,46.25,51.25,46.25,62.0,55.5,48.5,38.75,31.75,28.0,31.0,23.75,34.75,47.75,,,,,,,,,,,,,,,
19,,4.25,29.75,22.25,20.75,23.25,41.0,52.75,81.25,100.0,92.25,69.25,71.0,62.5,44.25,50.25,55.5,46.0,45.0,44.25,35.0,35.25,42.0,36.75,32.0,35.25,28.25,23.0,22.0,28.5,18.0,14.25,16.25,23.0,26.5,23.0,29.5,24.75,43.0,55.25,55.0,50.5,62.25,47.0,50.25,40.0,36.75,35.0,34.75,29.0,39.75,47.75,,,,,,,,,,,,,,,
20,,3.0,28.25,27.0,15.0,33.0,33.75,39.5,72.5,99.25,92.5,63.0,66.5,56.25,48.25,31.0,45.75,45.5,42.25,40.0,46.0,37.25,40.75,34.75,31.0,27.0,22.75,27.0,21.0,25.0,20.25,19.25,28.5,21.75,21.25,26.0,30.0,31.5,46.0,35.0,58.0,42.5,51.5,47.0,38.5,37.25,34.5,30.5,31.25,22.25,38.0,36.75,,,,,,,,,,,,,,,
21,,6.25,32.75,30.75,21.0,24.0,49.25,51.75,73.25,95.75,93.75,66.25,55.5,57.75,55.0,47.0,56.0,48.75,49.5,42.5,40.0,32.5,44.25,32.5,40.5,31.75,29.25,24.5,23.0,25.0,22.0,27.25,11.25,26.0,28.25,27.75,21.25,40.5,47.0,61.75,57.0,52.25,73.25,63.0,63.25,41.75,39.75,23.5,39.25,28.25,36.5,54.0,,,,,,,,,,,,,,,
22,,6.5,24.5,20.75,23.5,26.0,42.75,39.75,62.25,86.5,97.25,56.5,51.25,56.0,52.75,45.25,51.5,50.25,49.5,38.5,35.25,27.5,37.5,34.25,35.25,30.5,22.75,24.5,25.75,22.75,22.75,26.0,10.75,22.25,26.5,25.75,22.5,29.25,43.25,46.25,48.5,42.75,64.0,42.0,53.25,47.5,39.0,24.25,34.25,25.0,34.75,48.75,,,,,,,,,,,,,,,
23,,6.5,31.75,23.5,22.5,29.25,46.0,45.0,69.5,96.25,96.75,62.25,60.5,62.5,50.0,45.0,47.0,54.75,54.25,36.5,41.0,38.25,39.25,35.75,34.0,28.5,27.5,30.0,25.5,26.5,18.75,25.75,14.75,26.75,33.5,28.75,25.75,35.75,49.75,57.25,59.0,56.75,66.0,54.5,57.5,40.75,38.25,29.25,33.0,31.25,42.25,47.25,,,,,,,,,,,,,,,
24,,3.5,30.25,29.25,24.75,29.75,38.5,55.0,92.75,94.75,94.5,76.75,72.25,59.25,51.5,41.0,61.75,41.5,44.75,56.5,40.0,32.5,42.25,35.25,31.5,35.25,31.0,31.25,15.25,23.0,16.5,21.75,21.0,34.5,29.75,25.5,35.75,24.5,45.5,57.0,59.75,55.75,68.75,51.0,56.5,36.25,43.75,26.25,30.25,25.75,36.75,54.75,56.5,,,,,,,,,,,,,,
25,,3.5,25.25,25.5,14.5,33.75,35.75,45.75,76.75,100.0,87.0,68.5,69.75,52.5,42.75,39.5,52.0,46.25,39.5,40.0,32.0,37.75,39.25,33.5,30.0,34.5,20.75,23.0,19.5,24.75,18.5,17.5,28.0,22.25,27.75,25.0,29.0,24.5,50.0,39.25,55.5,42.75,52.75,56.5,39.75,32.75,40.25,33.25,34.25,24.0,44.0,41.0,59.25,,,,,,,,,,,,,,
26,,6.25,24.5,23.75,20.5,24.5,37.0,47.5,59.75,98.25,90.25,56.5,51.25,60.0,51.25,47.75,57.5,47.25,43.25,39.5,38.75,30.5,35.25,35.0,30.75,24.25,25.5,26.75,17.25,22.25,26.0,23.5,13.0,25.5,27.0,28.5,25.75,40.5,37.75,60.75,56.25,51.75,60.75,55.25,49.0,42.25,32.0,26.75,29.5,22.25,37.0,45.75,57.25,,,,,,,,,,,,,,
27,,,26.0,19.75,18.25,24.0,39.25,42.25,68.0,85.75,100.0,53.75,53.5,55.75,50.75,44.25,49.0,42.25,43.0,42.5,29.5,30.0,37.25,33.0,38.5,28.25,23.25,24.0,21.0,23.25,24.0,24.25,11.0,19.25,26.25,27.0,24.75,37.25,42.0,55.0,52.75,48.25,57.0,57.25,51.75,42.75,32.75,31.0,36.5,28.0,33.25,49.25,64.5,,,,,,,,,,,,,,
28,,,28.0,25.0,25.25,24.25,40.5,48.0,64.0,97.5,97.0,60.75,61.75,67.0,51.25,47.5,57.0,47.25,46.25,48.25,35.25,28.5,39.5,34.75,37.5,26.5,30.0,23.5,20.75,27.25,21.75,29.5,12.5,29.0,30.5,34.75,25.5,40.75,39.25,53.75,57.5,58.5,65.5,54.5,51.75,44.25,34.75,27.75,36.0,29.0,39.75,51.5,60.25,,,,,,,,,,,,,,
29,,,35.5,34.0,22.25,29.75,39.25,57.0,94.0,98.75,89.25,79.0,72.75,65.75,55.0,56.5,60.75,46.25,55.25,49.0,48.5,41.75,47.25,35.25,38.0,36.0,38.75,21.0,19.0,23.5,20.5,18.5,23.5,29.0,34.0,27.75,37.75,34.5,48.75,68.0,58.75,54.25,77.25,61.25,57.25,41.0,39.25,29.0,29.25,20.0,39.75,48.5,59.0,,,,,,,,,,,,,,
30,,,25.0,20.0,21.5,26.5,47.25,46.75,67.25,91.5,96.75,56.25,56.75,61.75,52.0,42.5,53.75,50.5,42.25,42.0,33.75,29.25,33.5,42.75,33.75,28.75,26.0,29.75,25.75,24.75,16.5,25.25,12.5,24.25,30.25,28.0,25.25,33.0,43.75,56.25,52.5,47.5,67.75,48.25,53.25,43.75,35.75,27.25,34.25,27.75,44.25,45.25,62.75,,,,,,,,,,,,,,
31,,,29.5,24.5,19.25,26.25,37.5,42.25,60.75,88.0,96.5,59.25,61.25,65.5,54.25,46.5,56.5,49.5,47.75,42.75,35.25,28.75,39.25,41.5,32.25,31.25,28.75,25.25,22.0,27.25,19.75,28.5,11.75,26.5,31.0,25.0,23.75,30.75,35.25,49.0,50.25,47.75,66.75,57.0,48.25,46.75,40.0,28.0,33.75,23.75,36.25,43.5,63.25,,,,,,,,,,,,,,
32,,,,19.75,20.5,27.75,40.0,47.75,61.25,91.5,98.25,64.25,65.25,59.75,50.75,41.5,52.25,55.25,50.75,43.5,41.25,29.5,40.5,38.0,35.75,30.0,27.25,32.75,23.5,23.5,26.0,23.75,10.5,24.5,28.75,31.0,25.75,38.25,44.25,47.0,56.25,52.75,67.25,55.75,51.75,49.75,39.75,24.0,36.75,25.25,38.5,49.0,65.0,58.5,,,,,,,,,,,,,
33,,,,29.75,20.75,28.0,30.0,51.0,88.75,96.75,94.75,69.0,66.0,60.25,54.5,48.75,53.0,43.5,44.25,46.5,44.0,44.0,38.0,32.75,34.25,39.75,29.25,30.5,15.5,21.0,19.25,13.75,25.0,26.75,34.75,28.0,33.5,30.0,42.5,61.75,60.25,58.75,82.25,55.75,47.5,41.0,34.0,31.75,29.0,25.25,41.75,50.25,64.25,82.75,,,,,,,,,,,,,
34,,,,20.0,23.5,28.25,39.25,50.25,65.75,91.5,98.0,61.0,63.75,58.0,49.75,42.5,54.0,55.25,52.5,48.0,39.75,29.0,42.5,41.25,38.75,28.5,28.5,31.5,23.5,27.0,25.0,26.25,11.25,23.5,27.25,29.5,24.25,38.5,41.5,49.5,62.0,55.75,63.0,57.5,52.5,51.5,39.0,26.75,37.0,23.25,37.5,48.0,66.5,63.5,,,,,,,,,,,,,
35,,,,19.5,22.0,23.75,41.5,37.75,61.0,96.75,88.25,55.75,51.5,54.5,46.25,35.25,49.75,44.0,40.0,35.25,37.25,24.0,37.0,35.25,31.5,30.5,19.0,23.5,24.5,24.5,23.0,25.5,11.75,20.25,25.25,25.75,22.25,32.75,48.0,51.0,52.5,49.25,57.0,47.5,45.5,42.75,36.75,29.5,28.25,25.5,34.75,47.5,48.5,52.25,,,,,,,,,,,,,
36,,,,28.0,25.5,24.5,46.5,52.5,87.25,94.0,95.5,78.25,76.75,64.5,52.5,55.0,58.5,48.0,41.0,52.25,42.75,41.25,33.75,30.25,27.5,35.25,31.0,31.0,19.0,27.25,22.5,19.75,24.25,26.0,38.0,29.25,36.0,34.5,42.25,68.5,60.25,57.75,69.5,46.75,51.75,39.0,37.0,30.0,27.25,22.0,46.0,54.75,62.75,72.5,,,,,,,,,,,,,
37,,,,21.25,19.0,23.5,38.25,46.0,63.0,97.0,94.25,48.5,51.25,62.25,46.75,44.0,53.0,52.5,52.0,38.75,38.25,30.75,38.0,32.0,36.25,31.0,23.0,25.0,24.5,25.25,20.0,25.0,13.75,22.25,27.5,25.5,25.0,30.25,41.75,49.5,50.0,56.0,55.5,50.0,55.75,46.0,31.75,25.0,35.5,25.75,32.75,53.0,57.25,56.5,,,,,,,,,,,,,
38,,,,21.25,25.75,22.25,43.25,54.0,68.5,98.25,92.5,69.0,58.5,62.0,50.75,35.0,58.0,56.0,49.0,49.25,39.5,33.5,45.75,39.75,33.0,33.5,24.0,25.75,24.75,25.5,25.0,28.5,17.5,23.5,27.5,29.0,27.75,37.25,41.0,57.5,68.5,58.0,68.25,58.75,58.5,45.25,39.25,25.5,40.0,26.75,37.5,50.0,70.25,64.0,,,,,,,,,,,,,
39,,,,21.75,21.25,27.0,43.5,44.5,68.25,95.25,98.5,66.5,64.25,63.25,55.5,42.5,53.25,53.25,46.75,37.75,35.0,31.25,39.75,33.0,38.25,31.75,30.75,24.75,24.75,29.75,17.0,27.25,14.0,20.5,23.25,31.5,26.0,41.5,33.25,53.75,49.25,58.5,60.75,55.75,59.5,49.75,35.0,27.0,34.75,26.25,36.25,50.25,64.0,68.5,,,,,,,,,,,,,
40,,,,,14.75,32.0,37.75,42.25,88.25,98.0,93.75,72.25,73.75,62.75,52.5,40.0,50.0,53.5,38.5,42.75,43.0,43.5,49.25,40.25,31.25,29.75,18.5,30.5,18.5,28.5,21.75,17.25,29.25,23.25,29.0,26.0,26.5,25.5,58.0,39.75,56.0,48.0,51.0,64.75,32.75,36.0,42.25,31.5,36.5,25.0,40.75,41.25,63.75,72.75,66.25,,,,,,,,,,,,
41,,,,,12.25,32.25,30.0,39.75,74.0,97.25,92.5,69.25,72.0,61.25,45.75,36.25,52.75,48.75,38.25,40.75,41.75,38.5,47.5,31.75,29.25,34.75,22.75,19.25,16.25,28.0,21.25,16.0,21.0,20.25,22.25,23.25,31.75,25.25,51.5,34.0,56.75,46.5,56.25,54.25,35.75,28.75,41.5,29.25,35.75,27.25,36.75,42.25,70.0,71.75,63.75,,,,,,,,,,,,
42,,,,,18.25,29.5,31.75,38.25,82.0,96.0,92.5,74.5,71.0,62.25,44.0,41.75,50.25,47.0,37.5,45.5,41.5,43.75,38.0,40.0,33.25,29.25,23.25,30.0,20.25,27.5,20.25,17.25,24.0,15.75,24.75,29.75,25.5,28.75,52.5,40.25,59.0,46.75,57.75,60.0,36.5,32.25,39.5,34.5,27.5,30.0,43.25,37.0,60.0,72.0,65.25,,,,,,,,,,,,
43,,,,,22.5,22.25,39.75,48.0,74.75,93.0,93.75,63.5,61.75,62.25,58.75,41.0,63.5,56.25,50.5,40.75,40.25,36.5,40.75,33.5,39.5,30.5,30.5,28.25,23.75,26.75,23.0,26.25,11.25,31.0,32.25,30.25,26.75,36.25,44.5,62.25,49.25,53.25,66.25,52.25,59.0,43.5,37.0,34.75,37.75,29.75,40.75,49.0,66.75,66.25,,,,,,,,,,,,,
44,,,,,22.25,26.5,37.0,49.0,96.25,89.25,85.75,73.0,59.5,57.0,48.0,46.5,65.75,48.75,41.5,44.5,34.25,32.5,40.0,34.25,29.5,29.75,28.5,26.75,20.75,26.5,21.75,21.0,20.0,32.75,29.5,26.5,28.0,28.75,43.0,65.25,57.0,51.25,78.0,50.0,46.5,34.0,32.75,30.5,29.0,25.75,40.0,59.0,60.5,69.25,78.25,,,,,,,,,,,,
45,,,,,28.5,22.75,41.0,42.5,68.5,93.0,94.75,60.5,51.25,59.25,53.25,37.0,56.25,48.25,45.0,44.5,37.0,29.5,39.5,31.0,31.25,35.0,25.25,25.25,23.25,22.75,18.0,24.0,12.75,24.75,27.75,27.75,30.0,36.0,45.5,51.0,53.5,52.25,65.75,43.5,53.0,48.0,34.25,26.5,35.25,29.25,37.5,44.0,56.5,64.25,55.0,,,,,,,,,,,,
46,,,,,14.75,32.75,31.5,41.25,88.0,91.5,86.0,69.75,66.0,57.25,45.25,41.0,52.75,39.5,33.25,35.25,38.0,34.75,41.25,28.25,26.75,25.75,24.5,22.75,19.75,26.25,17.75,13.75,25.0,18.5,22.75,26.25,24.5,22.0,53.75,31.75,53.5,47.0,53.5,58.25,37.0,35.25,35.75,34.25,30.25,28.0,38.0,40.5,62.75,68.5,53.0,,,,,,,,,,,,
47,,,,,18.75,21.5,40.75,50.0,63.75,95.0,98.0,61.75,59.25,61.25,58.5,40.75,61.0,53.25,52.75,43.0,36.75,32.75,42.25,40.75,37.5,34.0,28.25,29.75,20.75,23.75,20.0,22.5,15.0,24.75,27.75,36.75,23.0,34.5,42.5,50.5,60.75,57.25,62.75,60.0,55.75,47.25,40.5,27.5,31.5,24.5,32.75,53.5,60.0,60.75,62.25,,,,,,,,,,,,
48,,,,,20.5,34.0,46.0,48.5,90.5,98.25,96.5,93.0,71.5,54.0,48.5,49.5,61.5,53.0,48.5,50.75,53.0,40.0,44.5,38.0,29.5,37.5,28.75,26.0,16.5,28.25,21.25,20.0,23.0,28.25,38.75,27.25,36.0,31.0,47.25,74.75,54.0,71.0,72.5,55.0,51.0,42.0,38.5,30.25,29.0,26.0,41.0,55.0,61.0,68.5,80.5,,,,,,,,,,,,
49,,,,,11.0,28.0,29.5,37.25,71.0,97.75,94.75,69.5,68.0,51.75,44.0,34.25,44.0,42.0,36.75,30.5,35.0,40.25,34.75,32.25,31.25,26.25,23.25,19.75,19.5,23.5,20.0,15.0,30.5,20.75,20.75,23.5,27.75,23.5,51.5,32.75,58.5,49.0,52.75,49.75,35.5,35.25,37.0,32.25,33.5,24.75,40.75,30.0,64.25,68.0,63.5,,,,,,,,,,,,
50,,,,,15.5,29.5,34.25,48.5,78.25,100.0,91.25,77.25,74.75,59.25,57.0,39.25,55.25,53.75,42.0,48.25,38.5,46.5,44.75,39.25,35.0,26.5,24.75,30.25,17.75,23.0,20.75,17.5,25.25,18.75,22.25,27.25,29.5,24.25,60.0,38.25,60.25,45.0,60.75,63.5,42.0,34.5,39.25,38.0,31.5,26.0,41.75,43.5,62.75,71.25,65.0,,,,,,,,,,,,
51,,,,,,23.0,40.0,43.0,58.0,91.25,96.25,52.25,55.0,65.5,51.5,34.5,49.0,49.25,45.0,40.25,32.5,23.75,39.25,34.0,34.25,26.5,24.0,26.5,21.5,22.0,20.0,24.75,13.25,19.75,29.75,27.0,27.5,34.0,43.75,49.75,53.5,52.25,53.0,52.0,50.5,43.75,36.0,26.0,31.75,27.75,33.75,45.75,55.25,59.75,53.75,55.5,,,,,,,,,,,
52,,,,,20.25,24.0,45.5,46.5,61.75,93.25,92.5,57.25,63.75,64.0,55.0,36.25,50.25,48.5,48.5,43.75,39.5,25.5,41.75,31.25,36.5,28.75,22.75,32.0,24.75,23.0,20.25,23.75,16.75,21.5,31.0,26.25,30.75,32.5,48.5,52.25,52.5,60.0,58.0,55.5,48.0,47.5,38.25,25.25,40.25,26.75,39.0,51.0,60.5,73.5,56.25,53.75,,,,,,,,,,,
53,,,,,,24.25,41.25,46.75,68.0,98.5,94.5,63.0,55.5,61.0,45.5,39.5,56.25,46.5,45.75,40.75,44.0,30.75,32.0,35.75,34.5,30.5,24.5,27.25,22.25,23.5,19.25,20.0,14.5,27.5,28.75,29.5,29.0,32.0,40.25,54.5,48.25,49.5,68.0,46.5,51.0,49.5,35.75,27.25,33.25,25.0,36.0,44.0,58.25,59.0,58.0,51.25,,,,,,,,,,,
54,,,,,,25.25,40.75,42.5,61.25,93.75,98.5,59.0,50.75,58.5,46.75,42.75,46.0,45.0,46.25,40.75,34.75,31.5,33.25,26.0,31.0,28.5,24.0,22.5,16.75,20.75,22.0,21.0,12.5,23.0,29.5,28.75,22.25,38.0,43.25,52.25,50.25,44.75,58.0,45.5,52.75,47.75,41.0,26.0,30.5,27.5,37.5,44.75,65.25,60.5,59.0,63.0,,,,,,,,,,,
55,,,,,,27.5,45.0,50.0,66.5,86.5,97.5,68.0,55.25,62.5,53.0,46.5,58.75,52.5,50.25,42.75,40.5,27.75,46.25,37.0,35.75,26.5,23.25,25.25,23.0,27.0,18.75,28.0,14.0,25.0,27.25,29.5,25.75,41.25,44.25,49.25,55.75,56.5,62.25,46.75,52.5,48.0,35.75,29.25,31.75,23.75,33.75,47.0,57.75,65.0,62.0,57.5,,,,,,,,,,,
56,,,,,,35.25,33.25,47.0,71.75,100.0,92.5,74.25,69.25,60.0,51.5,41.5,49.5,49.25,39.0,40.5,41.75,32.75,42.5,39.25,33.75,28.5,21.5,28.75,19.75,26.0,20.75,19.0,25.5,22.5,26.5,27.5,30.25,24.75,52.0,40.75,53.5,54.5,44.25,50.5,34.25,37.25,35.5,37.25,34.5,28.0,39.0,41.25,59.25,76.0,71.75,74.0,,,,,,,,,,,
57,,,,,,26.5,41.5,35.0,63.75,84.0,100.0,60.5,51.0,53.25,46.25,36.25,47.5,43.25,43.25,37.5,38.5,25.5,40.25,40.25,32.0,31.25,22.0,26.5,17.25,23.0,23.25,21.75,10.5,21.75,27.0,29.25,28.5,38.25,37.0,49.75,51.5,44.75,58.25,51.75,51.75,43.0,36.0,26.75,28.25,26.5,33.0,47.0,46.5,64.0,52.0,48.75,,,,,,,,,,,
58,,,,,,22.5,43.5,45.25,63.75,98.75,90.0,69.25,62.25,60.75,54.25,45.75,57.25,48.5,47.75,36.0,40.75,31.0,46.5,36.25,32.0,37.5,26.5,25.5,23.25,24.25,20.5,27.5,13.25,28.0,32.0,27.25,26.25,34.5,39.75,59.75,55.0,48.0,64.0,53.0,56.25,50.5,30.5,27.0,27.0,26.75,36.0,54.75,53.5,68.75,61.0,64.0,,,,,,,,,,,
59,,,,,,23.0,40.5,46.5,64.25,100.0,92.0,72.25,58.5,62.0,49.25,35.5,54.75,55.75,53.25,47.25,36.75,33.25,41.25,39.25,36.5,31.25,24.0,24.5,22.25,33.0,19.0,24.5,15.75,27.5,27.75,27.25,26.75,36.75,43.0,46.0,53.0,47.25,63.0,59.75,57.5,46.0,37.5,24.5,35.5,20.75,33.5,50.25,57.5,63.75,73.0,60.5,,,,,,,,,,,
60,,,,,,,31.0,41.25,84.0,99.25,90.75,69.5,73.25,62.5,49.25,43.5,51.0,55.0,36.75,46.25,43.5,40.75,43.25,35.0,33.5,31.5,19.75,25.25,18.25,26.25,24.5,16.75,20.5,24.0,18.5,22.5,28.75,29.0,49.75,38.5,55.0,56.25,55.75,63.75,39.75,41.0,47.0,37.0,28.75,25.75,42.5,38.0,63.25,71.25,64.0,68.75,48.0,,,,,,,,,,
61,,,,,,,43.5,57.25,96.0,93.25,92.0,82.0,74.5,62.75,52.0,52.5,62.25,47.5,43.0,50.0,41.0,46.5,47.75,34.5,34.5,34.75,28.75,31.0,19.5,29.25,20.75,24.0,25.0,31.75,36.75,29.0,38.5,37.5,51.25,70.5,59.75,55.25,84.5,63.0,52.5,37.0,42.0,33.0,35.75,27.0,44.75,62.25,64.25,80.5,79.75,72.25,50.0,,,,,,,,,,
62,,,,,,,33.75,44.5,79.75,92.75,96.75,86.25,68.0,61.5,52.25,46.25,44.5,54.75,42.5,42.75,44.5,40.25,41.25,38.25,31.25,30.5,22.0,31.25,21.75,29.25,23.25,19.75,26.25,20.5,25.25,25.25,27.5,26.75,50.5,44.0,52.75,60.0,57.25,60.75,44.0,37.5,39.25,36.0,39.25,31.5,40.25,41.5,67.75,74.5,72.0,63.5,46.75,,,,,,,,,,
63,,,,,,,38.5,50.25,82.75,90.75,92.25,66.75,64.25,59.0,50.0,44.0,62.75,52.0,42.25,48.75,38.0,31.75,38.25,42.75,31.0,31.25,28.75,27.5,19.25,26.25,23.5,18.75,19.5,28.0,38.5,23.5,32.75,32.5,41.5,55.25,60.0,54.5,80.75,49.0,40.0,43.5,42.5,31.5,29.5,21.5,42.25,47.75,58.25,60.25,77.75,68.25,42.75,,,,,,,,,,
64,,,,,,,39.25,47.25,65.5,93.75,98.0,61.0,55.25,55.25,48.5,44.25,47.0,48.25,47.5,37.25,37.5,35.0,31.0,39.5,32.75,29.0,30.0,30.0,20.25,24.25,24.0,20.75,14.75,29.0,20.25,29.25,31.75,35.75,45.0,48.0,53.25,54.5,55.5,48.0,50.75,43.5,35.75,25.25,36.5,24.25,39.75,42.25,59.0,71.0,56.25,67.75,46.5,,,,,,,,,,
65,,,,,,,40.75,47.0,58.5,92.75,100.0,55.75,50.25,51.0,50.5,48.25,51.0,47.75,50.75,39.75,38.5,32.75,34.5,38.25,32.75,29.25,32.25,31.5,19.5,24.25,21.75,23.5,8.75,31.25,20.5,26.5,27.0,41.0,39.5,53.0,53.0,52.75,55.5,51.25,50.0,48.75,33.0,23.0,37.0,21.0,36.25,48.25,58.0,63.25,55.0,64.0,46.0,,,,,,,,,,
66,,,,,,,37.5,43.0,70.5,96.25,100.0,55.75,52.0,59.5,53.25,42.25,52.75,46.5,42.75,40.75,40.75,32.75,37.0,33.75,35.25,35.0,28.25,27.75,25.0,27.0,17.5,22.75,10.5,29.25,29.25,24.0,24.5,39.25,48.0,55.5,55.25,42.75,64.0,47.5,52.75,47.0,38.25,31.0,36.5,28.75,37.25,53.0,62.0,57.25,66.75,60.75,41.75,,,,,,,,,,
67,,,,,,,33.75,45.75,56.75,95.75,98.5,62.0,53.5,57.75,44.75,41.0,48.5,54.5,47.5,34.25,42.0,21.5,37.25,37.75,34.0,29.75,25.0,31.0,22.25,24.75,18.75,23.75,13.0,30.0,29.75,27.5,30.25,34.75,40.25,52.0,50.0,44.0,56.75,47.5,48.75,43.75,31.0,30.5,30.75,26.5,29.0,41.75,49.25,54.0,55.75,62.75,43.75,,,,,,,,,,
68,,,,,,,38.0,41.5,64.75,93.75,95.5,52.75,59.75,55.25,48.5,37.0,47.25,46.75,49.5,32.75,36.25,29.75,35.25,30.75,34.75,28.25,29.0,22.25,23.75,22.25,22.25,24.75,13.25,30.25,26.5,31.5,23.5,37.25,42.5,49.25,47.75,55.5,64.0,52.75,56.5,40.0,36.75,22.5,28.75,25.0,36.5,46.75,53.0,60.5,57.0,57.5,47.25,,,,,,,,,,
69,,,,,,,40.75,41.75,67.5,92.0,98.0,61.0,57.0,57.25,53.75,40.0,57.25,55.25,40.75,37.75,39.5,33.5,34.5,37.0,29.75,32.5,23.75,26.0,19.75,24.25,20.25,23.0,17.5,27.75,31.25,23.75,25.0,32.75,50.0,51.25,46.75,53.75,64.5,50.75,48.0,39.0,39.75,24.75,33.0,26.75,37.5,51.75,63.25,60.0,60.5,68.5,41.0,,,,,,,,,,
70,,,,,,,44.0,53.25,88.5,97.25,96.75,80.75,69.0,68.25,62.0,50.5,66.0,46.0,46.0,53.75,49.25,44.25,37.25,39.5,33.75,38.5,33.25,31.0,17.5,33.0,18.75,17.5,23.5,35.25,38.0,32.0,44.75,36.75,61.5,59.0,69.25,59.0,82.75,64.5,52.75,39.5,38.0,36.0,33.75,29.75,43.25,61.75,68.25,78.75,80.25,72.75,57.75,47.5,,,,,,,,,
71,,,,,,,32.0,44.25,78.75,98.0,85.25,68.25,69.25,55.75,49.0,36.5,41.0,49.25,34.5,36.5,42.75,38.5,42.5,30.5,33.5,32.75,21.75,27.75,18.0,26.5,16.75,17.25,29.0,21.75,28.25,27.5,28.5,27.75,56.25,40.0,55.5,54.5,62.0,57.0,40.0,34.75,38.0,38.25,32.75,27.75,47.75,41.75,66.5,68.5,66.75,69.5,44.0,38.5,,,,,,,,,
72,,,,,,,,50.0,82.5,96.75,91.5,81.0,74.5,55.75,48.5,50.5,59.0,47.5,45.25,48.25,37.0,31.0,40.75,39.0,36.5,31.5,30.25,25.25,16.5,27.75,18.5,15.75,22.0,29.75,36.5,26.5,37.75,34.25,44.5,63.5,55.75,45.75,63.75,45.75,49.25,30.25,35.25,29.75,28.25,26.5,41.0,51.75,66.25,70.75,80.0,62.5,45.5,43.25,,,,,,,,,
73,,,,,,,,44.25,77.5,93.5,89.75,64.75,63.25,57.0,43.0,36.0,41.0,49.0,36.25,41.0,42.25,38.5,42.0,29.0,31.5,32.0,20.5,27.5,14.5,24.5,17.25,16.25,27.75,22.0,26.5,27.75,27.25,26.0,51.5,40.5,53.5,50.25,59.0,51.25,39.0,32.75,36.75,42.25,30.5,28.0,47.5,40.5,66.25,72.25,65.25,64.25,43.75,39.75,,,,,,,,,
74,,,,,,,,45.0,63.0,96.0,95.25,64.75,48.25,54.5,54.0,42.0,54.75,54.5,44.75,34.25,43.0,32.25,37.5,35.25,35.75,29.5,23.25,26.75,21.25,26.75,17.25,22.75,11.75,31.0,29.25,26.5,25.25,35.5,47.75,61.25,54.25,55.25,60.75,46.5,57.75,43.5,38.5,27.25,31.5,28.25,36.75,50.5,55.5,58.25,55.0,59.75,42.75,45.25,,,,,,,,,
75,,,,,,,,46.0,62.25,86.0,98.0,58.25,52.0,55.0,51.75,38.25,55.5,51.75,43.75,35.25,36.25,33.0,36.0,35.75,33.75,25.5,20.5,25.0,20.75,21.25,19.5,23.0,15.0,22.5,31.0,27.25,26.0,39.0,43.0,51.5,51.75,46.5,61.0,50.0,57.25,38.25,37.0,23.5,43.0,25.75,31.75,50.25,61.5,55.25,61.0,66.0,38.25,40.75,,,,,,,,,
76,,,,,,,,37.0,78.75,90.5,98.75,73.75,68.25,56.5,39.25,35.75,47.75,47.0,32.0,42.25,38.5,37.25,41.25,31.5,26.25,28.5,18.5,26.5,20.5,24.25,20.75,16.25,30.75,23.75,25.0,31.0,29.25,29.0,53.0,38.5,48.0,56.5,46.0,57.0,33.75,31.75,33.25,28.0,29.5,25.5,40.75,35.25,57.25,58.5,62.5,60.0,38.75,32.75,,,,,,,,,
77,,,,,,,,39.25,79.25,100.0,80.5,65.25,63.5,53.0,48.0,43.25,57.5,43.25,33.25,39.25,39.0,39.5,37.5,34.5,29.75,30.25,25.75,20.75,15.75,32.0,20.75,14.25,23.25,23.5,25.75,26.5,28.25,25.5,57.5,38.5,47.5,48.75,49.5,50.5,31.5,35.25,42.75,26.5,28.25,26.25,35.5,38.25,65.75,61.75,63.5,64.75,38.75,36.25,,,,,,,,,
78,,,,,,,,47.75,69.75,93.0,99.25,63.25,56.5,59.25,56.0,44.5,58.0,56.5,52.5,40.5,39.25,34.5,35.75,39.0,33.5,29.0,27.25,24.75,21.75,29.75,23.25,28.5,13.0,22.5,32.75,30.0,28.5,40.25,48.5,54.25,51.5,46.75,62.5,57.5,52.0,49.25,42.5,27.5,37.5,27.0,36.75,54.0,62.25,63.25,55.0,66.25,36.5,40.0,,,,,,,,,
79,,,,,,,,,70.0,97.25,94.0,72.0,60.5,56.25,47.5,40.0,43.25,42.5,35.75,43.5,32.5,42.5,38.75,30.0,30.75,29.75,20.5,22.5,21.75,28.0,21.0,13.75,21.75,22.25,27.5,29.75,31.25,24.0,52.5,40.75,49.5,43.5,52.5,59.75,34.0,32.75,35.75,33.5,33.75,22.5,37.5,37.75,67.5,69.25,63.0,66.25,40.75,39.0,34.75,,,,,,,,
80,,,,,,,,,77.25,94.5,94.5,69.75,64.5,63.0,50.25,43.75,56.25,44.0,38.5,56.0,39.5,33.5,42.0,35.5,29.0,33.0,27.25,22.0,17.5,25.75,20.0,19.75,20.25,28.25,35.5,26.0,35.5,31.75,42.5,59.0,58.25,51.0,67.75,47.75,45.25,37.75,37.0,32.75,28.75,26.75,37.75,53.75,53.25,72.25,74.0,61.25,51.5,38.25,47.5,,,,,,,,
81,,,,,,,,,56.75,89.25,100.0,61.0,53.5,55.75,55.5,41.75,55.0,51.25,51.75,41.5,42.25,35.75,39.5,36.0,37.5,25.25,27.5,32.5,27.5,26.5,22.5,26.0,13.75,26.25,28.5,31.25,28.5,37.75,40.75,51.5,54.75,52.5,66.0,55.25,58.25,46.75,37.75,28.25,39.25,28.5,37.0,62.75,54.5,52.0,60.0,57.75,47.0,41.0,39.5,,,,,,,,
82,,,,,,,,,56.75,89.75,100.0,61.25,53.75,56.0,55.75,42.0,55.25,51.5,52.25,41.5,42.25,35.75,39.75,36.0,37.5,25.25,27.75,32.5,27.75,26.5,22.5,26.25,13.75,26.25,28.5,31.5,28.75,37.75,40.75,51.75,54.75,52.5,66.25,55.25,58.5,47.0,37.75,28.25,39.5,28.5,37.0,63.0,54.5,52.25,60.25,58.0,47.0,41.0,39.75,,,,,,,,
83,,,,,,,,,68.0,97.25,96.5,49.75,56.5,53.5,44.0,41.25,47.5,42.25,49.75,38.75,38.25,33.75,39.0,36.0,30.25,32.0,31.0,24.25,20.75,27.75,17.0,18.25,16.5,28.0,31.25,30.0,27.25,37.5,41.75,50.25,51.75,55.0,57.75,54.75,46.0,47.75,34.0,29.5,36.5,25.25,36.5,49.75,52.75,58.25,56.0,56.0,44.75,39.0,42.0,,,,,,,,
84,,,,,,,,,59.0,94.75,94.5,56.5,56.75,49.75,48.75,36.25,47.25,48.25,46.25,38.75,33.75,27.25,35.75,31.75,33.5,27.0,23.5,23.5,20.25,24.5,19.25,24.5,11.75,22.0,23.25,29.25,23.75,38.5,39.75,52.5,47.0,47.25,54.0,52.5,47.75,40.0,36.25,24.5,38.25,20.25,33.0,46.0,60.75,59.75,53.25,60.75,41.25,35.75,32.5,,,,,,,,
85,,,,,,,,,85.75,100.0,93.5,79.5,73.75,57.25,49.5,46.5,55.25,57.5,40.5,41.0,39.75,40.75,43.25,39.75,33.5,32.75,24.75,32.5,22.75,31.5,21.5,17.75,26.75,20.75,28.5,28.0,21.75,27.25,51.75,48.0,61.75,45.25,54.5,59.75,41.0,33.5,41.75,37.5,36.25,31.75,40.0,47.5,63.25,66.0,65.5,65.5,44.5,43.0,32.5,,,,,,,,
86,,,,,,,,,84.75,99.25,89.25,73.0,61.75,60.0,50.0,41.75,53.25,42.5,39.75,42.25,44.75,39.75,41.5,31.5,29.75,33.5,20.5,25.25,17.25,23.0,21.25,20.0,28.0,23.75,23.0,30.75,27.25,22.75,51.75,33.25,57.75,49.25,55.5,63.75,41.0,35.5,37.5,32.5,34.5,29.25,44.25,37.5,61.0,68.25,67.5,66.5,40.75,44.25,32.75,,,,,,,,
87,,,,,,,,,54.75,98.25,87.0,57.5,54.75,56.0,52.0,45.25,46.75,55.75,51.0,38.0,33.25,31.5,38.25,35.0,31.5,25.5,28.0,23.5,22.25,24.75,22.0,19.5,10.5,24.25,25.0,24.5,26.25,34.25,39.25,48.5,50.5,41.5,50.5,50.75,47.75,34.0,34.75,23.5,33.0,23.25,36.5,48.5,54.75,55.5,61.0,58.0,39.0,30.0,35.0,,,,,,,,
88,,,,,,,,,86.75,85.25,90.75,70.25,58.5,60.5,51.75,51.0,51.0,50.25,43.0,46.75,41.5,39.75,41.0,35.25,31.0,34.75,29.5,27.75,14.75,33.75,23.75,19.75,18.5,33.75,34.25,29.25,31.0,28.5,44.25,53.0,56.0,49.0,70.75,55.75,52.5,42.0,40.75,36.0,30.75,27.5,39.0,48.0,56.75,74.25,84.75,60.75,53.0,39.5,49.75,44.0,,,,,,,
89,,,,,,,,,64.25,91.0,95.5,52.5,45.25,57.0,51.25,40.75,48.0,46.5,49.5,36.75,37.5,27.25,37.25,32.25,32.5,27.0,22.0,25.0,22.5,22.0,19.0,22.5,13.5,25.0,26.75,30.5,26.25,34.0,41.75,44.75,49.25,46.25,59.0,47.75,54.75,38.5,31.0,19.5,35.25,25.5,30.0,49.0,53.0,58.25,55.5,51.0,46.25,38.0,40.25,,,,,,,,
90,,,,,,,,,52.75,88.5,96.75,59.5,51.5,50.75,55.25,44.0,54.25,51.0,48.0,45.5,38.5,31.0,41.75,36.25,35.25,27.5,22.0,24.5,17.75,26.0,25.0,26.75,12.25,23.75,27.25,29.0,29.0,37.25,40.25,55.0,46.25,46.75,59.25,50.5,53.25,43.5,37.25,25.0,35.0,28.0,29.25,50.5,53.5,61.0,55.5,53.75,48.0,38.25,43.75,48.75,,,,,,,
91,,,,,,,,,,94.75,92.5,73.25,62.25,61.25,52.0,50.0,53.75,52.75,49.25,48.5,36.75,36.0,37.75,39.75,33.0,34.5,28.25,30.75,19.5,28.25,17.5,16.25,17.25,32.25,35.0,31.0,37.5,35.0,42.75,57.0,59.0,59.75,80.75,52.75,44.25,47.0,44.5,33.0,28.75,26.75,46.5,51.0,58.0,79.25,83.5,64.0,46.25,45.5,48.0,33.75,,,,,,,
92,,,,,,,,,,99.5,96.5,63.25,63.75,66.0,53.75,40.5,53.0,53.25,50.0,40.75,42.25,30.5,39.75,40.5,36.5,30.0,30.5,31.5,24.0,30.5,23.0,27.5,13.0,28.75,25.0,29.25,30.25,44.5,47.5,48.5,56.25,51.25,67.25,55.0,60.25,45.0,37.75,25.0,36.0,26.5,33.75,54.75,51.0,64.5,60.75,55.25,46.75,37.25,38.0,43.75,,,,,,,
93,,,,,,,,,,96.25,95.25,53.75,52.75,60.75,56.75,48.0,60.0,53.0,52.5,40.0,35.0,26.75,41.25,38.75,32.75,29.0,24.25,27.5,24.25,34.5,18.0,23.25,14.75,27.5,26.0,29.75,23.0,33.75,41.75,57.0,46.75,57.75,75.75,56.75,54.25,39.0,35.25,28.0,36.5,26.5,34.25,48.0,53.25,57.5,53.5,55.0,40.25,42.0,34.75,48.25,,,,,,,
94,,,,,,,,,,97.75,89.75,67.75,70.5,57.75,52.75,42.75,44.75,49.5,34.5,45.75,36.25,43.75,38.25,31.5,26.75,29.25,24.25,25.5,21.25,27.5,24.0,19.5,23.75,24.25,21.25,24.5,29.0,23.5,46.75,45.0,49.0,49.0,52.0,60.0,32.75,33.0,40.75,33.25,33.25,27.5,42.25,40.25,73.25,72.75,58.0,60.75,49.0,37.5,36.0,37.25,,,,,,,
95,,,,,,,,,,96.25,97.0,61.75,55.0,55.0,48.25,43.5,57.25,48.0,51.75,33.5,38.5,33.75,38.0,36.75,35.5,25.0,23.75,22.0,19.25,24.0,19.5,25.0,13.5,28.0,27.0,24.5,23.0,38.75,34.0,52.5,48.0,47.5,54.75,56.5,51.0,45.0,35.0,28.0,34.0,24.5,36.5,48.5,60.25,57.0,57.5,58.75,47.75,33.75,38.75,43.75,,,,,,,
96,,,,,,,,,,97.5,91.0,78.0,76.25,54.5,60.75,42.0,57.25,55.25,38.25,41.25,36.5,45.5,35.75,34.0,33.25,30.75,26.25,28.25,15.5,26.0,20.75,17.25,28.25,20.0,24.5,28.0,28.75,27.0,56.0,38.25,54.5,48.0,45.0,61.25,36.5,37.5,36.5,30.0,36.5,31.5,43.0,39.75,59.0,73.25,71.5,62.5,39.0,40.25,37.75,31.75,,,,,,,
97,,,,,,,,,,89.5,96.75,53.0,53.25,53.5,52.25,42.75,58.5,55.75,51.75,40.25,33.5,26.5,41.0,39.0,38.0,27.5,23.0,25.0,21.25,25.25,19.0,23.25,10.5,24.5,32.5,33.0,24.75,34.0,45.75,57.5,53.25,52.75,65.75,44.5,51.0,44.75,29.75,22.5,38.25,23.75,34.0,50.0,48.5,57.5,55.25,55.75,46.75,34.0,40.75,47.75,,,,,,,
98,,,,,,,,,,95.75,92.0,74.75,67.25,67.25,49.5,51.25,54.75,47.0,42.75,54.5,39.75,33.75,41.0,32.5,35.0,35.0,31.5,27.25,16.5,28.25,19.5,11.5,20.5,30.25,37.25,27.0,36.5,32.25,48.0,60.25,50.75,60.0,88.25,53.25,43.0,39.25,42.75,33.75,28.75,25.0,40.25,54.75,66.0,77.75,75.75,62.5,47.0,46.75,42.75,42.0,49.75,,,,,,
99,,,,,,,,,,91.5,95.25,57.75,60.75,68.25,51.25,50.25,56.0,53.75,47.0,39.0,37.75,35.5,39.0,42.75,34.75,27.25,25.0,27.0,24.5,24.25,22.75,28.5,11.5,21.25,30.5,27.75,31.5,47.5,45.5,52.0,56.75,48.25,69.25,56.0,63.5,48.75,30.25,29.5,34.25,26.0,36.25,58.75,65.0,62.0,61.75,53.25,45.75,45.5,37.25,45.25,42.25,,,,,,
100,,,,,,,,,,94.0,94.5,60.5,57.25,61.5,52.0,40.5,48.25,51.25,56.75,37.75,42.0,29.75,39.5,35.25,35.25,29.75,23.25,25.5,23.25,21.25,13.0,22.75,11.25,19.5,27.0,31.5,25.5,37.0,38.75,47.5,53.0,53.5,62.5,49.75,50.75,44.0,35.75,28.75,33.75,29.5,31.0,49.75,50.0,55.75,59.25,57.5,41.75,38.75,41.25,44.0,41.75,,,,,,
101,,,,,,,,,,,99.5,60.5,55.75,60.75,49.25,40.5,49.5,53.25,52.5,35.75,42.25,31.0,37.75,35.0,32.5,31.0,22.5,25.5,23.25,22.25,17.75,23.0,11.0,18.75,24.25,31.0,28.0,39.75,43.0,50.75,54.25,51.5,64.5,54.5,54.5,47.75,37.25,28.5,35.25,28.75,34.25,51.5,51.25,52.5,58.25,58.0,44.5,41.75,42.25,44.75,39.75,,,,,,
102,,,,,,,,,,,90.75,73.5,77.75,57.5,49.75,43.0,49.75,52.75,40.0,49.5,43.25,41.0,40.5,40.5,32.75,33.0,21.0,30.0,24.25,25.25,23.0,18.5,26.0,23.0,26.25,22.5,27.75,29.5,57.75,45.0,60.75,52.25,65.5,69.5,41.0,36.75,40.25,29.5,37.5,30.5,37.75,47.5,66.0,77.75,61.25,67.5,45.75,41.75,31.25,30.75,40.25,,,,,,
103,,,,,,,,,,,99.25,61.75,56.5,61.5,56.0,42.25,55.25,59.25,50.25,34.75,39.5,32.0,42.75,38.25,38.0,28.5,29.5,21.0,20.75,23.75,20.0,26.0,16.0,30.5,31.5,24.0,26.5,38.75,41.5,54.25,52.25,55.75,59.25,50.75,58.5,45.25,39.75,30.75,28.25,29.5,46.5,51.25,55.75,56.25,57.0,59.25,44.75,33.75,33.75,44.0,40.5,,,,,,
104,,,,,,,,,,,96.0,73.5,81.5,65.5,55.0,46.75,48.0,56.5,36.75,36.75,40.0,45.0,46.75,36.0,28.0,35.25,24.0,31.5,19.0,29.0,24.75,18.75,23.0,25.75,21.0,29.75,29.25,31.5,53.25,31.5,53.0,46.75,57.25,62.25,51.5,36.25,37.75,37.25,32.0,24.25,43.5,42.25,79.5,75.0,72.75,64.5,53.75,40.75,36.0,28.25,47.75,,,,,,
105,,,,,,,,,,,98.0,62.0,61.5,74.5,55.5,43.5,47.5,53.0,51.0,45.75,40.75,35.25,38.5,38.0,40.75,28.0,28.75,29.0,22.5,28.75,26.25,26.5,13.0,23.25,31.0,31.25,29.0,38.25,46.5,56.5,59.75,51.5,68.0,52.5,57.75,53.0,38.0,31.25,36.25,28.0,44.0,54.75,62.5,61.0,60.5,65.0,44.5,38.5,39.75,51.0,50.25,,,,,,
106,,,,,,,,,,,97.25,83.0,77.0,52.5,48.75,43.0,54.25,55.0,44.5,34.75,46.25,36.5,42.5,36.5,35.5,32.25,24.5,24.5,21.75,27.0,21.5,16.25,24.0,26.5,25.0,27.75,21.5,27.25,55.5,39.5,61.5,50.25,64.0,73.5,39.5,33.25,36.25,41.5,39.0,27.75,42.75,43.25,69.0,71.0,75.25,80.0,48.75,41.5,40.0,25.25,32.25,,,,,,
107,,,,,,,,,,,97.25,78.5,57.0,62.5,50.0,46.75,46.75,38.25,39.0,49.75,41.0,32.0,34.5,31.5,30.0,23.5,28.75,24.0,13.0,24.25,20.5,19.5,18.75,30.5,35.25,25.5,30.5,32.75,37.5,51.75,51.75,56.5,80.75,52.0,55.25,31.75,36.0,27.25,26.0,26.25,37.75,48.25,47.0,66.25,79.75,67.5,44.5,34.0,44.75,35.75,40.75,35.25,,,,,
108,,,,,,,,,,,97.25,79.0,57.25,63.0,50.5,46.75,47.0,38.5,39.0,49.75,41.25,32.25,34.75,31.75,30.25,23.75,29.0,24.0,13.0,24.5,20.75,19.5,19.0,30.75,35.25,25.5,30.75,32.75,37.5,52.0,52.0,57.0,81.5,52.5,55.75,31.75,36.0,27.5,26.25,26.5,38.0,48.5,47.5,66.5,80.25,68.25,44.75,34.25,45.0,36.0,41.0,35.25,,,,,
109,,,,,,,,,,,85.25,53.0,56.25,57.25,50.75,43.5,57.5,50.25,55.75,41.25,45.25,31.75,41.75,40.75,40.25,28.25,24.25,27.5,25.5,27.0,19.5,29.5,13.25,33.75,30.5,29.25,26.25,36.75,50.0,54.0,54.5,52.5,72.0,59.5,56.0,41.0,36.0,24.25,39.0,27.75,44.25,43.75,53.25,66.0,55.25,57.5,44.25,36.75,44.5,50.75,41.75,46.75,,,,,
110,,,,,,,,,,,86.75,80.0,61.25,65.5,46.0,45.0,51.0,41.25,49.25,54.25,42.0,37.25,42.0,37.5,31.25,33.25,34.75,33.0,14.75,22.25,14.5,16.25,14.75,27.0,32.75,25.0,31.0,28.25,51.25,59.0,55.0,58.75,83.25,49.25,55.75,30.75,36.0,30.25,37.0,27.75,45.0,47.0,54.25,69.25,80.25,62.75,49.0,36.25,38.75,39.75,38.75,47.75,,,,,
111,,,,,,,,,,,100.0,61.75,57.5,54.5,52.25,40.0,50.5,57.75,50.25,43.25,37.25,28.5,44.25,38.0,30.0,26.25,25.25,28.5,26.25,24.0,21.0,23.25,12.25,23.75,24.0,32.0,29.75,38.25,39.25,51.0,53.25,47.0,59.0,55.25,56.25,41.25,42.75,24.25,37.5,29.25,32.0,53.25,63.25,63.0,55.25,62.0,45.75,30.5,39.25,48.0,39.25,42.5,,,,,
112,,,,,,,,,,,,87.5,68.0,75.25,51.5,54.0,57.75,44.25,56.5,58.25,42.5,44.25,47.0,42.75,35.5,34.0,37.25,32.5,16.0,23.75,17.25,18.25,15.5,29.25,37.5,23.75,35.75,33.0,55.0,65.0,59.75,61.0,86.0,53.25,57.75,34.25,41.25,32.5,39.0,29.5,46.0,49.0,58.5,74.0,83.5,68.0,51.25,40.5,38.25,46.0,46.25,46.0,,,,,
113,,,,,,,,,,,,62.25,63.0,57.5,59.0,50.5,58.75,56.25,59.0,42.75,44.0,33.25,45.25,39.0,34.0,31.25,29.25,31.5,25.0,29.5,22.25,26.75,16.0,26.0,35.75,30.75,32.5,36.5,44.5,55.25,51.75,56.0,68.5,58.0,57.25,43.75,39.25,26.5,39.25,33.0,30.75,57.5,68.75,78.5,64.5,70.0,52.0,31.0,44.0,50.25,35.0,52.5,,,,,
114,,,,,,,,,,,,77.25,68.0,62.5,45.25,49.5,53.25,48.0,39.25,58.0,39.75,32.75,41.0,33.75,35.5,31.75,28.75,29.5,19.5,25.75,20.25,23.75,19.5,33.0,39.0,27.75,34.0,32.0,49.0,67.5,53.0,52.5,76.75,56.75,54.0,43.25,33.0,26.25,32.75,28.75,33.25,52.5,57.0,82.0,82.75,66.5,43.0,48.25,40.5,37.5,51.5,40.5,,,,,
115,,,,,,,,,,,,57.25,56.25,58.5,55.25,40.75,62.75,51.25,52.5,51.25,44.5,32.0,44.25,39.5,37.75,34.0,24.0,22.5,28.0,27.25,20.0,27.75,9.75,29.75,28.0,29.5,28.0,45.25,46.75,55.75,52.5,52.25,66.25,53.75,59.75,43.75,38.5,26.75,37.5,23.5,34.0,55.0,73.0,59.0,57.0,60.25,42.5,38.5,40.25,47.75,38.5,48.0,,,,,
116,,,,,,,,,,,,56.25,62.0,64.0,49.0,45.25,58.0,59.5,47.5,43.0,41.25,38.75,46.75,39.0,37.5,29.25,26.25,28.75,23.75,28.0,27.75,30.0,15.5,28.75,28.25,27.5,32.0,41.25,51.0,63.25,61.75,61.25,69.25,60.0,56.75,50.0,37.5,33.75,36.0,30.5,48.75,49.5,61.0,57.0,66.25,74.25,42.0,46.0,43.75,53.25,47.0,44.25,,,,,
117,,,,,,,,,,,,82.25,74.0,62.0,57.5,48.75,54.25,43.0,41.75,54.5,36.75,38.5,46.75,40.75,31.5,34.5,26.75,25.0,16.0,30.25,21.0,20.75,24.0,25.75,40.25,24.25,37.5,29.25,47.5,63.75,65.25,62.0,78.5,60.0,54.25,38.5,41.0,36.0,32.25,33.25,43.75,53.0,57.75,73.25,84.25,76.5,52.0,41.25,41.5,35.0,50.0,43.25,61.25,,,,
118,,,,,,,,,,,,67.0,58.0,64.75,58.5,42.25,60.0,56.75,60.25,48.75,40.75,34.75,51.25,40.25,39.25,33.0,27.5,32.0,24.25,32.0,24.25,27.5,16.0,25.75,30.75,30.5,28.25,45.75,55.0,66.5,52.75,57.25,69.0,59.75,56.5,49.25,40.25,29.25,37.0,31.5,33.5,58.25,68.0,57.5,74.75,65.25,50.5,39.75,52.75,54.0,39.25,51.25,56.0,,,,
119,,,,,,,,,,,,,79.25,65.25,56.5,52.75,53.75,48.75,49.5,53.75,43.0,42.5,36.5,40.25,34.0,38.5,33.25,26.75,12.75,26.25,20.25,17.5,24.0,25.25,35.25,26.25,39.75,30.25,53.75,64.75,70.0,55.75,79.25,52.75,50.75,35.0,34.5,30.75,32.75,26.0,44.5,54.75,63.75,69.75,79.25,69.75,46.0,39.25,40.0,44.25,53.25,45.25,59.0,,,,
120,,,,,,,,,,,,,76.25,67.25,59.25,50.75,51.5,48.75,49.75,54.75,34.5,35.5,44.5,37.0,35.0,34.25,34.75,27.75,18.25,29.0,20.5,20.25,27.25,38.25,35.25,31.75,36.75,31.5,51.0,58.75,62.0,59.0,74.0,56.5,56.5,41.25,42.0,36.5,35.75,30.0,38.25,59.5,63.75,72.0,92.5,76.0,52.5,39.75,42.25,44.5,52.0,44.25,56.75,,,,
121,,,,,,,,,,,,,65.75,71.25,59.25,46.5,56.25,53.25,54.0,42.25,43.25,29.25,38.25,39.5,45.25,32.5,33.5,33.25,22.25,27.75,22.0,25.5,15.0,26.0,31.0,35.75,26.75,42.75,44.0,58.75,58.5,49.25,70.25,63.25,58.25,51.25,40.5,30.0,39.25,33.5,42.25,58.75,71.0,53.0,62.0,67.0,48.25,42.75,51.0,54.25,48.0,47.75,53.25,,,,
122,,,,,,,,,,,,,70.5,66.0,64.0,44.0,63.75,59.0,60.75,46.5,53.75,32.0,44.25,42.0,37.0,29.5,27.25,33.25,22.5,27.0,21.5,34.0,13.25,23.5,31.5,33.75,34.25,39.25,47.5,60.25,52.5,56.5,72.75,59.0,57.5,56.25,41.75,31.0,42.25,27.25,42.0,56.0,70.5,76.5,66.75,66.25,44.25,48.25,43.0,55.75,44.5,53.25,61.25,,,,
123,,,,,,,,,,,,,65.75,55.25,53.25,42.0,53.25,51.5,38.75,38.75,34.0,43.5,36.75,36.5,33.25,32.25,23.0,24.0,17.75,23.5,25.75,15.5,23.25,17.75,26.5,28.75,28.0,26.5,57.25,42.5,62.25,48.75,55.25,67.5,42.25,43.0,35.25,33.5,37.25,32.25,35.5,42.25,69.25,89.75,65.25,69.25,36.0,39.25,37.5,31.25,37.25,48.25,61.25,,,,
124,,,,,,,,,,,,,59.0,56.25,65.0,41.5,55.25,57.75,60.0,41.25,40.25,34.5,48.0,41.25,38.5,32.5,25.5,30.0,22.75,18.75,23.75,24.0,11.75,28.0,31.5,32.25,25.5,41.5,45.75,57.0,56.25,58.0,63.5,51.75,49.5,48.75,36.5,27.5,32.75,24.75,39.75,56.75,69.0,62.75,66.5,62.5,49.75,41.75,41.0,46.0,48.75,42.25,56.25,,,,
125,,,,,,,,,,,,,76.75,63.5,55.25,51.0,60.5,56.0,43.0,47.5,40.5,37.25,38.25,37.0,35.0,33.75,29.75,31.75,16.0,28.25,22.5,16.75,22.5,25.5,35.75,27.25,40.0,32.5,42.75,64.75,54.0,60.75,82.75,56.0,47.75,46.75,36.0,32.75,30.5,26.25,40.25,55.25,56.25,81.0,87.0,68.5,50.5,44.25,46.75,42.5,44.5,40.0,61.5,57.0,,,
126,,,,,,,,,,,,,76.25,65.75,51.25,54.0,62.75,52.0,45.75,55.25,51.75,45.0,43.0,38.25,34.0,34.0,40.0,24.25,20.25,30.25,26.75,23.0,31.25,38.25,33.25,28.0,38.75,30.5,56.5,67.25,64.5,60.5,80.0,71.5,58.25,38.25,38.5,40.5,32.75,36.0,50.0,58.5,61.75,79.75,89.75,80.25,46.5,44.75,53.0,42.25,47.5,50.75,54.75,70.5,,,
127,,,,,,,,,,,,,71.0,63.75,65.0,51.75,59.0,60.5,54.75,48.25,51.5,37.75,44.0,41.25,37.5,33.75,33.5,32.0,21.25,33.0,21.0,27.25,12.5,26.75,28.0,32.75,38.25,39.25,45.5,59.75,56.0,52.5,71.25,59.0,58.25,56.75,33.0,32.25,42.0,30.0,44.0,59.25,70.0,63.0,60.5,68.0,44.0,42.25,42.25,50.75,51.5,55.75,48.75,65.5,,,
128,,,,,,,,,,,,,,63.25,57.5,57.0,67.5,52.75,43.75,57.25,51.5,42.0,50.5,41.5,33.0,36.75,42.0,29.75,23.0,31.25,29.25,21.5,27.5,39.75,38.5,28.75,45.75,30.0,56.25,72.25,65.25,59.5,83.25,72.75,55.25,35.75,38.75,40.75,32.75,38.0,51.25,54.5,60.0,82.75,92.5,75.0,50.25,47.25,47.5,44.25,46.5,48.75,63.0,61.0,,,
129,,,,,,,,,,,,,,58.5,51.0,45.75,54.0,47.25,37.0,47.75,35.0,30.75,41.75,33.75,33.0,29.75,28.5,28.5,17.5,25.0,17.25,20.5,20.5,29.75,41.0,31.25,30.25,27.0,46.5,60.25,65.25,63.75,79.25,49.0,52.75,36.5,37.5,28.5,27.75,26.25,39.5,52.75,66.75,74.5,80.5,69.5,48.75,39.25,41.75,34.5,46.75,36.0,48.25,59.75,,,
130,,,,,,,,,,,,,,50.25,46.0,39.75,44.0,45.75,42.75,37.75,34.5,27.75,31.25,31.0,31.25,21.75,20.0,24.25,22.0,18.25,16.75,20.5,8.75,23.75,25.25,23.5,25.5,31.25,35.75,42.0,45.25,43.75,49.25,45.75,46.25,40.5,29.75,25.0,25.0,21.0,39.0,44.5,56.25,54.75,55.75,55.75,38.75,34.0,30.25,43.0,36.5,40.5,47.5,47.5,,,
131,,,,,,,,,,,,,,67.0,57.0,40.75,57.25,54.0,45.0,43.5,48.0,48.75,50.5,40.5,34.75,39.25,28.25,30.5,21.25,26.0,20.5,22.5,29.25,22.75,20.75,26.75,33.5,30.25,61.5,52.0,74.5,56.5,57.0,65.25,39.0,42.75,44.0,36.5,34.75,30.5,49.5,41.25,75.25,70.25,78.75,65.75,42.25,39.5,38.0,40.25,40.25,55.5,55.25,71.25,,,
132,,,,,,,,,,,,,,64.0,56.25,44.5,60.75,52.5,50.75,46.5,49.0,36.75,43.5,42.0,35.75,34.25,25.0,32.0,30.25,26.0,18.5,28.0,12.5,23.5,25.75,30.0,32.25,35.0,46.75,58.25,64.5,61.25,69.0,51.25,57.75,48.25,40.25,31.75,39.75,28.5,40.25,55.0,58.25,69.75,66.5,72.25,41.25,44.25,42.0,50.0,39.0,50.0,57.25,65.0,,,
133,,,,,,,,,,,,,,62.25,50.5,52.25,54.75,42.25,49.25,45.75,42.5,33.75,40.0,36.0,36.0,34.5,29.5,26.5,14.25,26.5,18.75,19.5,24.0,29.25,38.0,26.5,33.5,28.25,46.0,72.0,56.25,60.0,84.0,55.5,47.25,43.0,31.0,30.5,33.25,29.5,39.5,53.75,60.75,71.5,82.25,60.25,46.0,34.75,43.25,41.0,42.25,34.75,51.25,60.25,83.5,,
134,,,,,,,,,,,,,,59.75,44.0,44.25,64.25,53.75,40.5,45.25,44.25,41.25,37.5,40.75,32.75,30.0,26.0,27.25,23.25,30.75,26.75,18.0,25.75,21.25,29.75,27.5,26.75,31.5,56.75,41.25,60.25,58.0,56.75,67.75,40.25,36.0,43.25,35.0,30.25,32.5,46.0,36.75,69.0,83.5,61.5,71.25,55.0,43.5,34.0,34.75,41.0,56.5,59.25,72.75,77.5,,
135,,,,,,,,,,,,,,,48.5,47.0,56.75,49.0,44.75,50.0,44.0,36.0,40.25,36.75,29.25,30.75,30.75,34.25,14.0,22.75,18.75,20.5,22.0,33.75,34.0,30.25,27.25,28.25,41.5,68.25,61.75,60.5,76.5,45.0,52.5,41.25,34.25,32.25,31.5,32.75,46.0,56.5,54.75,69.0,80.75,71.5,49.25,33.75,44.0,38.25,48.0,34.75,50.25,53.5,81.0,,
136,,,,,,,,,,,,,,,51.5,44.0,50.75,62.25,51.25,46.0,34.75,35.75,37.5,36.0,36.25,27.75,23.75,30.0,27.0,23.75,20.0,26.0,15.5,22.5,29.0,28.0,28.75,37.25,38.0,51.25,57.0,44.25,64.75,50.5,59.0,45.75,36.0,26.0,31.75,29.5,30.5,54.25,56.0,61.75,62.5,65.75,50.5,40.75,38.75,49.25,37.0,44.25,46.75,59.5,77.25,,
137,,,,,,,,,,,,,,,52.25,45.0,56.25,58.25,53.75,48.0,42.75,32.75,45.75,41.5,35.5,29.75,25.0,28.75,23.0,29.0,18.75,21.5,11.5,31.25,30.0,29.25,30.0,39.25,51.25,55.5,53.25,53.75,78.5,56.75,61.0,45.25,38.25,29.75,44.25,23.5,42.5,59.25,60.5,71.25,65.5,56.5,50.0,39.25,41.75,53.25,45.25,59.0,50.75,60.75,84.0,,
138,,,,,,,,,,,,,,,49.5,49.5,50.75,51.0,54.25,36.0,37.5,30.0,41.5,36.25,37.25,29.75,21.25,21.75,22.5,28.25,27.5,23.25,11.25,23.75,31.0,30.0,31.25,32.75,40.5,56.0,54.0,58.5,66.75,54.75,55.25,44.0,37.0,29.5,33.0,23.75,39.5,54.5,63.0,53.5,57.5,55.0,41.5,40.5,37.5,44.5,40.5,46.5,54.5,66.5,79.5,,
139,,,,,,,,,,,,,,,47.25,56.5,54.75,42.25,43.25,49.25,36.0,37.75,38.0,36.75,31.0,34.0,27.75,26.75,18.5,27.5,22.75,19.0,18.5,38.25,34.75,22.75,33.25,25.25,45.5,74.0,60.5,59.0,73.75,58.75,47.75,36.0,35.5,31.5,33.25,22.0,43.5,47.5,60.75,74.75,89.75,64.75,53.0,43.75,40.25,34.75,50.25,37.75,55.75,60.5,71.75,,
140,,,,,,,,,,,,,,,49.25,43.25,50.25,53.0,36.0,40.75,41.5,38.5,46.0,46.25,33.0,34.75,20.75,24.0,17.5,27.25,26.0,19.75,28.75,27.75,23.5,29.75,28.0,30.5,55.0,46.25,58.5,53.5,52.0,59.0,38.75,40.75,34.5,35.25,35.0,35.25,37.5,33.75,73.0,73.0,76.0,71.5,45.5,40.5,36.75,29.25,44.25,51.75,59.0,69.0,73.25,,
141,,,,,,,,,,,,,,,59.0,51.75,61.5,62.75,65.25,46.0,49.25,33.25,50.75,38.75,34.75,30.0,30.75,34.5,25.25,28.5,27.75,19.5,20.25,31.0,31.0,29.25,28.25,39.75,48.25,53.75,61.25,62.5,72.75,53.25,66.0,55.25,40.25,33.0,41.75,32.75,43.25,61.5,66.25,74.5,65.5,70.25,49.0,47.75,46.75,55.75,43.5,52.0,61.75,73.75,88.25,,
142,,,,,,,,,,,,,,,59.75,39.5,61.0,58.75,57.5,42.25,36.0,33.0,38.5,42.0,37.0,29.25,25.0,30.0,20.5,23.75,20.75,27.5,7.25,27.5,23.25,27.5,32.75,41.0,39.25,51.0,49.5,53.0,66.25,55.25,57.5,48.25,39.5,27.75,28.25,27.5,40.25,51.75,59.0,62.25,55.5,62.0,46.25,38.25,42.75,53.5,35.0,44.0,45.0,68.25,82.0,,
143,,,,,,,,,,,,,,,52.5,51.75,62.5,37.25,43.75,40.5,46.0,34.75,31.25,38.0,33.75,36.0,31.0,24.25,16.0,33.0,20.5,19.25,19.5,28.75,38.5,32.75,35.5,29.75,51.0,55.75,69.0,58.75,76.0,47.25,46.75,35.75,43.0,25.25,22.5,28.75,40.5,53.25,65.0,82.25,81.25,75.75,51.0,39.25,51.5,40.25,41.25,42.0,52.0,57.25,85.75,81.0,
144,,,,,,,,,,,,,,,49.5,39.75,53.0,47.0,37.5,37.75,43.25,39.5,48.75,38.75,28.25,31.5,22.0,30.0,22.75,25.25,22.0,20.25,28.25,20.0,25.5,27.75,26.75,33.5,60.5,45.5,51.5,53.25,48.75,69.5,34.25,37.25,36.75,33.25,30.5,27.75,35.5,34.0,67.5,70.5,69.75,75.5,46.75,39.25,40.5,37.25,37.75,48.5,58.0,61.5,66.75,54.25,
145,,,,,,,,,,,,,,,54.25,38.25,57.5,48.25,56.0,39.5,38.5,34.25,43.5,34.5,32.75,27.75,25.0,30.5,26.0,28.75,20.25,23.25,16.0,23.0,26.0,30.5,29.0,39.75,47.0,57.5,47.0,51.5,65.25,56.0,54.0,46.0,35.5,27.25,40.25,28.75,37.75,54.0,54.75,61.5,57.5,67.0,51.5,38.75,42.0,54.0,42.75,50.75,48.0,72.0,78.5,59.75,
146,,,,,,,,,,,,,,,,52.0,59.5,35.75,47.0,45.0,43.5,32.0,35.75,38.0,31.5,33.5,33.0,23.5,13.75,30.5,24.0,19.25,21.75,26.75,33.25,29.25,35.25,29.0,46.5,51.75,61.0,57.25,74.0,53.5,44.25,35.25,40.75,30.0,24.75,29.0,40.75,51.5,61.0,79.25,78.75,71.5,45.25,42.5,48.5,37.75,43.75,37.5,48.0,57.25,89.0,79.5,
147,,,,,,,,,,,,,,,,39.75,55.5,47.0,58.0,41.75,41.5,33.5,42.25,35.5,32.75,30.5,22.0,32.0,24.25,29.0,24.0,22.25,15.5,30.5,26.5,32.0,32.0,45.0,45.75,55.75,59.25,56.5,66.75,52.25,52.75,48.75,34.75,30.0,41.25,28.5,38.0,51.0,63.5,69.0,62.25,69.5,46.75,38.0,42.0,48.5,41.0,49.25,51.75,68.5,78.5,62.5,
148,,,,,,,,,,,,,,,,52.75,47.0,45.5,45.75,52.0,46.5,35.25,38.0,40.25,29.75,35.25,33.5,30.0,15.25,27.25,22.75,19.25,17.25,34.5,36.75,22.75,32.25,32.5,46.5,62.0,51.75,54.0,79.25,53.75,54.75,41.0,40.75,32.25,31.25,33.0,36.75,52.75,62.5,74.0,83.25,63.25,44.0,41.25,44.75,36.5,48.25,39.5,54.75,60.0,81.5,75.75,
149,,,,,,,,,,,,,,,,37.25,50.5,47.25,36.0,40.75,43.75,38.0,45.0,39.0,28.0,33.25,20.5,28.0,18.5,23.75,14.25,14.0,21.25,23.0,22.5,25.75,28.25,26.5,50.25,42.75,57.75,51.5,57.0,54.75,41.5,40.5,32.25,33.0,26.5,33.75,38.5,44.5,71.5,66.25,67.5,68.0,42.25,42.75,37.75,31.5,36.0,50.75,52.25,65.0,68.25,53.75,
150,,,,,,,,,,,,,,,,40.75,44.5,52.75,49.5,39.75,48.25,32.5,41.5,37.25,37.25,34.75,26.75,26.25,24.5,29.0,19.25,23.75,13.25,30.5,24.25,27.75,29.0,36.25,39.75,47.75,51.75,54.75,57.75,53.25,47.5,46.0,32.0,27.25,33.5,30.0,43.25,47.25,66.25,69.25,56.75,58.0,43.75,33.0,38.0,44.75,36.5,48.5,49.0,69.5,66.5,52.5,
151,,,,,,,,,,,,,,,,49.25,59.25,40.5,46.75,51.25,43.5,39.5,37.75,40.5,41.75,37.75,34.0,31.0,19.0,29.0,20.0,21.0,25.5,35.0,31.75,27.75,30.75,28.5,48.0,54.0,67.75,64.0,80.75,54.5,52.25,38.25,32.5,32.5,27.0,29.5,42.75,61.75,68.75,75.5,86.25,61.75,48.0,36.0,50.5,39.25,58.0,42.5,60.75,53.0,84.25,78.75,
152,,,,,,,,,,,,,,,,37.75,47.75,48.25,58.25,43.75,44.0,31.0,45.0,38.25,32.0,27.75,25.5,26.75,24.75,25.75,20.75,25.75,11.0,26.0,32.5,30.25,27.75,33.75,41.5,53.0,56.5,48.75,64.75,55.75,47.0,45.0,41.25,35.5,35.75,26.25,44.5,50.5,58.0,63.25,63.75,70.75,44.75,40.5,42.5,48.75,38.25,41.75,50.0,61.75,80.5,57.5,
153,,,,,,,,,,,,,,,,40.75,54.5,58.75,58.75,40.5,44.25,33.75,39.25,39.0,36.75,31.0,21.25,26.25,23.5,29.0,18.0,30.5,13.5,31.25,26.0,22.0,25.0,31.0,39.5,48.0,53.25,51.75,68.75,60.25,52.75,46.25,37.75,25.25,35.75,23.5,42.75,53.0,55.0,53.75,71.0,55.75,46.75,41.5,36.25,43.0,38.75,52.0,45.0,56.75,74.0,63.5,
154,,,,,,,,,,,,,,,,55.5,60.0,47.75,43.0,49.5,41.0,34.75,39.25,40.0,33.5,33.25,31.5,31.0,18.5,31.5,20.0,19.0,17.75,33.0,33.75,27.5,33.5,37.75,53.75,69.25,60.75,51.5,78.25,63.5,56.0,45.0,43.75,24.75,28.25,27.5,39.5,54.5,61.75,76.0,76.5,70.25,58.0,51.5,44.5,42.75,47.75,46.25,47.25,61.5,83.5,88.25,
155,,,,,,,,,,,,,,,,50.25,54.5,66.5,56.75,51.0,43.0,31.0,51.5,39.0,35.75,32.75,36.0,36.25,25.25,31.0,19.5,28.25,10.75,27.25,31.5,29.0,30.25,41.0,46.0,50.5,60.75,55.0,70.5,55.0,59.75,46.75,39.0,34.0,40.75,28.5,43.0,48.25,70.75,75.0,75.5,67.0,46.75,47.0,44.0,60.5,42.0,55.25,60.25,64.5,81.25,74.5,
156,,,,,,,,,,,,,,,,,51.0,42.5,42.5,44.5,41.0,31.25,39.0,34.25,30.0,36.5,31.25,32.5,17.0,25.0,20.5,19.75,21.25,35.25,40.25,29.75,31.5,34.0,39.75,65.5,60.75,60.5,63.75,52.75,46.0,35.5,29.5,31.75,26.0,30.0,40.25,54.5,60.5,68.25,83.25,66.25,53.25,46.25,39.0,40.5,46.0,45.25,44.5,62.0,67.25,77.5,56.25
157,,,,,,,,,,,,,,,,,60.25,52.5,53.75,45.5,39.25,30.5,41.0,34.75,39.25,31.0,26.5,26.5,22.5,23.75,23.0,25.0,14.0,30.5,30.0,28.75,26.75,38.5,48.25,44.25,55.5,51.75,69.25,56.75,53.25,46.5,36.5,22.0,37.75,22.75,38.25,56.0,53.5,62.25,63.5,63.5,44.0,39.75,38.5,45.75,35.5,45.75,47.0,65.25,81.75,68.0,58.5
158,,,,,,,,,,,,,,,,,57.25,46.25,50.25,52.5,45.5,37.0,40.25,35.75,32.5,28.5,29.5,26.25,14.25,29.5,25.25,19.25,26.75,33.25,40.25,25.75,34.25,31.0,46.25,66.5,56.0,48.75,70.25,64.5,49.25,36.0,34.75,33.5,28.5,25.75,46.25,52.75,60.5,87.5,77.5,67.5,51.25,39.25,48.5,38.75,48.75,43.25,48.75,64.75,91.25,82.0,67.5
159,,,,,,,,,,,,,,,,,50.0,45.5,46.25,40.5,40.0,26.75,38.75,32.75,30.0,31.5,25.5,25.5,23.25,28.0,19.5,22.75,14.5,28.5,30.75,28.75,29.5,32.5,34.25,43.5,48.5,53.0,64.5,64.75,51.5,46.25,30.0,26.75,33.0,32.75,33.5,49.75,62.75,54.5,54.0,68.0,45.75,41.0,35.25,44.75,40.5,44.25,50.0,56.75,79.0,59.75,59.25
160,,,,,,,,,,,,,,,,,50.25,47.25,51.5,57.0,38.75,39.5,37.75,39.0,38.5,32.0,26.5,28.5,15.25,31.75,22.5,18.25,26.5,28.25,39.25,27.75,36.0,35.75,54.25,68.75,68.5,56.0,73.0,62.0,57.0,35.75,40.25,30.5,37.0,22.0,41.0,56.75,56.0,75.75,85.0,74.0,45.25,36.25,45.25,43.0,47.75,35.0,57.0,60.0,88.5,85.0,62.75
161,,,,,,,,,,,,,,,,,53.75,42.0,41.0,47.5,41.75,39.0,40.0,36.5,36.25,34.25,35.25,31.75,16.25,27.75,18.5,21.25,22.25,31.75,37.5,30.0,34.0,33.25,45.25,61.0,63.25,55.0,77.0,58.25,45.5,42.0,39.25,30.25,36.5,25.0,33.5,54.0,57.5,77.25,85.5,67.0,49.25,44.0,43.75,42.25,49.5,42.5,47.5,61.75,87.75,82.25,65.75
162,,,,,,,,,,,,,,,,,47.0,45.25,49.0,40.25,38.5,34.0,33.0,37.25,32.0,30.5,25.5,26.75,22.75,26.5,19.25,26.0,11.75,21.75,28.5,27.75,27.5,36.5,37.25,50.75,40.0,52.25,59.25,43.5,55.0,46.25,33.25,28.5,37.25,25.5,33.5,54.0,64.25,59.0,57.25,57.25,46.5,40.5,41.5,48.0,34.25,47.25,46.25,65.25,79.0,61.25,54.0
163,,,,,,,,,,,,,,,,,55.5,56.5,39.25,52.5,45.5,43.25,45.25,44.75,30.25,33.75,21.0,23.0,20.25,26.25,21.25,21.5,29.25,22.0,20.25,36.75,22.75,34.75,51.0,42.75,62.5,50.25,59.75,64.5,36.25,34.25,44.0,35.5,30.75,31.75,37.25,43.75,78.5,82.75,70.0,73.5,49.5,43.25,39.5,29.75,33.25,47.0,54.5,72.25,77.75,52.75,41.5
