,2020-03-01,2020-03-08,2020-03-15,2020-03-22,2020-03-29,2020-04-05,2020-04-12,2020-04-19,2020-04-26,2020-05-03,2020-05-10,2020-05-17,2020-05-24,2020-05-31,2020-06-07,2020-06-14,2020-06-21,2020-06-28,2020-07-05,2020-07-12,2020-07-19,2020-07-26,2020-08-02,2020-08-09,2020-08-16,2020-08-23,2020-08-30,2020-09-06,2020-09-13,2020-09-20,2020-09-27,2020-10-04,2020-10-11,2020-10-18,2020-10-25,2020-11-01,2020-11-08,2020-11-15,2020-11-22,2020-11-29,2020-12-06,2020-12-13,2020-12-20,2020-12-27,2021-01-03,2021-01-10,2021-01-17,2021-01-24,2021-01-31,2021-02-07,2021-02-14,2021-02-21,2021-02-28,2021-03-07,2021-03-14,2021-03-21,2021-03-28,2021-04-04,2021-04-11,2021-04-18,2021-04-25,2021-05-02,2021-05-09,2021-05-16,2021-05-23,2021-05-30,2021-06-06,2021-06-13,2021-06-20,2021-06-27,2021-07-04,2021-07-11,2021-07-18,2021-07-25,2021-08-01,2021-08-08,2021-08-15,2021-08-22,2021-08-29,2021-09-05,2021-09-12,2021-09-19
0,0.0,0.0,12.0,14.5,6.25,0.0,5.75,0.0,6.5,0.0,0.0,0.0,0.0,0.0,5.75,8.75,8.25,6.75,0.0,0.0,4.0,16.0,15.5,20.5,6.75,6.5,15.75,24.0,20.25,10.75,6.5,34.0,16.75,10.75,20.25,13.25,2.75,6.25,7.5,12.25,21.75,0.0,11.5,45.75,94.5,73.5,40.0,0.0,3.0,16.5,15.25,,,,,,,,,,,,,,,,,,,,,,,,,,,,,,,
1,0.0,0.0,22.0,4.5,4.25,0.0,27.0,0.0,3.75,0.0,6.75,15.5,0.0,0.0,21.5,9.0,17.0,11.5,0.0,3.5,16.25,8.25,7.25,3.0,13.5,22.0,20.5,26.25,16.25,14.75,9.0,49.25,18.0,0.0,0.0,5.75,17.0,0.0,11.0,19.0,0.0,0.0,4.75,15.0,79.25,90.25,68.0,32.5,35.75,40.0,64.25,,,,,,,,,,,,,,,,,,,,,,,,,,,,,,,
2,0.0,0.0,12.5,19.5,13.5,6.0,0.0,0.0,6.5,0.0,0.0,0.0,0.0,0.0,16.75,4.0,6.75,18.5,0.0,0.0,4.5,8.5,20.5,30.25,4.25,4.25,14.75,25.0,29.75,9.25,7.5,41.75,27.25,21.25,30.0,17.5,7.5,13.75,0.0,4.0,14.5,2.75,14.5,55.75,88.5,77.75,58.5,0.0,4.75,3.25,26.5,,,,,,,,,,,,,,,,,,,,,,,,,,,,,,,
3,0.0,0.0,14.75,2.5,5.25,4.5,0.0,0.0,7.25,0.0,0.0,0.0,0.0,0.0,2.0,2.75,2.25,0.0,0.0,0.0,0.0,2.75,12.75,18.5,5.75,12.75,5.5,9.5,13.0,5.0,0.0,32.5,16.5,5.5,23.25,11.75,2.5,9.75,5.0,5.25,14.0,4.75,3.0,41.25,97.5,83.0,27.75,5.0,5.5,8.25,18.75,,,,,,,,,,,,,,,,,,,,,,,,,,,,,,,
4,0.0,0.0,26.5,0.0,9.25,0.0,17.5,0.0,7.5,0.0,8.75,8.0,0.0,0.0,15.75,9.25,13.75,10.75,0.0,0.0,23.75,15.25,23.25,0.0,6.25,12.25,15.75,18.25,34.0,22.25,18.25,49.5,4.75,0.0,0.0,0.0,22.0,23.25,17.75,27.0,0.0,0.0,18.25,20.25,72.0,67.25,68.75,70.25,28.5,29.25,32.5,,,,,,,,,,,,,,,,,,,,,,,,,,,,,,,
5,0.0,0.0,8.75,0.0,4.75,7.0,0.0,0.0,9.25,0.0,0.0,0.0,0.0,0.0,11.25,0.0,9.75,5.0,0.0,0.0,5.5,18.5,24.75,36.25,2.75,10.25,15.0,15.0,27.25,12.75,10.0,15.0,26.0,8.0,21.25,18.25,2.5,0.0,7.5,7.0,5.25,5.0,24.0,56.5,94.25,96.0,33.0,8.25,5.75,22.75,32.0,,,,,,,,,,,,,,,,,,,,,,,,,,,,,,,
6,0.0,0.0,14.25,0.0,0.0,0.0,8.25,0.0,6.0,0.0,9.0,0.0,0.0,0.0,21.0,9.0,5.5,9.75,0.0,10.5,10.5,16.5,18.75,0.0,3.25,6.5,12.25,12.25,20.0,16.0,6.5,12.25,2.5,0.0,5.25,5.25,0.0,9.75,9.75,14.0,2.75,0.0,11.75,16.75,88.0,75.0,78.5,31.5,17.5,25.25,39.75,,,,,,,,,,,,,,,,,,,,,,,,,,,,,,,
7,0.0,0.0,20.5,7.5,10.0,0.0,13.5,0.0,0.0,0.0,7.0,3.75,0.0,0.0,17.0,0.0,3.25,7.75,0.0,0.0,20.75,8.25,19.0,10.75,0.0,11.5,19.25,6.75,26.0,7.5,7.5,42.25,11.25,0.0,0.0,16.0,6.75,4.0,22.25,6.5,0.0,0.0,9.5,12.75,86.5,100.0,67.75,65.75,42.75,58.5,34.75,,,,,,,,,,,,,,,,,,,,,,,,,,,,,,,
8,0.0,0.0,8.75,12.75,13.25,7.5,3.0,4.0,3.25,0.0,0.0,0.0,0.0,0.0,17.25,11.0,12.25,3.5,0.0,0.0,13.0,21.75,17.0,10.75,7.75,3.5,11.75,11.25,6.75,11.25,8.0,33.25,15.0,8.5,14.75,8.0,7.5,6.75,11.75,10.75,7.25,0.0,5.25,29.25,96.5,81.75,63.75,13.0,13.0,12.25,41.5,,,,,,,,,,,,,,,,,,,,,,,,,,,,,,,
9,,5.75,17.5,10.25,5.25,4.25,14.0,9.0,4.75,0.0,0.0,10.75,0.0,0.0,30.25,14.75,7.75,24.0,0.0,13.5,19.25,17.0,14.75,11.75,0.0,0.0,22.75,24.0,15.0,18.5,7.75,34.75,6.0,5.0,9.25,14.0,12.0,12.0,21.25,22.25,5.25,3.0,6.0,41.0,75.75,81.5,48.5,47.5,19.75,40.25,52.75,47.75,,,,,,,,,,,,,,,,,,,,,,,,,,,,,,
10,,0.0,19.25,0.0,0.0,0.0,9.25,0.0,6.0,0.0,3.5,13.0,0.0,0.0,37.75,19.25,6.25,17.0,0.0,14.25,19.0,3.5,6.75,6.25,0.0,3.25,27.5,16.5,13.25,13.25,3.5,27.75,3.25,0.0,0.0,7.25,9.75,9.75,16.5,20.75,0.0,0.0,8.0,39.75,77.25,42.0,59.0,54.25,22.25,31.0,60.0,35.25,,,,,,,,,,,,,,,,,,,,,,,,,,,,,,
11,,0.0,19.5,2.25,8.5,0.0,9.5,0.0,7.5,0.0,0.0,4.75,0.0,0.0,16.5,5.25,19.25,18.25,0.0,6.25,0.0,4.0,14.5,15.5,5.5,12.75,5.75,13.25,27.25,12.0,5.0,38.75,11.75,6.5,10.75,4.75,10.0,8.75,10.25,21.0,0.0,0.0,9.5,50.75,90.0,89.5,54.5,36.25,35.75,27.0,39.75,52.25,,,,,,,,,,,,,,,,,,,,,,,,,,,,,,
12,,0.0,18.5,13.5,13.0,5.25,7.75,0.0,5.75,0.0,0.0,0.0,0.0,0.0,13.5,9.0,6.0,12.5,0.0,0.0,7.5,15.25,8.5,19.0,6.0,18.5,9.75,18.0,14.0,5.5,6.25,23.5,18.25,3.25,12.5,5.75,3.25,5.75,11.75,2.75,8.75,0.0,12.0,26.25,98.75,59.75,50.75,3.75,3.75,22.0,36.0,30.5,,,,,,,,,,,,,,,,,,,,,,,,,,,,,,
13,,0.0,11.0,3.75,0.0,0.0,15.0,0.0,0.0,0.0,6.75,3.75,0.0,0.0,17.5,12.75,10.0,10.75,0.0,7.75,16.5,4.0,18.25,0.0,0.0,11.25,25.25,15.5,14.0,8.0,4.0,25.0,10.75,0.0,0.0,10.75,13.25,13.25,21.5,5.75,0.0,0.0,13.5,22.0,72.75,74.75,73.25,31.0,23.0,17.0,20.5,87.75,,,,,,,,,,,,,,,,,,,,,,,,,,,,,,
14,,0.0,19.0,0.0,2.75,0.0,17.5,0.0,5.75,0.0,12.75,12.75,0.0,0.0,16.5,11.0,7.25,9.5,0.0,4.5,14.0,16.25,11.75,4.0,4.5,0.0,14.25,18.0,9.0,11.5,11.5,15.5,4.25,0.0,0.0,0.0,6.0,12.25,19.75,6.5,0.0,0.0,5.25,31.25,81.0,45.75,55.5,44.25,19.75,19.25,31.75,44.5,,,,,,,,,,,,,,,,,,,,,,,,,,,,,,
15,,0.0,6.25,9.25,9.0,8.25,2.75,0.0,6.0,0.0,0.0,0.0,0.0,0.0,10.25,5.5,9.5,3.25,0.0,0.0,2.75,9.75,26.0,22.25,6.5,16.25,2.5,5.75,21.75,3.25,0.0,35.0,32.25,6.0,26.0,22.75,3.5,9.25,3.0,6.0,20.25,5.75,23.25,41.75,100.0,75.75,31.75,0.0,4.0,13.5,32.25,21.25,,,,,,,,,,,,,,,,,,,,,,,,,,,,,,
16,,0.0,13.25,2.75,12.75,3.0,7.0,0.0,7.5,0.0,0.0,0.0,0.0,0.0,5.0,2.25,13.75,13.25,0.0,0.0,5.75,14.5,19.25,8.5,5.75,7.5,19.25,10.75,14.0,14.5,3.0,20.75,16.75,4.75,14.25,11.25,7.5,7.5,2.5,5.75,15.25,3.25,10.5,43.25,77.5,64.25,31.75,12.0,17.75,15.75,26.25,20.75,,,,,,,,,,,,,,,,,,,,,,,,,,,,,,
17,,0.0,0.0,8.75,5.5,5.25,2.5,0.0,8.5,0.0,0.0,0.0,0.0,0.0,13.75,5.25,5.75,8.75,0.0,0.0,0.0,12.5,12.0,29.25,6.25,8.75,9.0,8.75,20.75,12.0,6.0,23.75,28.0,18.75,22.25,12.25,2.75,3.0,3.0,5.5,25.0,0.0,11.25,43.0,97.25,78.0,46.0,3.5,0.0,9.5,17.75,16.25,,,,,,,,,,,,,,,,,,,,,,,,,,,,,,
18,,8.0,0.0,3.25,11.25,10.25,13.75,22.0,3.75,0.0,0.0,3.25,0.0,0.0,3.0,0.0,30.75,3.5,0.0,9.25,31.0,24.25,16.75,4.5,11.25,19.0,7.5,21.5,22.25,0.0,11.75,21.0,11.0,23.75,11.25,3.5,0.0,0.0,8.25,0.0,11.5,0.0,40.25,52.5,65.25,100.0,53.25,32.75,14.25,22.25,13.0,35.0,57.75,,,,,,,,,,,,,,,,,,,,,,,,,,,,,
19,,0.0,14.0,0.0,3.5,0.0,12.25,0.0,8.0,0.0,3.75,3.75,0.0,0.0,24.25,12.25,20.5,8.75,0.0,0.0,23.25,4.25,13.25,3.75,4.75,4.75,17.25,13.25,11.75,17.75,4.0,42.75,4.75,0.0,0.0,8.0,12.25,16.5,17.25,24.25,0.0,0.0,5.0,29.5,54.0,89.75,67.0,47.0,19.5,35.75,44.5,90.25,49.25,,,,,,,,,,,,,,,,,,,,,,,,,,,,,
20,,0.0,10.25,8.75,12.25,2.5,2.75,0.0,8.25,0.0,0.0,0.0,0.0,0.0,7.75,2.5,9.25,12.75,0.0,0.0,0.0,9.25,9.75,21.25,9.75,14.75,6.5,6.25,11.75,6.0,2.75,34.5,16.25,16.0,19.75,13.25,6.25,0.0,0.0,6.0,9.75,3.25,7.75,47.25,90.5,65.75,31.25,7.5,3.0,16.5,33.0,25.25,49.75,,,,,,,,,,,,,,,,,,,,,,,,,,,,,
21,,,16.75,9.25,7.75,0.0,2.5,0.0,2.5,0.0,0.0,0.0,0.0,0.0,16.25,9.25,7.75,10.0,0.0,0.0,2.75,10.0,15.25,20.5,2.75,18.25,5.75,9.0,23.5,9.25,5.75,29.25,29.75,10.0,26.0,10.0,2.75,8.5,0.0,2.5,22.5,0.0,41.75,28.25,96.75,59.75,23.0,10.25,6.0,6.0,35.5,16.5,37.75,,,,,,,,,,,,,,,,,,,,,,,,,,,,,
22,,,0.0,8.25,4.5,4.75,0.0,17.0,5.75,0.0,0.0,1.25,0.0,0.0,5.75,0.0,9.75,2.25,0.0,7.5,4.5,15.0,5.0,8.25,0.0,6.25,4.25,2.75,3.75,0.0,7.0,16.75,6.5,8.25,2.75,7.75,0.0,0.0,8.75,3.75,13.25,0.0,18.75,12.75,50.75,84.5,24.25,17.5,7.0,24.75,5.0,13.0,31.0,,,,,,,,,,,,,,,,,,,,,,,,,,,,,
23,,,11.25,9.25,9.0,3.0,11.75,0.0,5.75,0.0,0.0,6.25,0.0,0.0,3.0,2.75,6.5,6.75,0.0,7.5,6.5,6.25,6.25,9.25,4.0,12.75,13.0,10.0,12.0,6.75,3.0,22.25,16.25,0.0,6.75,10.5,9.25,3.0,6.0,5.25,3.25,0.0,7.75,38.25,88.0,87.5,38.5,32.0,22.25,14.75,35.25,22.25,37.25,,,,,,,,,,,,,,,,,,,,,,,,,,,,,
24,,,,3.75,6.5,7.5,4.25,19.25,4.5,0.0,0.0,4.5,0.0,0.0,8.0,0.0,22.75,0.0,0.0,0.0,0.0,15.75,10.25,9.25,5.0,7.5,12.75,19.0,9.75,0.0,10.0,26.5,6.0,15.0,0.0,6.5,0.0,0.0,12.25,2.0,24.0,0.0,32.25,44.75,60.25,92.75,71.25,13.0,16.25,10.5,23.5,13.5,25.75,41.25,,,,,,,,,,,,,,,,,,,,,,,,,,,,
25,,,,6.5,3.75,0.0,0.0,0.0,17.5,0.0,0.0,0.0,0.0,0.0,8.0,5.0,11.5,6.0,0.0,0.0,2.5,8.5,10.5,25.75,2.5,10.5,8.25,14.25,18.25,11.75,4.0,19.75,20.75,12.0,26.25,15.25,2.25,5.25,3.0,5.75,13.75,6.25,13.0,38.75,85.5,72.0,20.25,2.5,3.25,5.75,22.75,11.75,26.5,11.25,,,,,,,,,,,,,,,,,,,,,,,,,,,,
26,,,,7.75,12.0,1.75,4.75,16.0,14.75,0.0,0.0,2.5,0.0,0.0,3.0,0.0,11.0,0.0,0.0,2.25,16.5,21.0,9.5,5.75,6.25,8.5,11.25,8.0,4.5,0.0,6.0,12.75,14.25,15.75,8.25,11.5,0.0,0.0,12.0,0.0,23.5,0.0,10.5,27.75,64.0,95.5,43.75,14.25,16.25,24.5,16.75,12.25,26.5,51.0,,,,,,,,,,,,,,,,,,,,,,,,,,,,
27,,,,6.25,7.0,3.5,0.0,0.0,7.25,0.0,0.0,0.0,0.0,0.0,10.0,2.75,18.5,9.0,0.0,0.0,0.0,7.75,20.0,13.0,0.0,6.75,16.25,13.75,19.0,8.0,2.75,35.75,20.75,9.5,19.5,10.75,0.0,11.25,6.5,6.5,9.75,6.75,21.5,37.0,90.5,83.75,45.75,6.0,0.0,10.75,17.5,27.75,59.25,20.5,,,,,,,,,,,,,,,,,,,,,,,,,,,,
28,,,,3.0,0.0,0.0,11.0,0.0,5.5,0.0,2.5,6.5,0.0,0.0,23.0,10.25,5.5,6.5,0.0,0.0,3.5,7.25,9.75,5.5,6.25,13.75,16.75,7.25,12.25,6.0,6.5,18.75,9.75,0.0,0.0,3.5,9.75,9.25,6.75,6.0,0.0,0.0,8.75,18.5,77.0,60.5,69.25,50.0,23.5,27.25,36.0,82.0,55.75,25.5,,,,,,,,,,,,,,,,,,,,,,,,,,,,
29,,,,,6.25,0.0,16.0,0.0,3.0,0.0,5.25,7.0,0.0,0.0,15.25,9.25,11.0,13.25,0.0,4.25,12.5,5.5,3.25,0.0,0.0,7.0,16.75,18.25,5.75,12.75,0.0,17.25,0.0,0.0,0.0,2.5,15.25,3.25,6.5,13.25,0.0,0.0,0.0,12.25,54.75,67.0,52.5,33.75,26.25,33.0,19.0,43.75,62.25,17.5,43.5,,,,,,,,,,,,,,,,,,,,,,,,,,,
30,,,,,8.25,6.25,2.75,13.25,19.5,0.0,0.0,9.25,0.0,0.0,3.0,0.0,26.25,0.0,0.0,3.25,3.5,21.5,3.0,5.5,0.0,10.0,7.0,16.0,9.5,0.0,3.75,13.75,6.5,26.5,6.75,18.0,0.0,0.0,12.75,0.0,17.0,0.0,24.0,29.25,69.25,95.75,47.25,28.5,10.0,19.5,16.0,17.25,19.25,54.0,37.5,,,,,,,,,,,,,,,,,,,,,,,,,,,
31,,,,,3.75,3.75,6.0,0.0,2.5,0.0,0.0,0.0,0.0,0.0,13.25,2.75,6.25,9.25,0.0,0.0,8.75,4.25,16.75,21.25,5.0,0.0,2.75,11.25,17.5,12.25,3.0,31.75,33.25,20.5,29.5,20.25,0.0,5.75,7.75,0.0,8.75,3.0,11.0,49.5,96.25,86.0,36.25,0.0,10.75,5.0,33.5,29.75,26.0,18.75,21.75,,,,,,,,,,,,,,,,,,,,,,,,,,,
32,,,,,8.5,3.0,2.75,0.0,0.0,0.0,0.0,0.0,0.0,0.0,14.25,6.75,18.0,9.75,0.0,0.0,3.5,7.0,18.75,24.25,0.0,6.25,10.5,9.75,18.0,9.5,6.5,41.0,26.5,3.25,17.25,7.0,3.0,9.25,6.0,3.0,16.25,2.5,15.75,47.5,95.0,75.75,38.25,7.75,6.75,7.5,24.25,27.75,23.0,7.25,22.0,,,,,,,,,,,,,,,,,,,,,,,,,,,
33,,,,,7.0,5.75,2.75,7.25,10.0,0.0,0.0,9.25,0.0,0.0,5.0,0.0,18.25,7.5,0.0,11.5,13.5,9.5,14.0,5.25,6.75,12.0,18.25,17.75,7.0,0.0,3.0,19.0,9.75,7.0,3.75,8.25,0.0,0.0,9.0,7.0,22.25,0.0,19.75,32.0,69.25,100.0,51.25,42.75,14.75,23.75,24.0,24.5,32.25,52.75,11.5,,,,,,,,,,,,,,,,,,,,,,,,,,,
34,,,,,7.0,0.0,10.25,0.0,4.0,0.0,7.75,11.5,0.0,0.0,14.5,7.25,11.5,16.0,0.0,0.0,17.75,12.25,3.75,11.25,12.75,8.25,27.5,7.75,11.5,11.75,7.5,11.5,16.5,0.0,0.0,4.0,15.25,11.5,11.5,21.25,0.0,0.0,4.75,14.0,75.5,83.0,68.0,51.25,34.75,32.25,41.75,71.0,51.5,37.0,43.0,,,,,,,,,,,,,,,,,,,,,,,,,,,
35,,,,,0.0,0.0,11.25,0.0,7.0,0.0,2.75,10.5,0.0,0.0,17.0,11.0,15.75,7.75,0.0,0.0,11.5,12.25,16.25,2.5,3.0,8.0,19.75,13.5,6.0,11.0,2.5,29.5,13.75,0.0,0.0,8.25,13.25,5.25,13.0,5.0,0.0,0.0,4.25,24.5,71.5,64.5,54.5,52.75,22.25,32.25,34.75,61.0,53.5,21.5,38.75,32.75,,,,,,,,,,,,,,,,,,,,,,,,,,
36,,,,,,6.25,6.25,28.0,7.5,0.0,0.0,6.75,0.0,0.0,4.0,0.0,25.0,4.25,0.0,0.0,20.25,29.25,8.25,13.25,3.5,15.25,7.25,19.0,18.75,0.0,3.5,26.25,7.25,14.25,8.25,8.25,0.0,0.0,3.75,4.0,16.0,0.0,22.25,34.0,55.5,80.0,54.0,34.25,17.25,25.75,27.5,12.5,42.75,84.75,37.75,54.5,,,,,,,,,,,,,,,,,,,,,,,,,,
37,,,,,,2.5,5.0,0.0,7.75,0.0,0.0,0.0,0.0,0.0,20.25,9.75,5.25,7.25,0.0,0.0,5.5,8.0,10.25,18.0,8.25,2.75,10.75,8.0,18.0,8.25,4.75,16.25,15.75,5.75,16.75,7.75,2.75,7.5,0.0,5.0,8.75,2.75,13.75,36.25,100.0,52.25,26.0,8.75,6.25,9.0,18.75,19.5,23.75,19.5,17.75,40.25,,,,,,,,,,,,,,,,,,,,,,,,,,
38,,,,,,8.25,8.75,0.0,9.25,0.0,0.0,0.0,0.0,0.0,17.25,8.25,12.25,12.25,0.0,0.0,7.0,3.5,19.75,27.0,3.5,9.5,8.75,13.0,17.5,6.0,7.25,21.25,26.5,0.0,29.75,14.75,2.75,16.25,5.75,0.0,19.5,7.0,0.0,36.5,78.5,63.75,37.75,7.0,2.75,3.75,30.75,17.5,33.0,15.5,12.0,37.0,,,,,,,,,,,,,,,,,,,,,,,,,,
39,,,,,,,8.5,0.0,5.5,0.0,5.25,8.25,0.0,0.0,17.0,6.0,6.5,13.25,0.0,3.0,17.25,13.5,18.25,0.0,6.0,2.75,19.25,11.5,2.75,6.5,0.0,28.5,10.0,0.0,0.0,0.0,9.5,6.75,18.0,12.25,0.0,0.0,3.5,11.5,72.75,90.75,53.5,49.5,26.5,32.0,46.25,70.25,33.75,22.25,46.25,44.5,57.25,,,,,,,,,,,,,,,,,,,,,,,,,
40,,,,,,,6.75,13.25,9.75,0.0,0.0,3.5,0.0,0.0,5.5,0.0,2.5,3.75,0.0,8.25,8.5,40.0,12.5,19.5,3.75,15.0,7.75,32.0,13.5,0.0,9.75,27.25,4.0,13.5,0.0,7.75,0.0,0.0,10.0,0.0,20.0,0.0,26.5,40.5,81.25,88.25,59.0,26.25,13.0,44.75,15.25,12.25,52.0,58.5,26.75,34.75,50.5,,,,,,,,,,,,,,,,,,,,,,,,,
41,,,,,,,1.25,7.5,6.0,0.0,0.0,2.25,0.0,0.0,2.25,0.0,16.25,1.5,0.0,1.75,7.25,18.0,6.5,10.75,2.5,5.25,4.0,11.75,11.75,0.0,2.25,11.0,8.25,13.75,2.5,5.5,0.0,0.0,4.0,2.25,12.25,0.0,19.75,19.75,44.0,67.75,18.0,15.0,3.5,19.0,8.5,9.5,22.75,38.75,12.75,10.75,28.25,,,,,,,,,,,,,,,,,,,,,,,,,
42,,,,,,,13.0,0.0,5.5,0.0,2.75,8.25,0.0,0.0,13.5,8.5,8.5,10.0,0.0,0.0,11.5,7.75,4.5,5.5,0.0,10.5,10.25,3.0,11.25,5.75,8.5,19.0,4.5,0.0,0.0,6.0,7.25,5.5,7.25,10.75,0.0,0.0,0.0,19.25,47.25,65.25,39.5,35.0,11.25,38.0,34.0,62.75,54.75,15.25,30.25,36.5,37.0,,,,,,,,,,,,,,,,,,,,,,,,,
43,,,,,,,6.0,0.0,8.75,0.0,0.0,0.0,0.0,0.0,13.0,3.75,9.75,3.75,0.0,0.0,3.75,11.25,8.75,21.75,0.0,9.5,6.5,13.25,18.25,7.0,5.5,44.25,28.25,3.25,15.5,17.0,2.75,3.25,0.0,5.0,10.0,2.75,16.5,44.75,96.25,78.5,49.25,4.25,3.25,16.0,16.5,21.25,45.75,12.5,19.25,36.75,78.0,,,,,,,,,,,,,,,,,,,,,,,,,
44,,,,,,,2.0,11.0,5.25,0.0,0.0,0.0,0.0,0.0,5.5,0.0,7.25,3.0,0.0,5.75,15.0,14.25,9.0,7.75,5.25,6.0,5.75,22.5,6.0,0.0,3.0,13.5,6.0,16.5,5.75,5.75,0.0,0.0,8.5,5.25,8.25,0.0,25.0,32.75,63.25,100.0,28.5,26.25,12.5,16.25,16.5,9.25,35.25,48.75,20.0,20.75,38.0,68.0,,,,,,,,,,,,,,,,,,,,,,,,
45,,,,,,,12.25,0.0,3.0,0.0,6.75,4.75,0.0,0.0,15.75,6.25,10.75,9.0,0.0,0.0,15.5,2.75,10.5,0.0,3.75,3.75,16.5,7.0,17.25,3.25,3.5,14.5,3.25,0.0,0.0,7.25,14.5,11.75,18.75,19.0,0.0,0.0,12.75,15.75,82.75,70.75,48.0,41.5,22.0,27.25,19.0,57.75,46.5,19.0,51.25,69.0,55.5,51.0,,,,,,,,,,,,,,,,,,,,,,,,
46,,,,,,,,17.75,3.25,0.0,0.0,3.25,0.0,0.0,5.5,0.0,3.25,3.5,0.0,0.0,8.0,11.5,15.75,7.0,6.5,4.75,10.0,15.5,12.0,0.0,6.5,15.5,3.5,20.0,9.25,14.0,0.0,0.0,6.5,3.0,17.75,0.0,12.0,34.25,63.25,93.25,46.0,17.5,9.5,36.75,14.25,14.0,10.0,31.0,16.25,30.5,50.5,90.5,,,,,,,,,,,,,,,,,,,,,,,,
47,,,,,,,,0.0,2.75,0.0,13.25,2.75,0.0,0.0,17.25,10.25,16.5,4.0,0.0,3.25,29.0,4.25,14.0,0.0,3.75,6.5,21.5,10.0,24.5,0.0,3.5,22.0,0.0,0.0,0.0,8.25,17.5,7.5,20.25,13.25,0.0,0.0,13.25,17.25,52.5,90.0,66.5,42.75,27.25,42.25,27.75,56.25,54.0,36.75,57.0,48.0,73.75,36.5,,,,,,,,,,,,,,,,,,,,,,,,
48,,,,,,,,0.0,11.25,0.0,15.0,6.25,0.0,0.0,22.0,11.5,11.0,3.75,0.0,13.0,26.5,9.75,16.0,3.75,4.0,10.75,25.25,8.25,13.75,9.25,0.0,37.75,0.0,0.0,0.0,8.25,12.0,22.0,12.75,12.25,0.0,0.0,3.75,22.0,63.5,87.0,61.0,67.0,15.25,42.25,27.5,62.5,57.5,48.0,46.5,35.0,61.25,57.75,,,,,,,,,,,,,,,,,,,,,,,,
49,,,,,,,,0.0,14.5,0.0,0.0,0.0,0.0,0.0,5.75,2.75,8.0,6.25,0.0,0.0,2.75,5.75,20.5,29.75,6.25,18.75,5.75,12.0,20.5,5.5,2.5,27.25,18.25,12.0,25.75,5.75,2.5,8.0,2.5,10.75,9.5,0.0,6.5,44.0,86.5,67.25,35.75,3.75,0.0,3.25,14.0,19.0,30.0,16.0,18.0,46.0,73.75,75.0,,,,,,,,,,,,,,,,,,,,,,,,
50,,,,,,,,0.0,3.0,0.0,3.5,14.0,0.0,0.0,23.25,6.5,9.0,15.0,0.0,0.0,20.0,7.25,7.25,6.5,4.25,7.25,17.0,10.25,20.5,14.25,7.75,22.25,0.0,0.0,0.0,7.25,17.75,7.75,28.5,7.0,0.0,0.0,9.75,38.25,77.25,59.75,34.5,42.5,18.75,37.25,21.75,65.25,21.75,32.75,45.25,48.25,64.0,66.5,,,,,,,,,,,,,,,,,,,,,,,,
51,,,,,,,,0.0,0.0,0.0,3.75,6.75,0.0,0.0,17.75,11.25,4.0,15.75,0.0,4.25,8.75,16.5,4.0,7.5,0.0,7.5,23.0,11.5,29.5,8.0,0.0,16.0,4.25,0.0,0.0,0.0,11.0,11.5,7.75,21.0,0.0,0.0,0.0,13.75,91.0,86.75,56.0,33.0,25.75,39.75,45.0,57.5,51.75,41.0,35.5,63.5,61.0,68.5,,,,,,,,,,,,,,,,,,,,,,,,
52,,,,,,,,,3.25,0.0,0.0,3.5,0.0,0.0,20.25,13.75,7.5,10.75,0.0,8.25,7.75,7.75,11.25,3.25,4.0,11.0,22.25,11.0,18.0,10.75,7.0,7.75,7.5,0.0,0.0,11.75,24.75,3.75,14.25,16.75,0.0,0.0,0.0,21.5,72.0,91.75,79.25,34.5,21.25,16.5,30.25,82.5,41.0,29.75,50.75,62.5,70.5,54.25,80.75,,,,,,,,,,,,,,,,,,,,,,,
53,,,,,,,,,5.75,0.0,0.0,0.0,0.0,0.0,2.5,0.0,17.25,2.75,0.0,2.25,5.75,19.5,14.0,6.25,9.0,6.5,13.75,17.0,11.0,0.0,2.0,9.5,4.5,18.0,2.75,2.25,0.0,0.0,6.5,3.5,26.0,0.0,24.5,29.25,51.25,89.5,30.25,8.0,12.5,14.5,8.0,12.25,23.0,54.0,21.25,30.5,53.5,68.75,79.75,,,,,,,,,,,,,,,,,,,,,,,
54,,,,,,,,,2.75,0.0,3.0,6.75,0.0,0.0,13.0,12.25,0.0,6.75,0.0,0.0,18.0,10.25,12.0,12.0,0.0,4.0,14.0,6.25,20.25,3.25,3.0,31.0,13.0,0.0,18.25,10.0,2.75,9.5,12.5,9.0,6.0,0.0,7.25,31.0,94.5,73.25,45.0,25.75,6.75,22.5,37.25,39.0,44.0,20.5,19.5,49.5,70.0,75.5,83.25,,,,,,,,,,,,,,,,,,,,,,,
55,,,,,,,,,5.5,0.0,0.0,3.0,0.0,0.0,23.0,7.25,6.75,7.75,0.0,4.0,7.5,17.5,12.75,12.5,0.0,3.25,13.5,13.25,19.25,3.25,3.25,30.0,15.75,0.0,15.5,12.25,7.5,0.0,6.25,12.5,3.25,0.0,3.75,32.5,64.5,71.75,65.5,30.0,22.25,15.75,33.75,39.25,53.75,22.75,31.25,45.75,54.25,82.0,77.25,,,,,,,,,,,,,,,,,,,,,,,
56,,,,,,,,,7.25,0.0,6.75,7.25,0.0,0.0,18.0,8.75,9.0,7.25,0.0,0.0,7.75,10.0,7.75,3.5,6.0,7.75,7.5,11.5,14.75,7.0,5.5,15.5,11.25,0.0,0.0,7.75,19.0,7.5,3.75,0.0,0.0,0.0,0.0,7.0,45.75,70.0,41.0,32.75,16.75,32.25,35.25,46.5,45.75,30.25,28.75,47.75,52.0,66.5,71.5,,,,,,,,,,,,,,,,,,,,,,,
57,,,,,,,,,2.5,0.0,0.0,5.5,0.0,0.0,5.25,0.0,8.75,5.5,0.0,3.0,2.75,32.0,0.0,11.25,9.5,10.5,6.0,18.75,9.75,0.0,6.5,10.5,9.5,14.25,0.0,8.5,0.0,0.0,12.75,5.25,17.25,0.0,22.75,38.5,69.5,84.0,33.25,40.25,15.5,27.25,20.75,10.25,30.25,41.5,34.5,44.5,32.5,77.25,43.25,76.25,,,,,,,,,,,,,,,,,,,,,,
58,,,,,,,,,17.5,0.0,0.0,0.0,0.0,0.0,12.25,4.75,0.0,10.5,0.0,0.0,0.0,13.5,10.75,23.5,2.5,11.25,5.75,10.75,14.0,8.25,0.0,24.0,27.0,5.5,24.75,13.75,2.5,10.5,2.5,5.0,11.25,2.5,6.5,35.75,71.75,76.0,41.25,5.75,0.0,8.5,13.0,24.25,24.75,11.25,2.5,20.75,41.25,42.5,63.25,,,,,,,,,,,,,,,,,,,,,,,
59,,,,,,,,,5.5,0.0,0.0,0.0,0.0,0.0,14.5,2.75,5.5,12.25,0.0,0.0,0.0,9.25,27.5,26.5,0.0,6.5,12.25,19.0,20.75,18.75,2.75,27.0,16.25,6.25,25.75,16.0,3.0,6.0,3.0,5.0,12.75,3.25,15.5,32.25,91.5,61.25,40.75,10.0,0.0,10.0,26.25,29.5,34.75,12.75,17.5,55.0,50.0,70.0,97.75,73.25,,,,,,,,,,,,,,,,,,,,,,
60,,,,,,,,,,0.0,0.0,1.5,0.0,0.0,3.75,0.0,4.0,1.75,0.0,1.25,7.25,12.5,7.25,2.75,2.0,5.75,6.0,14.75,10.75,0.0,2.75,18.75,4.25,3.75,3.75,2.0,0.0,0.0,5.5,1.5,15.5,0.0,12.25,24.5,41.5,56.25,18.75,14.25,9.75,11.5,9.75,7.75,25.0,22.5,14.75,29.0,26.25,38.0,47.0,54.0,,,,,,,,,,,,,,,,,,,,,,
61,,,,,,,,,,0.0,0.0,0.0,0.0,0.0,8.25,0.0,5.75,7.75,0.0,0.0,5.0,11.25,10.75,20.75,0.0,5.5,17.0,6.5,20.25,6.25,5.75,22.25,12.5,2.25,17.75,9.25,3.0,2.25,3.5,0.0,6.0,2.25,12.75,34.5,87.0,70.25,32.5,3.5,0.0,9.0,28.75,12.5,36.5,22.25,13.5,31.75,56.5,45.0,77.25,87.5,,,,,,,,,,,,,,,,,,,,,,
62,,,,,,,,,,0.0,0.0,0.0,0.0,0.0,7.5,8.0,8.0,5.25,0.0,0.0,6.0,5.75,16.0,10.5,5.75,5.5,7.75,19.75,18.0,8.75,2.5,27.5,25.25,3.0,26.5,14.25,2.5,8.0,5.25,5.0,11.75,10.5,6.75,29.25,97.25,40.0,44.5,3.25,0.0,2.75,16.5,12.0,33.0,6.0,20.25,34.0,70.0,63.5,82.75,68.25,,,,,,,,,,,,,,,,,,,,,,
63,,,,,,,,,,0.0,2.75,7.25,0.0,0.0,4.5,4.5,8.25,8.0,0.0,0.0,19.0,8.25,5.75,5.5,9.0,7.75,15.25,8.0,8.5,7.75,4.5,21.25,3.0,0.0,0.0,5.0,9.5,15.0,5.75,7.0,0.0,0.0,3.5,27.75,58.75,70.0,44.75,23.0,30.0,24.5,18.0,25.75,32.25,28.25,32.5,38.75,47.75,56.0,62.25,61.25,,,,,,,,,,,,,,,,,,,,,,
64,,,,,,,,,,0.0,0.0,6.5,0.0,0.0,2.25,0.0,10.75,6.75,0.0,7.25,9.0,18.75,13.0,6.75,2.5,7.0,4.75,14.0,9.0,0.0,2.0,12.5,6.25,10.75,2.25,7.5,0.0,0.0,9.5,2.0,12.5,0.0,10.75,31.75,37.0,84.75,20.0,21.0,4.75,19.25,13.25,10.75,23.25,38.5,24.0,8.75,39.0,50.75,56.0,65.25,94.0,,,,,,,,,,,,,,,,,,,,,
65,,,,,,,,,,0.0,0.0,0.0,0.0,0.0,8.75,3.25,13.5,2.25,0.0,0.0,2.5,7.25,17.25,24.0,6.0,11.75,7.0,4.5,9.0,19.5,2.25,23.25,17.25,2.25,18.25,15.75,0.0,9.25,0.0,3.25,13.75,0.0,8.5,43.0,75.0,50.75,28.25,3.75,0.0,6.75,32.0,20.0,30.0,15.0,29.5,40.75,36.5,41.75,87.75,78.0,65.75,,,,,,,,,,,,,,,,,,,,,
66,,,,,,,,,,0.0,0.0,0.0,0.0,0.0,16.25,0.0,8.75,3.5,0.0,0.0,2.5,12.75,21.5,22.5,8.25,6.0,8.25,6.25,10.5,7.25,2.5,22.0,18.5,5.25,30.25,8.5,5.75,8.25,0.0,3.25,11.5,6.5,12.0,27.75,88.75,66.0,36.5,0.0,0.0,3.5,17.75,29.75,46.25,11.25,24.0,45.75,56.75,66.75,71.75,63.25,77.75,,,,,,,,,,,,,,,,,,,,,
67,,,,,,,,,,,0.0,0.0,0.0,0.0,15.75,3.0,5.25,0.0,0.0,0.0,2.5,8.5,17.5,22.0,8.25,5.5,11.25,2.75,10.0,10.5,2.5,20.75,9.75,8.5,28.75,4.75,2.25,4.75,3.0,0.0,11.0,3.0,7.0,30.5,78.75,63.5,32.0,0.0,0.0,10.5,16.5,25.25,44.25,14.5,20.0,46.75,62.25,54.5,72.5,66.25,74.75,,,,,,,,,,,,,,,,,,,,,
68,,,,,,,,,,,0.0,0.0,0.0,0.0,7.5,7.75,2.5,0.0,0.0,0.0,2.75,2.75,13.0,18.25,5.75,5.25,5.25,8.5,7.75,8.25,2.5,21.75,25.25,8.25,17.5,14.5,2.5,10.5,2.5,0.0,14.25,2.5,7.0,26.5,83.0,64.25,29.75,3.0,0.0,15.75,22.25,12.0,39.25,3.0,7.75,44.0,53.0,33.75,75.25,72.0,65.25,,,,,,,,,,,,,,,,,,,,,
69,,,,,,,,,,,0.0,4.0,0.0,0.0,6.0,0.0,14.75,0.0,0.0,0.0,4.75,9.25,9.25,2.25,4.5,6.5,4.75,11.25,9.0,0.0,2.25,13.0,6.5,9.0,2.5,2.0,0.0,0.0,4.0,2.0,4.75,0.0,19.75,24.5,45.0,78.75,25.5,23.0,14.75,20.25,5.5,9.75,32.25,48.75,20.5,30.0,40.75,50.75,49.75,62.0,95.75,,,,,,,,,,,,,,,,,,,,,
70,,,,,,,,,,,0.0,0.0,0.0,0.0,8.0,1.75,9.75,1.75,0.0,0.0,0.0,6.75,14.75,4.25,2.75,9.5,10.75,6.0,11.25,6.0,1.75,23.25,16.75,1.75,19.25,13.5,4.0,6.75,0.0,3.25,10.75,1.75,3.0,27.75,55.75,51.75,24.75,7.25,0.0,7.5,13.25,12.5,22.5,10.0,11.25,21.5,33.0,41.25,81.75,51.75,53.0,,,,,,,,,,,,,,,,,,,,,
71,,,,,,,,,,,3.0,6.25,0.0,0.0,8.75,13.5,6.25,9.25,0.0,10.25,12.25,0.0,12.25,6.75,0.0,9.75,10.5,14.5,12.0,16.5,0.0,13.0,3.5,0.0,0.0,3.5,18.25,10.0,19.5,9.5,0.0,0.0,11.25,4.0,56.0,60.0,72.75,42.5,21.75,23.75,14.0,56.0,33.25,19.75,43.0,45.75,63.25,73.0,60.0,75.0,80.0,,,,,,,,,,,,,,,,,,,,,
72,,,,,,,,,,,0.0,0.0,0.0,0.0,2.75,0.0,11.0,4.25,0.0,5.25,5.0,29.75,7.25,4.0,3.0,7.5,15.0,9.75,14.0,0.0,0.0,13.0,10.0,14.5,10.5,10.75,0.0,0.0,8.5,4.25,22.75,0.0,8.25,26.5,39.75,66.5,28.25,24.25,0.0,19.75,9.25,8.5,31.25,54.5,22.75,21.0,33.0,46.75,68.0,78.25,100.0,74.5,,,,,,,,,,,,,,,,,,,,
73,,,,,,,,,,,0.0,0.0,0.0,0.0,2.75,0.0,11.0,4.25,0.0,5.25,5.0,29.75,7.25,4.0,3.0,7.5,15.0,9.75,14.0,0.0,0.0,13.0,10.0,14.5,10.25,10.5,0.0,0.0,8.5,4.25,22.75,0.0,8.25,26.5,39.75,66.25,28.5,24.25,0.0,19.75,9.25,8.5,31.0,54.75,22.75,21.25,33.0,46.25,68.25,78.5,100.0,74.25,,,,,,,,,,,,,,,,,,,,
74,,,,,,,,,,,0.0,0.0,0.0,0.0,11.75,5.25,5.25,5.5,0.0,0.0,0.0,3.25,14.0,11.0,3.25,8.0,0.0,9.0,12.5,10.5,3.0,17.0,21.25,2.25,19.25,8.5,4.75,7.0,3.0,0.0,3.25,2.5,17.25,29.0,80.75,57.0,35.0,2.75,0.0,6.5,16.75,21.0,33.25,11.25,15.5,25.75,22.75,41.25,59.5,64.0,58.0,93.25,,,,,,,,,,,,,,,,,,,,
75,,,,,,,,,,,0.0,3.0,0.0,0.0,4.0,0.0,7.0,0.0,0.0,0.0,5.25,18.75,9.75,3.0,2.25,9.75,3.25,6.5,10.75,0.0,3.0,14.75,12.75,13.25,2.25,6.75,0.0,0.0,11.25,2.0,18.5,0.0,13.0,16.25,60.5,62.5,30.75,31.5,12.25,26.75,12.25,8.75,35.0,30.25,26.25,33.5,23.5,32.5,63.0,57.5,82.5,85.0,,,,,,,,,,,,,,,,,,,,
76,,,,,,,,,,,0.0,0.0,0.0,0.0,7.5,0.0,6.25,3.0,0.0,0.0,5.75,5.25,24.0,12.0,5.25,5.25,5.25,13.25,17.75,8.25,5.0,33.0,15.0,5.25,21.25,7.5,4.25,5.25,5.0,0.0,4.75,4.75,5.5,23.25,82.75,68.5,47.75,0.0,0.0,13.25,15.25,15.5,32.5,9.0,9.5,38.0,58.25,43.0,64.75,80.25,70.75,90.5,,,,,,,,,,,,,,,,,,,,
77,,,,,,,,,,,,0.0,0.0,0.0,4.0,0.0,12.25,2.75,0.0,3.0,11.25,12.25,6.5,0.0,2.25,6.75,0.0,12.0,4.25,0.0,0.0,11.75,12.25,6.75,2.25,6.75,0.0,0.0,11.25,2.0,12.0,0.0,12.25,19.5,52.25,69.25,33.0,20.75,5.0,32.5,15.0,5.25,26.75,26.5,22.5,37.25,28.25,51.5,54.5,51.75,89.75,83.75,,,,,,,,,,,,,,,,,,,,
78,,,,,,,,,,,,0.0,0.0,0.0,14.75,2.5,6.5,3.0,0.0,0.0,6.0,3.0,24.25,15.0,3.0,5.75,8.0,14.0,18.25,6.0,7.5,36.25,15.5,5.25,21.5,8.0,2.0,5.25,7.5,0.0,7.75,4.75,2.75,20.5,81.5,68.0,46.5,0.0,0.0,11.0,13.25,18.25,31.0,9.0,10.0,48.75,52.5,41.75,75.75,83.5,78.25,90.5,,,,,,,,,,,,,,,,,,,,
79,,,,,,,,,,,,0.0,0.0,0.0,6.5,0.0,8.75,2.5,0.0,0.0,2.75,7.25,9.25,12.75,0.0,2.25,4.5,7.0,11.5,4.75,4.5,22.5,14.5,2.5,14.25,14.0,2.0,7.0,6.25,2.0,4.5,2.0,2.75,22.5,70.5,59.75,27.25,0.0,0.0,7.5,11.0,27.25,25.75,9.5,13.0,36.0,47.0,49.5,41.25,75.0,39.0,82.75,,,,,,,,,,,,,,,,,,,,
80,,,,,,,,,,,,4.25,0.0,0.0,2.25,0.0,10.75,4.75,0.0,4.5,7.25,7.0,9.0,4.0,0.0,6.5,6.5,14.25,9.75,0.0,4.75,4.25,11.25,9.25,1.75,1.75,0.0,0.0,6.75,2.25,11.25,0.0,13.75,17.25,36.25,78.0,28.25,15.5,9.0,17.5,6.0,11.25,33.5,40.5,20.0,20.75,30.75,48.25,61.5,62.5,85.0,72.5,,,,,,,,,,,,,,,,,,,,
81,,,,,,,,,,,,15.0,0.0,0.0,17.25,12.25,9.75,6.5,0.0,14.25,25.25,0.0,7.0,6.0,3.0,12.75,25.25,7.0,6.0,12.75,6.25,9.25,0.0,0.0,0.0,7.0,10.25,16.5,12.75,16.5,0.0,0.0,0.0,22.0,52.75,65.0,42.25,24.0,39.75,29.5,27.0,60.5,38.75,38.75,49.5,50.25,52.75,61.5,62.75,85.0,81.25,78.0,,,,,,,,,,,,,,,,,,,,
82,,,,,,,,,,,,2.25,0.0,0.0,0.0,0.0,16.25,1.75,0.0,3.25,4.5,12.75,8.75,5.0,2.5,7.5,8.0,11.75,13.25,0.0,5.0,19.25,13.75,11.75,0.0,8.5,0.0,0.0,5.75,6.5,10.0,0.0,23.0,17.5,44.0,60.75,16.0,30.0,10.5,29.0,0.0,2.75,25.0,40.0,8.5,42.25,31.5,48.5,37.75,73.75,81.5,73.0,51.25,,,,,,,,,,,,,,,,,,,
83,,,,,,,,,,,,0.0,0.0,0.0,4.75,0.0,7.25,2.5,0.0,0.0,2.75,5.0,9.5,18.75,2.5,7.25,5.0,7.5,9.5,7.75,4.75,16.75,15.5,2.5,20.5,9.75,2.5,2.25,7.25,6.75,10.25,0.0,15.5,18.0,95.25,40.0,32.25,2.75,0.0,8.0,14.75,15.75,25.25,5.0,13.5,35.0,42.0,39.0,79.0,71.25,54.5,88.5,65.0,,,,,,,,,,,,,,,,,,,
84,,,,,,,,,,,,,0.0,0.0,0.0,0.0,20.75,0.0,0.0,3.25,5.25,15.25,5.0,9.0,4.75,9.75,10.25,14.25,14.25,0.0,5.0,17.75,15.75,8.0,2.25,13.0,0.0,0.0,7.75,7.0,10.25,0.0,24.0,15.25,46.25,66.75,14.75,35.25,10.75,29.5,0.0,5.0,26.0,42.0,15.0,40.0,34.25,51.75,39.75,75.0,81.5,78.5,55.0,,,,,,,,,,,,,,,,,,,
85,,,,,,,,,,,,,0.0,0.0,2.5,0.0,8.5,4.0,0.0,5.25,7.25,17.25,4.0,5.0,4.5,8.5,6.5,3.5,10.0,0.0,2.0,11.25,7.5,4.75,4.25,5.75,0.0,0.0,0.0,3.75,10.75,0.0,14.5,27.25,34.0,73.5,34.0,13.5,9.5,9.75,16.25,9.25,26.5,25.75,14.0,26.0,39.75,44.25,49.25,55.5,81.25,52.0,61.75,,,,,,,,,,,,,,,,,,,
86,,,,,,,,,,,,,0.0,0.0,17.75,5.0,15.5,0.0,0.0,3.25,11.75,12.0,7.5,8.0,2.75,2.5,7.5,2.5,17.75,2.5,8.0,10.25,10.5,5.25,10.75,8.5,7.25,10.5,5.5,5.0,5.5,0.0,6.25,26.75,59.0,56.0,38.0,9.5,15.5,15.75,32.25,32.25,21.5,20.5,28.75,48.25,37.5,40.5,74.25,58.75,60.25,62.5,88.5,,,,,,,,,,,,,,,,,,,
87,,,,,,,,,,,,,0.0,0.0,3.5,0.0,15.0,4.25,0.0,7.25,0.0,11.0,6.75,12.5,6.25,8.75,10.0,13.0,6.25,0.0,4.0,15.0,4.25,6.5,4.25,4.25,0.0,0.0,9.0,2.25,15.75,0.0,24.5,23.25,37.5,64.25,23.5,28.0,9.5,24.25,10.75,11.5,21.75,44.25,13.75,20.5,36.75,43.75,65.0,78.75,90.75,46.75,53.25,50.25,,,,,,,,,,,,,,,,,,
88,,,,,,,,,,,,,0.0,0.0,0.0,0.0,12.25,2.25,0.0,2.75,13.0,23.5,5.5,14.25,2.25,2.75,5.25,17.5,14.25,0.0,2.25,12.5,10.75,15.25,2.5,4.75,0.0,0.0,9.75,4.75,21.5,0.0,31.5,21.5,42.0,88.25,21.25,39.75,14.75,11.5,9.0,13.75,28.25,49.0,19.25,25.75,49.0,51.75,64.0,84.25,88.5,72.25,76.25,61.75,,,,,,,,,,,,,,,,,,
89,,,,,,,,,,,,,0.0,0.0,1.75,0.0,2.0,4.5,0.0,0.0,4.25,6.75,16.75,16.25,2.25,8.25,7.75,12.5,10.25,4.5,6.5,20.0,6.25,0.0,16.0,8.5,0.0,6.5,2.0,5.75,4.75,1.75,0.0,18.0,67.5,37.0,26.75,2.75,0.0,7.0,13.0,10.75,23.5,6.25,18.0,25.0,58.5,37.25,65.5,65.75,50.0,73.25,70.25,78.25,,,,,,,,,,,,,,,,,,
90,,,,,,,,,,,,,,0.0,0.0,0.0,7.25,2.25,0.0,2.75,10.25,27.75,8.75,12.5,5.25,5.75,8.25,15.5,15.25,0.0,2.25,10.25,10.75,15.75,5.75,8.0,0.0,0.0,10.25,4.75,19.5,0.0,29.75,22.5,50.5,85.5,25.75,41.5,15.5,12.0,12.75,15.0,29.25,52.5,23.0,26.75,40.5,58.5,58.75,73.0,90.25,73.5,75.25,78.75,,,,,,,,,,,,,,,,,,
91,,,,,,,,,,,,,,0.0,2.5,0.0,15.0,0.0,0.0,2.5,5.75,15.25,3.0,2.75,2.25,5.25,10.5,15.5,4.5,0.0,2.25,18.25,7.5,19.75,2.25,14.5,0.0,0.0,16.0,2.75,13.5,0.0,14.5,9.75,53.0,61.5,48.75,20.75,15.25,17.75,21.75,13.75,31.75,41.0,31.5,14.25,44.75,48.75,57.0,48.75,88.0,81.25,79.75,72.0,,,,,,,,,,,,,,,,,,
92,,,,,,,,,,,,,,0.0,12.5,3.75,13.25,6.5,0.0,2.75,8.0,9.25,11.75,0.0,0.0,5.0,22.5,6.5,14.5,6.0,2.5,17.25,6.0,0.0,0.0,3.5,8.75,4.0,4.75,7.25,0.0,0.0,0.0,12.0,57.75,40.5,47.25,31.0,14.5,16.25,19.25,42.25,47.0,25.5,24.25,32.0,28.75,43.0,55.5,67.5,61.25,75.75,67.0,69.0,,,,,,,,,,,,,,,,,,
93,,,,,,,,,,,,,,0.0,6.5,10.75,5.0,5.0,0.0,2.0,22.5,10.5,2.5,4.25,4.25,11.75,11.5,11.0,0.0,1.75,2.5,10.0,0.0,0.0,0.0,7.5,15.75,7.0,8.75,4.5,0.0,0.0,5.75,18.25,35.25,54.0,36.0,26.0,7.0,18.75,27.25,41.25,31.75,11.5,28.0,27.0,43.5,44.25,58.5,64.25,69.5,71.5,80.0,52.5,,,,,,,,,,,,,,,,,,
94,,,,,,,,,,,,,,0.0,4.25,4.0,0.0,2.25,0.0,0.0,4.75,9.5,11.0,17.0,4.75,8.75,6.75,13.75,8.5,14.0,2.25,28.75,22.75,2.25,21.5,2.25,6.5,6.75,2.25,0.0,7.0,0.0,0.0,29.75,61.0,51.25,29.5,4.75,0.0,10.0,16.5,21.75,27.5,4.75,11.0,28.25,52.75,54.5,53.0,45.25,58.0,79.5,83.5,80.5,,,,,,,,,,,,,,,,,,
95,,,,,,,,,,,,,,0.0,0.0,0.0,18.5,0.0,0.0,5.25,9.25,15.0,5.0,9.25,2.5,16.25,0.0,16.5,16.0,0.0,2.5,10.75,5.75,13.75,9.0,12.5,0.0,0.0,10.5,4.25,18.0,0.0,30.25,27.75,46.0,65.25,33.0,20.5,6.25,21.5,15.75,14.25,21.5,38.25,20.25,33.5,23.0,61.25,61.25,71.0,94.5,57.25,60.5,62.75,79.75,,,,,,,,,,,,,,,,,
96,,,,,,,,,,,,,,,11.0,2.75,5.0,4.5,0.0,0.0,3.0,13.25,13.25,13.25,5.25,6.0,5.0,12.0,6.75,5.0,2.75,22.0,16.0,2.0,14.5,2.25,2.25,4.0,4.5,2.0,7.25,4.5,8.5,34.5,73.0,50.25,21.5,2.0,0.0,0.0,21.0,14.0,26.0,16.75,20.25,28.25,51.25,56.5,70.75,54.5,66.0,65.0,81.25,94.5,38.5,,,,,,,,,,,,,,,,,
97,,,,,,,,,,,,,,0.0,19.0,4.75,6.75,12.25,0.0,0.0,14.75,10.5,8.0,7.5,2.5,10.5,15.75,13.0,12.5,10.75,0.0,20.75,5.75,0.0,0.0,2.5,9.5,9.5,5.25,2.0,0.0,0.0,3.75,8.75,36.5,72.5,35.75,30.0,11.0,37.0,26.25,44.5,25.75,23.25,40.75,26.25,46.5,48.0,45.5,59.25,65.0,59.75,70.75,56.5,70.5,,,,,,,,,,,,,,,,,
98,,,,,,,,,,,,,,,0.0,0.0,11.0,2.25,0.0,3.0,9.5,16.5,5.5,4.75,2.75,7.0,2.25,6.75,9.75,0.0,4.25,15.75,5.0,12.0,4.5,2.75,0.0,0.0,6.75,6.5,9.5,0.0,25.25,18.0,30.75,69.5,28.0,21.25,15.5,20.75,18.75,9.75,15.5,42.5,27.75,21.75,26.25,54.75,48.5,77.75,79.75,64.5,64.75,64.5,66.0,,,,,,,,,,,,,,,,,
99,,,,,,,,,,,,,,,2.0,0.0,9.0,0.0,0.0,7.25,13.5,15.25,6.25,8.25,1.75,8.75,9.0,13.75,4.25,0.0,7.0,6.75,6.75,17.25,1.75,4.5,0.0,0.0,6.75,4.25,10.0,0.0,19.0,16.75,58.0,53.25,47.0,20.0,16.0,22.5,13.75,10.25,20.25,31.75,18.25,31.75,11.25,39.75,63.5,48.25,91.0,44.5,72.25,37.25,76.25,,,,,,,,,,,,,,,,,
100,,,,,,,,,,,,,,,9.75,5.5,13.25,11.25,0.0,3.25,5.75,2.75,10.5,4.75,5.75,8.5,24.0,8.0,16.5,13.25,2.75,16.25,8.25,0.0,0.0,5.5,13.5,8.5,13.0,12.0,0.0,0.0,10.25,16.25,62.0,49.0,26.75,32.5,12.0,28.25,34.25,52.0,28.5,18.75,34.75,42.25,34.25,66.75,48.0,54.5,77.5,73.0,79.5,49.0,56.25,,,,,,,,,,,,,,,,,
101,,,,,,,,,,,,,,,0.0,0.0,10.0,2.75,0.0,7.75,7.5,17.75,3.0,9.25,2.75,7.5,4.75,14.25,7.25,0.0,4.75,7.5,8.0,17.5,5.0,8.0,0.0,0.0,8.0,0.0,20.5,0.0,15.25,35.75,48.75,69.0,40.25,26.75,10.25,12.0,6.25,5.0,30.5,41.5,23.25,18.25,38.75,41.25,72.75,58.0,84.75,44.75,84.0,66.5,89.75,71.5,,,,,,,,,,,,,,,,
102,,,,,,,,,,,,,,,14.0,8.25,5.25,7.25,0.0,5.5,14.25,16.75,4.25,4.25,5.5,5.0,12.25,5.5,9.5,7.75,7.25,28.0,5.25,0.0,0.0,5.0,7.0,3.0,7.0,11.5,0.0,0.0,3.5,8.75,39.0,57.25,9.25,23.75,22.5,26.25,19.5,41.0,36.5,33.25,25.5,42.75,49.75,40.5,50.25,58.0,79.25,57.0,88.75,70.25,76.5,56.5,,,,,,,,,,,,,,,,
103,,,,,,,,,,,,,,,4.0,4.5,6.5,2.25,0.0,0.0,4.75,9.0,6.75,15.5,7.0,9.0,9.25,7.0,13.0,5.0,0.0,20.0,17.0,4.5,7.5,9.5,0.0,6.75,6.5,4.5,9.0,2.25,7.75,22.5,88.0,55.75,27.0,2.5,0.0,5.0,14.5,25.25,18.5,17.25,15.0,22.0,43.0,45.5,62.75,58.75,52.25,73.75,76.25,92.75,36.0,60.5,,,,,,,,,,,,,,,,
104,,,,,,,,,,,,,,,,0.0,16.75,2.75,0.0,7.75,7.5,20.25,3.0,7.25,2.75,9.75,4.75,19.0,7.25,0.0,2.5,7.5,8.25,20.0,7.5,10.5,0.0,0.0,8.0,0.0,25.5,0.0,21.25,33.75,52.0,66.0,41.0,24.5,10.5,17.75,6.25,2.75,35.75,44.5,27.5,23.0,37.0,35.5,69.5,60.75,92.5,58.0,77.25,68.75,71.75,70.75,,,,,,,,,,,,,,,,
105,,,,,,,,,,,,,,,,4.5,10.75,0.0,0.0,0.0,2.25,6.25,6.75,17.5,4.5,11.0,11.5,9.25,13.25,4.75,2.25,17.25,17.0,2.0,5.0,11.5,2.25,6.75,4.25,4.5,6.5,0.0,7.75,25.0,88.5,62.25,32.0,2.5,0.0,7.5,8.75,17.5,18.25,17.0,19.0,21.5,39.5,51.0,53.5,55.0,57.75,71.0,75.5,93.5,42.25,51.75,,,,,,,,,,,,,,,,
106,,,,,,,,,,,,,,,,0.0,15.5,4.5,0.0,2.25,10.0,9.25,7.0,6.75,4.75,9.5,13.5,9.25,13.0,0.0,2.5,2.25,2.5,14.0,2.25,7.0,0.0,0.0,6.75,2.0,4.75,0.0,17.75,26.25,40.5,51.25,33.0,29.75,17.25,15.25,8.5,17.0,30.75,37.5,24.25,25.0,35.0,23.25,52.25,86.25,81.25,58.0,80.25,55.75,89.75,50.25,,,,,,,,,,,,,,,,
107,,,,,,,,,,,,,,,,5.0,2.0,4.75,0.0,2.75,5.25,4.75,6.75,8.25,7.5,4.75,11.5,10.75,9.25,6.75,4.5,14.0,4.25,2.75,8.25,4.0,2.5,6.25,2.75,6.75,2.0,0.0,3.25,34.5,57.0,47.0,22.0,13.75,0.0,25.25,26.25,9.25,30.25,4.75,23.0,23.25,60.0,60.5,62.25,59.25,48.0,69.25,53.75,86.5,55.5,48.25,,,,,,,,,,,,,,,,
108,,,,,,,,,,,,,,,,2.75,7.75,5.0,0.0,0.0,2.25,2.0,9.75,17.0,4.75,4.75,11.75,11.0,12.5,10.0,4.5,8.75,7.25,2.75,14.5,7.0,2.5,3.75,2.75,4.25,2.0,0.0,7.25,29.25,55.5,51.75,35.25,5.25,0.0,12.75,27.25,12.5,28.75,5.0,23.75,24.0,59.0,54.75,59.25,61.25,57.0,64.25,57.25,100.0,43.75,64.5,,,,,,,,,,,,,,,,
109,,,,,,,,,,,,,,,,0.0,6.75,0.0,0.0,0.0,13.0,18.0,5.0,4.5,2.5,2.25,4.75,17.25,7.0,0.0,2.25,12.0,10.25,12.5,0.0,7.75,0.0,0.0,0.0,6.75,20.25,0.0,15.0,28.5,32.25,71.25,35.25,29.25,21.25,19.25,14.5,18.5,27.5,43.0,23.0,23.5,39.25,46.0,61.5,68.75,77.75,56.25,71.0,48.5,86.0,69.0,,,,,,,,,,,,,,,,
110,,,,,,,,,,,,,,,,0.0,20.75,8.0,0.0,2.75,6.25,22.0,8.25,7.5,3.0,2.75,8.25,24.0,3.0,0.0,0.0,8.0,11.0,11.0,5.5,3.25,0.0,0.0,5.5,4.75,17.0,0.0,23.25,36.75,67.25,71.75,42.75,18.25,18.5,18.25,6.25,12.25,42.25,50.75,30.5,34.0,69.5,44.5,66.75,67.25,84.75,76.5,77.5,52.25,59.75,55.0,,,,,,,,,,,,,,,,
111,,,,,,,,,,,,,,,,,8.75,4.25,0.0,3.25,5.5,21.5,2.25,5.25,1.75,4.75,0.0,13.5,14.75,0.0,0.0,14.25,1.75,9.0,4.25,7.25,0.0,0.0,8.25,2.25,12.25,0.0,17.5,25.25,47.75,70.0,24.5,14.0,18.25,12.25,8.0,12.25,30.0,25.75,12.0,20.75,17.5,57.5,45.75,51.25,98.5,48.0,68.75,53.75,65.5,47.75,35.75,,,,,,,,,,,,,,,
112,,,,,,,,,,,,,,,,,7.25,2.0,0.0,0.0,0.0,8.5,8.25,10.5,4.25,4.25,9.25,18.5,8.0,6.75,0.0,7.75,8.75,2.25,19.25,2.5,2.0,4.25,2.25,4.25,1.5,4.0,3.0,20.25,55.75,56.5,23.75,1.75,0.0,7.0,16.0,14.0,21.75,6.75,13.0,17.5,48.0,40.25,53.5,53.5,50.75,67.25,73.0,96.25,35.5,50.25,15.25,,,,,,,,,,,,,,,
113,,,,,,,,,,,,,,,,,9.0,3.75,0.0,9.75,4.5,23.5,6.5,8.75,2.75,0.0,7.25,13.0,14.0,0.0,1.75,13.5,5.0,15.5,5.0,6.0,0.0,0.0,9.0,1.75,16.25,0.0,17.75,24.0,51.0,65.5,24.0,21.25,11.5,13.0,5.75,11.5,31.5,45.5,35.75,16.75,34.5,44.0,53.5,78.25,84.0,41.25,53.25,67.5,62.0,55.25,38.0,,,,,,,,,,,,,,,
114,,,,,,,,,,,,,,,,,9.25,4.5,0.0,0.0,2.25,7.5,13.25,10.0,2.0,9.0,7.0,14.0,11.0,5.0,4.0,13.75,13.5,2.75,11.25,7.25,10.25,2.75,7.0,7.0,7.5,2.5,11.75,21.25,66.5,54.25,32.0,15.5,6.75,8.0,19.0,16.5,30.0,8.5,16.0,24.75,44.0,46.75,64.5,54.0,55.5,71.25,68.25,98.75,44.0,48.25,24.25,,,,,,,,,,,,,,,
115,,,,,,,,,,,,,,,,,9.5,0.0,0.0,3.0,2.25,14.25,7.5,8.5,2.75,5.0,12.5,12.0,4.25,0.0,7.25,18.75,5.25,10.5,4.75,4.75,0.0,0.0,8.0,6.5,17.75,0.0,29.5,30.75,55.5,74.75,34.0,33.0,8.25,22.25,8.0,4.75,38.25,36.25,14.5,29.25,40.0,25.0,60.5,47.0,75.5,61.0,57.0,69.75,88.5,43.25,40.75,,,,,,,,,,,,,,,
116,,,,,,,,,,,,,,,,,15.75,2.25,0.0,8.0,13.25,19.25,4.5,0.0,2.25,2.25,4.5,15.5,11.5,0.0,0.0,16.0,4.5,12.25,4.5,10.25,0.0,0.0,2.25,4.5,12.75,0.0,12.25,17.25,48.75,72.25,41.0,30.25,10.5,20.25,11.5,15.0,19.75,53.75,23.25,11.75,39.75,43.75,64.0,87.5,90.75,60.75,55.5,59.75,67.0,68.5,48.75,,,,,,,,,,,,,,,
117,,,,,,,,,,,,,,,,,5.5,3.0,0.0,0.0,3.25,5.75,8.25,18.5,8.75,11.5,2.75,11.0,5.5,5.75,8.25,25.0,25.5,0.0,20.25,8.75,5.25,5.5,2.5,2.5,11.75,2.75,14.0,47.25,84.25,81.25,36.75,0.0,0.0,9.5,14.0,18.0,37.5,17.75,18.25,16.0,54.0,52.25,64.25,67.25,50.5,78.25,79.75,90.0,34.75,66.25,45.5,,,,,,,,,,,,,,,
118,,,,,,,,,,,,,,,,,15.75,2.25,0.0,8.0,13.0,19.25,4.5,0.0,2.25,2.25,4.5,15.5,11.5,0.0,0.0,16.0,4.5,12.0,4.5,10.25,0.0,0.0,2.25,4.5,13.0,0.0,12.25,17.0,48.25,72.25,40.5,30.25,10.5,20.25,11.5,14.75,19.75,53.5,23.25,11.5,39.75,43.25,64.0,87.5,90.5,60.75,55.25,59.75,66.75,68.0,49.25,,,,,,,,,,,,,,,
119,,,,,,,,,,,,,,,,,8.75,6.0,0.0,0.0,7.0,5.5,11.25,0.0,3.5,9.0,7.75,3.0,2.5,5.5,2.5,18.75,0.0,0.0,0.0,6.0,5.25,5.25,16.25,7.0,0.0,0.0,3.0,16.75,65.75,65.0,56.25,20.0,14.75,30.75,25.75,47.75,43.25,30.5,40.0,17.25,51.5,41.5,49.25,55.0,82.25,72.75,87.5,83.5,60.75,73.0,61.5,,,,,,,,,,,,,,,
120,,,,,,,,,,,,,,,,,10.75,5.25,0.0,0.0,6.0,2.75,10.5,0.0,6.0,14.5,11.0,8.25,7.5,5.25,2.25,16.0,5.75,0.0,0.0,5.5,16.25,8.25,21.0,8.75,0.0,0.0,3.75,13.25,54.5,71.0,53.25,26.0,2.5,18.5,25.25,43.25,34.5,20.25,33.0,44.0,32.25,48.75,46.5,70.5,69.0,52.25,76.0,74.25,67.75,68.25,66.75,,,,,,,,,,,,,,,
121,,,,,,,,,,,,,,,,,12.5,3.5,0.0,5.0,2.75,19.5,7.0,6.25,0.0,2.25,6.5,11.0,7.0,0.0,7.0,10.5,8.75,2.75,2.75,6.75,0.0,0.0,5.0,4.5,14.75,0.0,10.0,25.75,41.5,52.5,26.5,24.75,11.0,16.25,9.0,9.5,21.0,35.75,15.0,19.0,36.75,43.5,54.75,60.5,87.5,59.5,41.5,70.5,70.0,42.5,43.25,34.75,,,,,,,,,,,,,,
122,,,,,,,,,,,,,,,,,,3.5,0.0,4.75,5.25,18.25,6.5,5.75,0.0,4.5,8.25,8.0,4.25,0.0,6.75,7.75,11.0,2.25,0.0,4.0,0.0,0.0,7.0,2.25,17.0,0.0,11.5,24.75,44.0,62.5,26.0,31.0,8.25,23.25,9.0,6.75,20.25,34.0,16.5,16.25,32.75,46.5,44.0,55.75,86.5,51.0,43.75,65.0,84.75,42.5,38.5,26.5,,,,,,,,,,,,,,
123,,,,,,,,,,,,,,,,,,0.0,0.0,0.0,5.75,10.25,12.25,6.25,0.0,9.0,14.5,7.5,20.0,8.0,4.75,17.5,13.0,0.0,6.75,6.75,7.0,2.75,3.5,9.5,3.0,2.25,8.75,29.5,69.5,48.5,40.75,14.75,4.0,10.75,23.75,14.75,25.5,22.25,29.75,33.0,52.75,54.0,78.5,71.25,51.25,79.0,75.75,92.0,65.75,47.25,44.5,42.25,,,,,,,,,,,,,,
124,,,,,,,,,,,,,,,,,,6.75,0.0,3.75,9.5,10.0,2.75,5.75,0.0,9.0,20.75,2.75,15.25,7.25,0.0,10.25,3.75,0.0,0.0,2.5,9.75,6.0,8.75,15.25,0.0,0.0,3.5,16.25,57.5,49.5,34.0,38.5,22.25,32.75,36.25,39.25,29.5,32.75,43.5,46.25,54.25,53.75,73.75,72.5,58.75,65.5,85.0,63.75,92.0,53.75,63.0,20.25,,,,,,,,,,,,,,
125,,,,,,,,,,,,,,,,,,0.0,0.0,0.0,8.5,6.0,10.25,2.25,0.0,11.5,17.5,10.25,19.25,6.0,2.75,11.5,9.0,0.0,2.5,7.25,7.0,2.75,6.0,11.75,3.0,2.25,6.25,24.75,64.25,45.0,39.75,17.5,12.5,16.5,27.25,20.75,24.5,20.25,31.25,38.75,59.75,51.75,74.75,79.0,55.75,75.5,85.0,82.25,75.25,53.75,54.0,38.25,,,,,,,,,,,,,,
126,,,,,,,,,,,,,,,,,,0.0,0.0,0.0,11.5,7.0,19.0,10.0,2.25,5.25,13.5,17.25,15.25,2.25,2.75,11.0,8.25,5.25,12.0,4.75,2.75,5.5,7.5,2.75,7.75,2.25,15.5,27.25,73.25,57.25,42.25,8.25,5.0,2.5,15.75,14.25,20.0,26.75,16.5,18.25,67.0,50.75,72.75,65.5,79.0,74.25,63.5,86.5,65.75,46.5,34.25,33.75,,,,,,,,,,,,,,
127,,,,,,,,,,,,,,,,,,0.0,0.0,0.0,5.5,18.25,0.0,4.5,2.25,5.25,12.5,17.75,10.5,0.0,7.75,6.0,11.25,13.5,2.5,9.25,0.0,0.0,10.0,0.0,15.5,0.0,14.5,26.5,63.75,62.75,34.25,22.5,19.75,18.75,15.75,6.0,31.25,40.25,20.0,35.25,32.75,44.75,60.0,80.5,81.25,67.75,58.25,51.0,89.0,65.75,40.75,21.25,,,,,,,,,,,,,,
128,,,,,,,,,,,,,,,,,,2.25,0.0,0.0,6.25,7.75,12.75,7.5,2.5,10.5,11.0,13.0,14.0,0.0,7.75,12.5,18.0,2.5,7.75,10.0,5.5,7.0,3.25,5.0,5.25,0.0,8.75,31.75,71.75,53.75,21.75,8.75,3.5,6.0,21.25,25.75,34.25,17.75,26.25,27.5,34.0,47.25,64.0,58.75,54.5,79.25,76.0,79.25,52.0,75.25,33.75,49.5,,,,,,,,,,,,,,
129,,,,,,,,,,,,,,,,,,0.0,0.0,0.0,8.0,15.5,2.75,9.5,5.5,5.0,0.0,10.0,12.25,0.0,2.25,5.0,17.75,7.25,2.75,8.0,0.0,0.0,4.75,6.75,13.0,0.0,25.0,29.75,63.25,73.5,36.0,22.5,8.0,36.5,12.75,11.25,36.25,48.75,14.25,31.5,39.75,39.75,55.75,67.75,94.0,56.75,55.75,78.5,86.75,58.0,53.75,18.5,,,,,,,,,,,,,,
130,,,,,,,,,,,,,,,,,,5.75,0.0,3.75,8.25,16.75,8.5,15.0,2.25,2.25,13.25,7.25,11.75,6.75,3.25,21.25,10.25,0.0,9.75,10.75,7.5,0.0,3.25,9.25,2.5,0.0,3.25,23.25,61.75,72.5,27.75,11.0,7.25,12.5,18.0,37.25,31.5,13.25,24.25,27.25,40.75,42.25,54.75,51.25,71.75,84.5,82.5,79.0,69.25,56.5,51.0,45.0,,,,,,,,,,,,,,
131,,,,,,,,,,,,,,,,,,13.5,0.0,6.25,12.75,6.0,11.25,2.5,3.25,12.0,23.25,9.0,13.75,11.75,2.5,14.5,2.75,0.0,0.0,2.75,17.5,14.0,5.5,15.75,0.0,0.0,0.0,20.0,66.0,55.5,38.0,39.75,9.25,27.0,19.75,28.0,42.0,26.5,35.25,41.25,53.75,45.0,45.5,51.0,73.75,80.25,61.75,62.25,82.5,39.0,53.0,30.0,,,,,,,,,,,,,,
132,,,,,,,,,,,,,,,,,,5.25,0.0,5.75,14.75,8.0,10.5,2.25,2.5,0.0,5.5,5.25,0.0,7.75,2.75,15.5,2.5,0.0,0.0,0.0,8.0,7.5,18.25,14.0,0.0,0.0,6.5,21.25,39.25,47.25,37.5,14.0,25.5,5.75,17.75,39.25,50.75,16.25,29.25,37.5,39.25,46.25,47.75,78.75,65.75,65.75,85.5,51.75,59.5,61.25,69.5,29.75,,,,,,,,,,,,,,
133,,,,,,,,,,,,,,,,,,,0.0,0.0,20.25,5.5,7.25,2.5,0.0,5.25,15.5,7.5,9.25,2.5,2.5,17.5,10.0,2.5,2.5,5.0,10.0,7.25,7.75,7.0,5.0,2.25,5.75,30.0,72.0,39.75,35.5,14.75,11.75,11.75,11.75,39.0,23.5,19.0,24.75,17.0,55.75,39.25,64.0,66.5,63.25,75.0,83.25,89.25,63.0,53.0,54.0,30.25,39.5,,,,,,,,,,,,,
134,,,,,,,,,,,,,,,,,,5.75,0.0,2.75,27.25,10.75,7.75,4.75,0.0,11.5,16.75,10.75,5.5,3.0,0.0,19.5,2.75,2.5,2.5,8.0,10.75,5.75,8.0,9.75,10.5,0.0,6.25,29.0,55.5,56.75,41.75,32.75,15.0,21.75,12.5,37.75,39.5,20.0,32.75,24.25,47.5,41.75,54.0,59.5,86.5,70.0,84.0,80.25,78.0,41.75,51.0,20.75,45.0,,,,,,,,,,,,,
135,,,,,,,,,,,,,,,,,,,0.0,0.0,11.0,21.75,2.25,9.0,4.25,2.0,11.0,6.75,14.75,0.0,4.0,4.75,4.25,10.5,4.5,4.25,0.0,0.0,6.75,4.25,15.75,0.0,18.5,21.0,43.0,80.25,25.5,20.25,18.25,16.25,5.75,4.25,25.75,29.75,23.25,25.0,27.5,41.25,58.0,69.75,97.75,66.0,78.5,55.0,65.0,52.5,40.25,18.25,29.0,,,,,,,,,,,,,
136,,,,,,,,,,,,,,,,,,,0.0,6.0,5.5,11.5,4.75,0.0,5.25,7.5,18.5,8.25,11.25,7.75,4.5,25.25,4.5,0.0,6.75,4.75,4.5,6.75,13.25,4.5,0.0,0.0,12.5,20.25,58.5,45.0,29.25,25.75,5.5,18.75,15.0,17.0,31.0,12.5,41.0,26.5,51.25,45.5,58.0,67.25,54.25,65.5,74.25,85.0,46.25,63.75,54.0,14.25,51.25,,,,,,,,,,,,,
137,,,,,,,,,,,,,,,,,,,0.0,0.0,5.0,11.25,10.75,13.25,2.25,4.5,6.75,7.25,11.5,7.0,2.0,17.25,7.0,2.0,13.5,7.0,4.0,0.0,4.75,4.75,5.0,0.0,13.25,17.0,59.5,62.25,31.0,2.25,9.25,0.0,13.0,4.25,30.25,15.75,22.0,33.25,39.5,42.75,65.75,64.0,51.75,83.0,77.25,79.5,50.0,61.5,39.0,42.5,20.25,,,,,,,,,,,,,
138,,,,,,,,,,,,,,,,,,,0.0,4.5,4.5,11.75,4.0,5.5,0.0,0.0,4.25,10.25,7.5,0.0,1.75,9.5,5.75,5.5,2.0,10.75,0.0,0.0,1.75,1.75,7.75,0.0,7.25,9.75,39.25,64.75,31.0,16.75,15.25,10.5,6.75,2.0,14.5,40.25,22.0,15.0,38.25,38.0,44.25,54.75,87.75,55.75,65.0,49.25,65.75,47.0,35.5,22.0,35.75,,,,,,,,,,,,,
139,,,,,,,,,,,,,,,,,,,0.0,0.0,4.25,4.5,9.5,10.75,3.0,10.0,7.0,6.25,14.0,8.25,4.0,31.75,15.5,1.75,16.5,7.0,4.25,7.5,2.25,5.75,5.25,3.0,9.75,16.0,65.75,62.25,34.75,12.0,2.5,2.5,10.75,21.75,21.75,18.25,27.5,24.5,32.5,44.75,60.0,60.25,55.25,68.75,54.5,74.5,52.25,45.5,39.75,46.75,28.0,,,,,,,,,,,,,
140,,,,,,,,,,,,,,,,,,,0.0,0.0,3.0,8.5,0.0,5.25,6.25,12.0,20.5,9.25,20.25,11.75,5.75,23.0,11.5,0.0,12.25,17.25,10.75,16.25,2.75,10.0,3.5,3.25,10.75,27.5,73.0,46.0,40.75,17.5,12.0,26.25,27.0,26.75,43.25,18.5,26.75,21.25,57.25,68.25,59.0,67.5,77.5,73.75,74.5,73.25,56.0,69.75,62.75,41.5,29.25,,,,,,,,,,,,,
141,,,,,,,,,,,,,,,,,,,0.0,2.25,10.75,0.0,10.5,2.5,2.75,12.25,10.25,9.5,14.75,10.0,5.25,10.0,0.0,0.0,0.0,2.25,12.75,2.5,5.0,9.25,0.0,0.0,0.0,24.0,34.75,64.25,38.25,22.5,19.0,24.25,11.25,34.0,25.25,17.0,20.75,34.0,41.0,47.75,44.25,64.75,63.5,46.5,81.75,74.75,72.25,56.0,55.75,10.0,33.75,,,,,,,,,,,,,
142,,,,,,,,,,,,,,,,,,,0.0,9.5,13.0,0.0,3.0,8.75,6.25,11.5,16.25,3.0,11.0,12.0,5.25,30.25,2.5,0.0,0.0,3.0,17.25,6.0,12.75,8.5,0.0,0.0,7.75,20.75,58.5,62.25,48.5,25.5,25.75,20.0,25.75,49.0,33.0,20.5,46.5,44.25,41.25,89.25,42.5,53.0,69.5,72.75,74.25,56.5,72.5,57.5,57.75,26.5,36.0,,,,,,,,,,,,,
143,,,,,,,,,,,,,,,,,,,0.0,0.0,10.5,12.5,5.0,9.0,2.25,4.5,7.25,9.5,14.0,0.0,2.25,6.75,7.25,7.75,0.0,7.5,0.0,0.0,9.5,2.0,7.25,0.0,14.25,19.5,43.75,65.75,32.25,23.75,8.0,8.25,11.5,7.75,30.5,40.75,15.75,25.25,33.75,42.75,43.0,82.5,84.25,53.5,68.25,61.75,93.5,53.5,51.75,18.0,31.0,9.5,,,,,,,,,,,,
144,,,,,,,,,,,,,,,,,,,,0.0,8.0,11.75,4.75,6.25,4.25,4.5,9.0,4.5,9.5,0.0,2.25,4.5,7.0,9.75,0.0,2.75,0.0,0.0,6.75,3.75,9.25,0.0,16.0,13.5,47.75,71.75,24.0,25.25,3.0,10.25,6.0,7.75,31.5,30.25,18.75,20.75,30.0,41.5,46.5,72.5,81.25,59.75,64.0,59.0,86.5,48.0,54.75,21.0,28.0,13.25,,,,,,,,,,,,
145,,,,,,,,,,,,,,,,,,,,3.5,11.75,2.25,20.5,3.0,3.5,14.25,6.0,8.75,5.75,9.25,5.75,24.5,3.25,0.0,0.0,2.75,13.0,0.0,11.75,9.25,0.0,0.0,7.25,19.75,62.5,65.75,40.25,20.75,5.5,30.5,12.25,51.75,46.75,24.25,50.5,26.5,44.5,64.0,61.5,47.5,67.0,49.5,86.0,56.0,78.75,68.75,48.25,33.5,33.0,8.5,,,,,,,,,,,,
146,,,,,,,,,,,,,,,,,,,,2.25,12.5,22.25,7.25,4.5,4.5,4.5,9.0,11.25,6.75,0.0,0.0,9.0,9.5,9.0,2.5,7.25,0.0,0.0,7.0,2.25,19.0,0.0,17.0,21.5,35.25,78.0,30.75,32.25,2.75,2.5,25.0,9.75,21.5,56.75,20.75,26.75,39.75,39.0,45.75,53.75,94.75,68.25,67.25,63.5,56.75,31.5,46.25,21.25,36.5,8.75,,,,,,,,,,,,
147,,,,,,,,,,,,,,,,,,,,5.5,19.75,28.75,12.75,14.75,2.5,7.75,7.5,23.5,17.25,0.0,0.0,14.75,7.5,5.75,8.25,8.25,0.0,0.0,5.75,0.0,16.0,0.0,27.75,20.75,43.75,64.0,54.25,36.5,12.5,16.25,18.75,11.5,25.75,29.75,24.75,41.5,66.25,45.25,67.5,67.5,63.75,83.0,63.75,65.5,82.25,39.25,33.75,9.5,53.25,26.0,,,,,,,,,,,,
148,,,,,,,,,,,,,,,,,,,,,14.0,7.5,5.5,6.0,3.25,19.0,16.5,3.0,18.0,12.75,6.25,13.0,0.0,0.0,0.0,3.5,21.0,13.0,12.5,9.0,0.0,0.0,4.25,15.25,55.0,79.25,42.25,45.75,28.25,28.5,14.75,50.75,42.25,21.25,31.75,42.75,52.25,54.75,61.25,75.0,81.75,68.25,85.5,81.75,82.25,67.75,55.0,23.5,40.75,5.0,22.0,,,,,,,,,,,
149,,,,,,,,,,,,,,,,,,,,,15.0,0.0,6.25,3.5,4.0,3.0,21.0,13.75,2.25,6.0,5.75,28.75,0.0,0.0,0.0,3.75,3.5,3.5,9.0,12.25,0.0,0.0,3.0,35.25,74.75,77.25,42.0,13.5,7.75,21.75,32.75,48.75,51.0,41.5,43.5,49.5,34.5,54.5,56.75,63.5,73.5,80.5,60.25,78.0,75.75,49.75,76.25,27.25,38.25,5.75,33.0,,,,,,,,,,,
150,,,,,,,,,,,,,,,,,,,,,12.0,3.0,8.75,5.0,0.0,3.0,11.75,0.0,8.0,2.5,3.0,20.75,3.25,0.0,0.0,3.25,5.75,13.5,10.5,13.25,0.0,0.0,7.5,20.0,59.25,59.0,52.75,29.75,22.0,28.75,20.0,49.25,43.5,40.25,40.25,43.0,63.25,40.75,52.75,67.5,64.5,73.5,88.75,75.75,81.0,77.75,56.0,24.5,47.5,8.5,30.5,,,,,,,,,,,
151,,,,,,,,,,,,,,,,,,,,,11.75,3.0,8.0,0.0,5.25,8.0,14.75,10.5,7.5,7.5,5.25,22.75,3.0,0.0,0.0,2.25,0.0,7.5,8.25,11.75,0.0,0.0,0.0,18.5,44.25,50.5,38.5,31.25,16.5,24.0,26.0,38.5,49.25,24.75,37.5,24.5,38.25,60.25,37.0,72.25,60.5,74.0,87.75,57.75,54.25,51.25,50.75,23.0,33.5,10.25,24.25,,,,,,,,,,,
152,,,,,,,,,,,,,,,,,,,,,,3.5,8.75,2.75,0.0,6.25,18.0,2.75,6.0,8.5,2.75,17.75,9.25,0.0,0.0,3.5,8.25,2.75,12.25,13.25,0.0,0.0,0.0,17.0,51.0,33.5,48.5,22.75,18.75,13.25,20.75,39.0,44.25,28.0,39.0,39.0,50.75,68.75,68.5,49.25,93.25,59.25,74.5,62.75,60.75,39.5,61.0,8.5,36.75,8.75,24.5,38.25,,,,,,,,,,
153,,,,,,,,,,,,,,,,,,,,,,,8.25,5.5,2.75,9.25,13.5,6.0,10.75,13.25,8.0,15.75,0.0,0.0,0.0,0.0,11.0,2.5,11.0,9.5,0.0,0.0,3.75,29.5,54.75,65.5,45.5,27.5,13.25,29.25,38.75,40.25,38.0,23.25,39.0,47.25,28.25,47.5,58.25,70.5,88.25,44.0,85.75,76.5,77.75,70.5,54.25,36.75,26.0,5.75,32.25,31.5,20.75,,,,,,,,,
154,,,,,,,,,,,,,,,,,,,,,,5.25,20.5,13.0,6.0,7.75,5.5,10.75,8.25,4.5,2.75,24.5,17.0,0.0,12.0,6.0,5.25,10.5,2.25,2.5,10.75,0.0,6.75,32.5,67.75,67.5,42.0,9.0,0.0,12.0,19.5,14.25,21.0,19.5,22.25,23.0,63.25,52.25,79.5,62.75,80.5,84.25,77.5,89.25,38.75,67.5,39.5,48.0,23.5,19.5,24.25,64.75,28.5,,,,,,,,,
155,,,,,,,,,,,,,,,,,,,,,,,10.25,2.5,2.5,4.75,2.5,9.75,4.75,0.0,2.5,12.75,10.25,12.75,8.0,5.0,0.0,0.0,8.0,4.75,7.5,0.0,17.75,23.75,37.75,63.0,33.0,23.75,8.25,26.75,11.5,7.75,24.5,38.5,18.25,21.0,32.25,37.0,74.0,69.75,81.0,53.5,69.5,87.5,78.0,58.0,47.75,16.5,30.75,19.0,7.25,41.25,31.25,,,,,,,,,
156,,,,,,,,,,,,,,,,,,,,,,,9.25,2.25,3.25,5.75,14.0,9.25,15.0,12.25,3.5,13.0,0.0,0.0,0.0,2.5,8.5,8.75,3.25,14.0,0.0,0.0,0.0,6.75,52.5,53.75,38.0,27.75,34.0,31.5,40.25,55.5,34.5,25.25,41.0,50.5,42.25,64.5,61.0,76.5,87.0,61.0,78.5,77.5,82.5,76.5,72.5,33.75,37.0,11.5,22.0,29.0,26.75,,,,,,,,,
157,,,,,,,,,,,,,,,,,,,,,,,15.0,6.25,2.5,8.75,6.0,15.75,11.0,6.5,4.0,15.0,9.75,7.0,17.25,10.75,0.0,8.75,2.25,4.0,7.0,0.0,8.0,13.75,79.0,50.25,21.25,0.0,0.0,5.5,10.5,9.5,13.25,17.0,16.5,20.25,41.75,57.25,58.25,62.0,62.25,69.0,69.25,68.75,35.5,41.5,31.0,37.75,24.25,12.5,18.75,41.5,23.75,,,,,,,,,
158,,,,,,,,,,,,,,,,,,,,,,,,5.5,6.25,11.25,12.0,3.0,17.0,5.75,2.75,26.0,3.0,0.0,0.0,3.25,16.75,3.0,2.75,5.25,0.0,0.0,3.5,10.0,51.25,54.75,40.5,40.5,12.25,26.75,27.5,40.5,47.5,23.75,37.5,25.25,70.5,58.75,49.75,80.75,72.5,71.25,73.25,72.25,62.75,58.75,58.25,19.25,24.0,10.75,38.25,36.0,9.75,26.0,,,,,,,,
159,,,,,,,,,,,,,,,,,,,,,,,6.5,7.25,5.5,0.0,7.25,9.0,16.0,0.0,2.0,13.75,4.5,9.25,0.0,9.0,0.0,0.0,7.25,4.25,20.25,0.0,12.0,29.25,30.25,55.0,26.5,23.25,12.75,7.75,11.25,12.25,19.75,44.25,20.0,15.75,25.75,28.5,73.25,77.75,86.0,71.75,73.75,53.25,85.25,68.5,42.0,23.5,28.75,18.25,16.0,21.25,38.25,29.0,,,,,,,,
160,,,,,,,,,,,,,,,,,,,,,,,,5.5,6.0,2.5,8.5,10.75,10.75,0.0,5.0,5.0,2.75,18.25,2.25,5.75,0.0,0.0,11.0,2.0,22.5,0.0,16.0,28.75,54.75,69.0,30.0,20.5,8.5,13.5,16.25,8.5,33.75,34.0,15.0,27.75,34.0,30.5,79.75,81.5,95.0,60.5,49.75,72.25,77.75,69.5,37.75,12.75,25.0,18.25,10.5,20.75,44.0,34.0,,,,,,,,
161,,,,,,,,,,,,,,,,,,,,,,,,9.5,9.75,9.75,12.25,5.25,21.25,5.25,5.25,24.5,10.25,2.25,7.5,9.5,9.0,7.5,0.0,4.25,7.0,2.5,11.25,29.5,83.25,36.25,34.0,8.25,0.0,13.0,9.25,20.0,10.25,9.25,18.0,24.25,50.0,40.0,47.75,61.5,56.0,68.5,66.0,85.25,37.75,66.75,25.0,47.75,21.75,9.25,21.75,48.25,25.5,15.75,,,,,,,,
162,,,,,,,,,,,,,,,,,,,,,,,,2.75,3.25,2.0,22.25,6.0,13.0,9.0,5.25,12.5,2.25,0.0,0.0,0.0,9.25,5.25,20.5,4.75,0.0,0.0,9.0,16.0,50.0,42.5,37.5,20.75,20.25,31.0,18.25,42.75,43.75,17.25,33.0,42.0,48.25,34.25,40.75,77.25,61.25,61.25,88.0,67.5,68.25,51.5,36.75,20.75,39.5,10.5,34.0,26.5,15.0,18.75,,,,,,,,
163,,,,,,,,,,,,,,,,,,,,,,,,4.25,2.75,2.75,23.25,2.75,8.25,7.75,3.0,5.75,1.75,0.0,0.0,3.25,13.75,0.0,10.0,9.25,0.0,0.0,3.25,24.25,41.5,43.75,24.5,36.75,9.75,16.0,24.25,53.0,47.75,19.25,39.25,40.75,40.75,60.5,75.75,64.0,57.5,54.0,74.25,67.5,61.75,53.5,55.5,30.75,41.0,7.75,15.0,35.25,22.0,18.75,,,,,,,,
164,,,,,,,,,,,,,,,,,,,,,,,,4.25,7.5,2.5,4.5,14.5,24.25,0.0,2.5,19.5,4.75,7.75,0.0,5.25,0.0,0.0,5.0,2.0,22.5,0.0,9.5,36.25,38.75,92.5,31.0,18.25,16.25,25.5,15.0,11.0,31.5,34.75,20.5,21.5,35.25,32.25,71.75,71.0,78.25,83.0,76.75,66.0,61.25,54.0,42.5,16.5,30.25,21.5,6.5,31.5,45.0,26.5,21.75,,,,,,,
165,,,,,,,,,,,,,,,,,,,,,,,,10.0,4.75,7.0,11.75,4.5,13.75,7.0,2.5,35.75,11.0,4.5,8.0,12.0,2.25,4.5,2.25,2.25,15.25,0.0,12.0,30.75,70.0,55.5,15.5,2.5,0.0,9.0,14.0,15.5,37.75,10.25,16.25,19.25,37.0,44.75,50.0,74.75,66.25,66.0,70.25,95.75,47.0,48.0,29.75,43.5,20.75,11.25,24.0,40.0,34.75,2.25,25.25,,,,,,,
166,,,,,,,,,,,,,,,,,,,,,,,,,5.0,4.0,8.5,9.0,11.5,4.75,6.75,12.75,12.75,2.75,16.25,9.75,6.5,3.75,4.5,0.0,12.25,2.5,6.0,24.75,78.25,43.5,28.75,9.5,0.0,9.25,18.25,25.5,16.25,9.0,14.25,21.0,43.0,37.25,57.0,55.0,46.0,70.25,43.5,79.25,30.0,45.75,39.75,44.25,17.5,6.25,11.0,46.25,18.0,13.25,21.75,,,,,,,
167,,,,,,,,,,,,,,,,,,,,,,,,,5.75,8.0,2.5,27.25,8.0,0.0,2.5,21.5,5.75,13.5,5.5,5.75,0.0,0.0,0.0,2.25,9.25,0.0,13.5,27.5,51.75,71.0,34.75,29.5,3.5,36.75,9.25,5.5,41.25,37.0,27.5,23.25,30.0,43.25,63.0,60.25,78.5,65.75,72.5,63.25,84.5,65.25,56.25,24.75,38.25,20.25,10.5,41.5,36.75,21.75,18.0,,,,,,,
168,,,,,,,,,,,,,,,,,,,,,,,,,2.25,10.0,5.0,17.5,23.5,5.0,9.5,26.75,24.75,5.0,10.25,11.5,2.5,2.5,7.0,2.5,15.25,0.0,6.0,43.25,79.0,61.5,15.0,5.25,0.0,11.25,5.5,13.5,19.25,16.0,14.0,24.0,59.5,51.75,44.0,59.5,64.5,74.5,47.0,93.0,55.75,71.5,35.5,49.25,24.5,18.0,14.0,37.0,20.5,13.75,23.25,,,,,,,
169,,,,,,,,,,,,,,,,,,,,,,,,,5.5,10.25,2.25,22.0,5.5,0.0,0.0,18.5,8.0,12.75,5.0,8.25,0.0,0.0,2.25,0.0,14.0,0.0,13.0,18.0,50.25,78.5,30.75,26.5,3.5,30.5,9.0,5.5,35.75,36.5,29.25,20.25,30.0,44.5,61.5,43.25,84.5,69.75,70.0,67.0,81.5,66.0,55.75,17.25,28.25,12.75,12.25,40.75,37.75,16.5,12.25,,,,,,,
170,,,,,,,,,,,,,,,,,,,,,,,,,6.0,10.5,27.5,6.0,14.75,9.5,2.5,25.25,0.0,0.0,0.0,0.0,14.25,2.75,6.0,14.75,0.0,0.0,3.5,14.75,56.0,62.25,59.75,21.0,22.5,36.75,20.25,46.0,59.75,18.5,45.5,32.25,57.75,56.75,48.0,68.75,72.0,59.5,80.75,60.75,75.75,85.75,71.5,39.25,35.25,6.5,24.5,20.0,16.75,22.0,57.25,,,,,,,
171,,,,,,,,,,,,,,,,,,,,,,,,,2.0,2.5,4.25,11.25,7.0,2.0,4.75,29.75,18.5,7.5,16.0,6.75,2.25,1.75,4.25,2.25,11.5,0.0,3.0,20.75,85.0,56.0,33.0,2.0,0.0,5.5,15.25,26.5,6.25,7.25,12.75,25.5,50.75,51.0,59.25,60.75,57.5,80.25,60.25,98.75,38.25,54.0,48.5,50.5,8.5,16.5,23.0,40.25,18.25,18.25,13.75,,,,,,,
172,,,,,,,,,,,,,,,,,,,,,,,,,3.25,11.5,21.75,8.5,12.0,8.75,5.75,20.25,2.75,0.0,0.0,6.25,14.75,5.75,9.0,10.75,0.0,0.0,3.25,11.0,48.5,54.25,35.5,34.75,26.75,30.75,31.25,56.75,35.75,30.5,42.25,53.5,43.5,47.0,47.75,87.75,71.0,67.5,87.75,77.75,86.25,72.0,56.0,30.75,46.5,8.5,31.0,28.75,19.5,23.5,47.75,,,,,,,
173,,,,,,,,,,,,,,,,,,,,,,,,,6.25,16.0,5.0,6.0,21.0,19.75,3.25,31.75,15.0,0.0,5.25,3.5,6.5,9.0,10.25,9.25,0.0,2.5,8.5,11.25,64.25,72.0,37.75,36.5,15.0,27.0,19.5,25.5,40.75,30.0,33.25,30.0,47.75,66.5,61.25,73.75,65.0,77.25,84.25,71.5,64.0,74.25,68.0,33.25,37.75,9.0,30.75,29.75,20.5,15.75,42.0,,,,,,,
174,,,,,,,,,,,,,,,,,,,,,,,,,7.0,6.75,2.0,15.25,6.0,0.0,2.5,10.25,11.25,17.75,4.25,11.5,0.0,0.0,2.0,4.5,11.5,0.0,13.75,21.25,45.25,56.0,28.0,17.5,9.5,15.5,5.0,9.5,24.25,43.5,10.25,30.75,32.75,42.25,51.75,65.75,83.25,57.25,62.75,80.75,51.25,50.0,30.5,11.5,27.5,6.5,11.75,25.25,31.75,22.75,12.75,4.75,,,,,,
175,,,,,,,,,,,,,,,,,,,,,,,,,5.75,5.75,2.75,14.0,22.25,8.75,5.75,27.75,17.25,3.0,15.0,11.0,2.5,11.0,5.75,5.0,11.5,10.75,0.0,31.0,78.0,66.0,42.5,3.25,0.0,15.5,10.5,24.75,25.75,14.75,15.0,19.0,48.5,59.75,84.25,77.75,72.5,85.5,77.75,82.5,42.25,64.25,42.0,41.75,36.0,20.75,21.75,41.75,35.5,8.5,17.25,13.25,,,,,,
176,,,,,,,,,,,,,,,,,,,,,,,,,5.5,0.0,13.75,16.0,13.0,0.0,5.0,2.5,8.5,13.75,3.0,8.5,0.0,0.0,8.0,2.5,11.0,0.0,10.25,26.25,55.25,85.5,34.0,32.5,15.5,15.75,19.25,8.75,25.5,45.25,27.75,31.75,23.5,54.25,81.5,81.25,79.0,80.25,56.5,85.0,81.0,65.75,53.0,20.5,33.0,13.25,15.75,21.75,46.5,34.25,18.75,29.5,,,,,,
177,,,,,,,,,,,,,,,,,,,,,,,,,,0.0,13.25,13.25,13.0,0.0,2.5,5.25,8.25,8.25,2.75,2.75,0.0,0.0,10.5,7.5,13.75,0.0,6.75,29.0,38.75,81.75,24.5,29.5,12.0,15.0,13.0,5.5,24.75,50.75,29.75,25.5,20.0,45.0,67.75,74.25,80.25,75.0,61.5,80.75,79.25,66.5,54.5,27.5,40.0,10.25,12.75,34.75,45.25,26.25,21.0,21.0,,,,,,
178,,,,,,,,,,,,,,,,,,,,,,,,,,2.75,5.25,15.75,10.5,0.0,0.0,10.5,8.25,8.25,8.5,2.5,0.0,0.0,10.5,7.25,11.25,0.0,10.0,28.75,36.0,69.5,36.5,34.5,6.0,26.25,15.5,8.25,32.5,53.75,37.0,28.25,28.75,42.0,62.75,67.0,86.75,69.5,77.5,74.0,88.25,68.75,49.25,19.75,44.25,15.0,10.0,39.5,45.5,36.0,18.0,23.0,,,,,,
179,,,,,,,,,,,,,,,,,,,,,,,,,,7.0,6.75,18.0,13.25,4.5,4.25,2.5,11.5,2.75,14.5,2.75,6.5,6.5,6.75,0.0,4.5,2.25,11.75,11.25,53.0,59.5,33.5,0.0,0.0,10.5,5.5,17.5,11.75,4.5,16.75,13.5,55.75,51.5,59.5,72.75,63.5,72.75,71.75,91.0,42.0,50.25,38.25,36.5,28.5,6.75,27.0,38.75,26.75,2.0,30.5,16.0,,,,,,
180,,,,,,,,,,,,,,,,,,,,,,,,,,7.0,5.0,5.0,14.0,9.5,6.75,19.5,10.25,5.0,13.25,11.25,2.25,7.0,4.25,4.25,10.5,6.5,6.0,18.25,82.0,50.75,35.75,0.0,0.0,13.75,10.75,15.75,21.0,10.25,20.5,16.0,34.5,46.0,61.25,67.0,45.5,61.25,79.25,85.75,50.75,75.75,39.5,44.5,23.25,10.75,17.75,62.25,12.75,15.75,19.75,29.0,,,,,,
181,,,,,,,,,,,,,,,,,,,,,,,,,,8.0,8.25,3.0,13.5,6.0,2.75,24.5,3.0,0.0,0.0,5.5,8.0,5.0,13.25,12.0,0.0,0.0,6.5,15.75,66.75,60.75,39.0,29.0,11.75,19.0,15.25,45.75,27.75,25.25,43.75,43.75,35.25,42.5,55.25,64.25,72.25,63.75,84.75,67.5,59.25,68.0,57.25,39.75,34.5,10.5,19.75,16.0,20.25,27.0,26.25,11.0,,,,,,
182,,,,,,,,,,,,,,,,,,,,,,,,,,5.0,2.5,2.5,12.75,2.5,7.75,29.25,20.0,5.5,19.0,3.0,0.0,14.0,5.25,0.0,14.25,5.0,10.0,29.75,90.75,46.5,23.5,8.5,0.0,8.5,19.0,17.5,30.25,19.25,15.25,23.0,52.5,69.75,70.0,76.25,72.0,63.5,55.75,92.5,41.0,56.5,45.5,47.0,17.75,10.0,28.5,56.75,26.0,21.5,16.0,26.25,,,,,,
183,,,,,,,,,,,,,,,,,,,,,,,,,,2.25,4.75,16.0,9.0,0.0,2.25,8.75,9.75,4.5,4.5,9.5,0.0,0.0,11.5,4.0,14.0,0.0,5.75,22.75,32.75,60.75,20.75,12.5,10.25,21.0,8.0,15.0,25.75,45.75,12.75,17.5,16.75,43.25,54.0,70.25,94.75,66.0,60.75,65.0,68.25,60.5,41.75,25.75,20.75,6.75,15.0,18.75,27.5,29.0,20.25,15.75,,,,,,
184,,,,,,,,,,,,,,,,,,,,,,,,,,,2.25,7.5,14.75,0.0,5.0,2.25,5.5,7.5,2.25,7.75,0.0,0.0,7.75,4.75,9.75,0.0,22.0,12.25,54.75,83.25,34.0,13.25,7.75,20.25,14.5,5.5,32.75,35.0,24.5,39.0,26.0,48.25,48.0,71.0,75.0,75.25,60.75,65.25,56.75,56.5,40.0,18.0,42.0,10.5,8.75,24.5,34.25,17.25,29.25,25.0,34.75,,,,,
185,,,,,,,,,,,,,,,,,,,,,,,,,,,2.5,7.5,14.75,0.0,5.0,2.25,5.5,7.5,2.25,7.75,0.0,0.0,7.75,4.75,9.75,0.0,22.0,12.5,54.5,83.25,33.75,13.25,8.0,20.25,14.5,5.5,33.0,35.25,24.5,38.75,26.0,48.25,48.25,71.25,75.5,75.75,61.0,66.0,56.75,56.5,39.75,18.0,42.25,10.5,8.75,24.5,34.0,17.25,29.5,25.0,34.75,,,,,
186,,,,,,,,,,,,,,,,,,,,,,,,,,,4.75,9.0,9.0,0.0,4.25,6.5,4.75,6.75,2.25,4.75,0.0,0.0,4.75,4.25,9.75,0.0,16.75,16.75,46.25,84.0,26.25,15.0,12.75,10.5,11.0,2.5,30.75,41.25,23.75,26.75,29.75,43.5,42.5,78.75,69.5,77.75,63.0,62.25,56.75,54.5,30.25,18.75,33.0,4.25,8.75,21.0,28.75,20.25,23.25,20.75,31.75,,,,,
187,,,,,,,,,,,,,,,,,,,,,,,,,,,,22.0,18.5,0.0,2.0,8.0,0.0,13.75,4.0,3.25,0.0,0.0,11.75,2.0,17.5,0.0,7.0,26.25,37.5,74.0,28.0,29.75,5.5,24.5,7.0,12.0,41.75,41.5,23.75,25.0,32.25,41.0,70.25,77.0,98.0,59.5,59.5,58.75,70.0,49.0,40.5,15.75,20.25,10.75,10.25,25.75,36.0,13.0,27.0,16.25,32.75,3.25,,,,
188,,,,,,,,,,,,,,,,,,,,,,,,,,,,6.75,8.0,0.0,2.0,7.5,7.75,15.75,2.75,10.5,0.0,0.0,7.5,0.0,16.0,0.0,6.0,18.75,38.25,72.25,19.75,26.75,19.0,18.25,5.75,13.5,24.5,44.25,14.25,31.25,39.0,44.25,61.25,73.25,79.75,63.5,60.75,75.25,77.5,47.5,33.25,21.25,27.0,11.75,6.5,23.5,29.75,28.75,18.75,19.25,22.25,10.25,,,,
189,,,,,,,,,,,,,,,,,,,,,,,,,,,,7.5,5.25,2.5,0.0,20.75,0.0,0.0,0.0,3.0,13.5,5.25,15.5,2.25,0.0,0.0,13.25,6.25,47.75,47.5,31.0,20.25,14.75,18.5,30.0,59.5,46.5,18.25,27.0,48.0,52.0,54.25,48.75,60.25,60.25,62.75,66.0,55.5,65.0,59.25,49.5,20.0,36.25,0.0,26.75,18.5,15.75,15.75,31.5,10.75,18.0,49.75,,,,
190,,,,,,,,,,,,,,,,,,,,,,,,,,,,,13.5,0.0,4.0,4.75,12.0,7.75,4.5,10.0,0.0,0.0,2.5,2.25,10.25,0.0,19.5,26.0,38.0,69.25,26.25,14.75,2.0,18.5,3.0,13.0,27.5,30.75,19.25,27.75,26.5,45.5,62.25,66.0,82.25,60.25,56.25,89.0,77.0,61.5,43.25,17.25,30.75,6.75,9.25,27.0,30.5,16.0,24.0,26.0,14.0,4.75,9.75,,,
191,,,,,,,,,,,,,,,,,,,,,,,,,,,,,9.75,2.5,2.5,9.75,19.0,5.25,16.75,16.75,2.75,18.0,2.5,4.25,8.25,2.5,3.75,22.25,80.25,53.25,22.0,5.5,0.0,11.75,15.5,19.25,26.5,13.0,16.75,22.75,59.0,48.75,76.25,59.5,68.75,64.5,80.0,75.5,42.75,67.75,30.5,36.25,31.25,12.25,21.0,34.0,30.25,5.0,26.25,13.5,2.5,8.0,7.25,,,
192,,,,,,,,,,,,,,,,,,,,,,,,,,,,,13.75,7.5,7.5,17.5,15.75,2.5,20.25,15.0,2.0,7.5,0.0,0.0,7.0,5.0,9.25,27.75,87.75,61.75,22.0,4.75,0.0,8.0,19.0,13.75,24.75,11.0,17.75,22.0,41.25,43.25,59.25,62.25,60.75,67.75,63.0,89.75,40.25,55.75,38.5,42.5,25.0,11.0,24.75,45.25,19.5,12.5,17.0,23.75,2.5,10.0,11.75,,,
193,,,,,,,,,,,,,,,,,,,,,,,,,,,,,6.25,0.0,4.5,6.25,2.0,13.25,4.25,9.25,0.0,0.0,10.75,4.0,2.0,0.0,11.25,24.25,26.0,71.5,20.0,15.0,9.75,12.5,18.0,19.75,18.5,37.0,18.5,22.25,45.5,32.5,56.25,66.25,80.75,72.25,45.5,63.75,70.25,38.5,41.0,19.0,30.75,8.5,4.25,17.75,36.25,41.25,15.5,20.0,24.0,2.5,2.25,,,
194,,,,,,,,,,,,,,,,,,,,,,,,,,,,,9.75,8.0,5.0,16.25,5.0,2.5,0.0,0.0,5.5,3.0,16.25,7.25,2.5,0.0,3.25,11.5,59.25,71.25,31.5,34.75,23.0,33.5,25.5,26.75,25.25,37.0,21.75,40.5,40.25,56.25,54.0,60.25,89.5,60.5,65.0,64.0,56.0,41.5,44.25,17.75,49.75,12.25,20.0,21.25,10.25,22.25,42.0,9.5,22.5,24.25,2.5,,,
195,,,,,,,,,,,,,,,,,,,,,,,,,,,,,,14.5,5.25,15.5,0.0,0.0,0.0,6.25,14.0,5.75,6.5,8.75,0.0,0.0,8.25,28.5,61.0,57.0,31.0,28.75,6.25,25.5,28.5,68.5,53.25,23.25,38.75,35.25,52.5,67.5,55.0,79.0,59.5,69.75,78.25,83.5,69.0,79.25,66.75,33.75,36.0,3.0,38.0,42.25,12.25,29.5,38.75,8.25,20.5,41.5,8.5,0.0,,
196,,,,,,,,,,,,,,,,,,,,,,,,,,,,,,0.0,5.25,10.25,9.0,13.5,10.75,7.75,0.0,0.0,2.5,5.25,13.75,0.0,23.25,18.5,50.75,97.5,35.5,15.75,6.0,28.0,13.5,14.0,27.75,53.5,32.0,30.5,25.25,39.0,77.75,73.75,86.75,59.75,53.5,70.75,65.5,35.0,59.5,32.25,27.0,17.0,13.5,32.5,21.75,31.0,37.75,12.5,14.5,5.0,5.0,8.0,,
197,,,,,,,,,,,,,,,,,,,,,,,,,,,,,,12.0,3.5,10.75,6.0,0.0,0.0,3.5,6.0,5.25,15.75,6.25,0.0,0.0,4.25,16.5,58.5,59.5,40.5,39.25,10.0,32.75,25.0,60.0,37.25,35.5,40.25,41.75,61.0,66.5,49.0,66.5,72.5,58.25,84.25,76.75,68.5,63.75,63.25,18.75,46.25,6.25,36.25,22.5,22.5,7.25,38.25,12.75,25.25,35.0,6.5,0.0,,
198,,,,,,,,,,,,,,,,,,,,,,,,,,,,,,5.5,2.75,8.0,17.25,5.5,22.75,8.5,2.75,7.5,5.75,4.75,11.75,5.0,2.75,50.0,78.75,76.25,22.75,9.5,0.0,6.0,19.5,14.5,30.25,8.75,8.0,26.5,54.75,57.5,54.25,45.5,58.25,80.0,69.5,82.5,55.25,58.25,41.25,47.75,22.75,19.75,20.5,55.75,31.25,21.0,21.75,13.5,5.5,14.5,16.0,11.5,,
199,,,,,,,,,,,,,,,,,,,,,,,,,,,,,,9.25,0.0,23.75,3.5,0.0,0.0,6.25,2.5,0.0,8.5,13.75,0.0,0.0,4.0,25.0,55.0,50.25,66.25,24.75,9.25,24.25,29.75,47.5,28.5,26.5,36.0,38.75,63.25,62.75,53.25,51.25,58.75,75.25,97.75,73.25,65.25,58.75,39.75,16.25,54.0,11.5,15.75,43.0,16.5,20.75,36.75,3.5,26.0,24.0,5.75,0.0,,
200,,,,,,,,,,,,,,,,,,,,,,,,,,,,,,0.0,4.75,9.75,10.75,14.75,2.75,5.25,0.0,0.0,5.0,2.25,12.75,0.0,9.0,29.25,61.75,87.0,33.5,24.75,11.0,13.75,14.5,7.75,33.5,28.5,27.25,21.75,35.75,42.0,48.75,59.5,76.75,52.5,53.25,85.0,53.75,55.25,41.5,21.0,25.5,14.25,9.25,32.5,18.25,21.75,20.25,9.5,19.0,10.5,5.25,15.0,,
201,,,,,,,,,,,,,,,,,,,,,,,,,,,,,,,4.5,9.0,9.25,12.75,2.5,7.0,0.0,0.0,10.0,0.0,10.0,0.0,19.0,31.25,30.75,82.0,24.0,13.5,15.75,22.5,11.75,12.5,17.75,46.0,26.0,23.25,37.0,39.5,71.0,72.75,78.75,64.0,62.75,53.5,81.5,51.25,31.5,19.75,37.0,8.0,16.0,50.5,29.0,8.75,23.25,27.75,35.0,6.25,0.0,20.5,3.25,
202,,,,,,,,,,,,,,,,,,,,,,,,,,,,,,,4.5,5.0,5.0,10.25,0.0,2.5,0.0,0.0,2.5,0.0,2.5,0.0,16.25,21.5,51.5,78.5,19.5,21.75,13.5,25.25,14.75,8.25,28.75,40.5,28.5,22.5,30.25,41.5,50.25,75.0,76.5,63.0,61.0,40.0,81.75,54.75,36.5,14.5,28.0,16.75,17.0,34.75,32.75,21.5,22.0,19.5,29.25,5.5,5.0,20.75,2.5,
203,,,,,,,,,,,,,,,,,,,,,,,,,,,,,,,5.5,20.0,8.0,15.75,5.5,2.75,0.0,0.0,3.0,7.75,15.75,0.0,16.25,18.75,40.75,64.0,28.0,12.0,13.75,27.5,9.5,8.25,30.75,48.5,24.0,25.25,33.75,52.0,62.75,81.5,78.5,74.25,75.75,82.25,86.25,75.25,58.25,12.75,40.25,19.5,20.5,23.75,27.5,28.25,18.25,20.0,28.25,13.75,7.75,25.25,6.0,
204,,,,,,,,,,,,,,,,,,,,,,,,,,,,,,,2.75,22.5,0.0,0.0,0.0,2.25,15.0,10.0,9.5,9.0,0.0,0.0,3.5,11.5,61.75,61.5,43.5,22.25,15.75,26.25,26.5,51.25,35.5,22.75,32.0,34.75,39.5,43.75,52.5,54.0,79.75,77.75,64.25,85.75,49.5,52.75,71.25,19.0,30.25,4.5,24.75,32.75,15.25,15.75,40.0,9.75,14.5,27.0,5.0,0.0,2.5,
205,,,,,,,,,,,,,,,,,,,,,,,,,,,,,,,3.5,21.75,14.25,4.5,19.5,5.0,2.5,0.0,0.0,0.0,15.25,1.75,5.75,28.75,61.0,67.25,27.75,3.75,0.0,10.25,4.75,18.0,16.5,6.75,14.5,14.25,46.25,39.25,45.0,54.5,45.25,79.75,42.75,85.25,43.0,44.0,25.25,36.0,9.25,16.5,14.75,39.0,16.5,6.0,17.75,10.75,6.25,12.75,6.75,2.5,12.5,
206,,,,,,,,,,,,,,,,,,,,,,,,,,,,,,,,10.75,5.5,0.0,0.0,5.0,8.25,2.25,4.75,14.5,0.0,0.0,3.0,13.0,38.5,48.5,32.0,24.5,26.5,13.0,23.0,33.75,33.75,20.75,20.75,49.25,49.0,44.25,60.75,75.25,73.25,77.25,83.25,70.5,59.5,62.0,51.5,33.0,43.5,2.75,25.25,39.75,16.75,18.75,30.0,14.25,18.25,18.5,8.25,0.0,3.25,0.0
207,,,,,,,,,,,,,,,,,,,,,,,,,,,,,,,,20.0,6.5,0.0,0.0,3.5,8.0,2.25,10.75,11.75,0.0,0.0,3.75,11.5,70.5,50.25,50.75,31.0,9.0,27.25,37.25,56.75,33.0,41.75,32.5,38.25,64.0,56.0,62.75,73.75,69.5,57.25,92.0,61.75,76.75,53.0,78.0,15.0,49.0,8.25,34.0,23.5,17.5,5.75,39.75,18.0,14.75,21.5,19.5,0.0,3.25,0.0
